Safety_Score,Days_Since_Inspection,Total_Safety_Complaints,Control_Metric,Turbulence_In_gforces,Cabin_Temperature,Accident_Type_Code,Max_Elevation,Violations,Adverse_Weather_Metric,Accident_ID,Severity
65.84474886,9,3,82.1786691,0.20143599,86.97,2,42820.72134,3,0.57847604,11774,Minor_Damage_And_Injuries
54.10958904,12,10,75.25068368,0.288345474,75.05,5,43907.20025,1,0.030613307,4397,Minor_Damage_And_Injuries
48.31050228,10,7,85.87055606,0.181241255,83.55,4,32213.696,2,0.058362398,12093,Significant_Damage_And_Serious_Injuries
54.10958904,12,4,49.31631723,0.397252795,86.42,3,10864.37815,0,0.056196013,8809,Minor_Damage_And_Injuries
48.17351598,11,0,72.4247949,0.467213127,80.23,3,46973.56635,0,0.237190415,10113,Significant_Damage_And_Serious_Injuries
38.35616438,13,0,92.11485871,0.179438154,78.54,5,37623.17303,3,0.024503095,12139,Significant_Damage_And_Serious_Injuries
36.11872146,11,4,48.26800365,0.402662099,80.44,4,42374.47086,3,0.077289348,2865,Significant_Damage_And_Fatalities
72.55707763,7,44,67.04649043,0.557368193,78.46,4,38971.58497,3,0.07180187,8887,Minor_Damage_And_Injuries
54.15525114,12,6,51.00273473,0.669881717,79.43,1,41729.04072,0,1.534797942,4687,Highly_Fatal_And_Damaging
37.39726027,10,2,66.54512306,0.405907681,79.61,4,41031.63541,1,0.07489833,1293,Highly_Fatal_And_Damaging
44.20091324,19,19,76.02552416,0.245792283,83.22,4,23048.79008,0,0.042334375,2786,Significant_Damage_And_Fatalities
33.97260274,11,2,67.36554239,0.397252795,79.61,4,29660.01499,3,0.054902256,8871,Highly_Fatal_And_Damaging
47.89954338,7,6,76.75478578,0.247595384,77.27,3,42688.63692,3,0.211400804,10712,Highly_Fatal_And_Damaging
51.14155251,10,11,77.52962625,0.263823296,80.65,3,19340.25511,1,0.095058859,11058,Significant_Damage_And_Serious_Injuries
31.50684932,16,5,57.52051048,0.428626758,77.67,4,27569.72084,2,0.050920561,10142,Significant_Damage_And_Serious_Injuries
57.48858447,14,1,85.77939836,0.274641904,80.65,7,41502.66682,4,0.003777834,3232,Significant_Damage_And_Fatalities
30.91324201,16,7,53.55515041,0.234252434,76.95,6,21369.81308,3,0.005441969,10394,Minor_Damage_And_Injuries
37.71689498,14,4,79.39835916,0.320440678,75.2,3,32624.49113,3,0.162552102,7743,Significant_Damage_And_Serious_Injuries
21.27853881,15,1,69.55332726,0.290869816,81.87,4,14993.60755,4,0.027929616,8232,Highly_Fatal_And_Damaging
68.03652968,12,1,77.301732,0.321161918,77.86,7,24305.3909,1,0.002281694,3550,Significant_Damage_And_Fatalities
38.31050228,13,2,65.99817685,0.403383339,75.68,3,21411.02091,4,0.105814391,4239,Significant_Damage_And_Serious_Injuries
36.75799087,14,1,79.80856882,0.275723765,81.03,3,33701.37394,1,0.168760794,2794,Significant_Damage_And_Serious_Injuries
33.19634703,12,5,65.58796718,0.412038226,82.02,4,29660.01499,3,0.055051131,144,Highly_Fatal_And_Damaging
46.02739726,15,3,78.07657247,0.258774612,80.33,4,37085.87476,4,0.067558512,3556,Minor_Damage_And_Injuries
56.11872146,11,3,57.47493163,0.381746123,75.8,6,44888.17302,3,0.010586467,8164,Minor_Damage_And_Injuries
72.00913242,10,1,89.97265269,0.231367472,79.71,7,35847.89587,4,0.00309592,11651,Significant_Damage_And_Fatalities
16.43835616,17,0,45.80674567,0.631295348,78.47,1,19507.22393,2,0.721848476,4151,Significant_Damage_And_Fatalities
68.63013699,8,21,61.62260711,0.63418031,77.98,5,34887.21721,4,0.023244491,9967,Minor_Damage_And_Injuries
40.86757991,13,2,62.9443938,0.358305806,79.48,3,32908.29368,3,0.163904081,5256,Significant_Damage_And_Serious_Injuries
50.1369863,13,5,70.28258888,0.493899026,77.25,6,19754.58124,3,0.004632261,811,Minor_Damage_And_Injuries
46.16438356,15,21,75.61531449,0.333062387,79.99,2,29261.07807,1,0.395929145,8863,Minor_Damage_And_Injuries
24.70319635,18,3,56.83682771,0.231728092,80.78,1,24858.07291,1,0.928940178,10039,Minor_Damage_And_Injuries
56.48401826,15,0,73.01731996,0.320801298,80.89,7,44362.5365,2,0.003923102,9391,Significant_Damage_And_Fatalities
51.23287671,13,13,58.97903373,0.438724125,82.82,2,31967.82462,2,0.432651297,6646,Minor_Damage_And_Injuries
18.35616438,19,18,72.4247949,0.388958529,77.74,1,23004.89125,3,0.845845626,10964,Significant_Damage_And_Serious_Injuries
38.35616438,13,0,71.28532361,0.273199423,81.53,3,32039.88511,2,0.159335324,1987,Significant_Damage_And_Serious_Injuries
68.26484018,8,2,67.04649043,0.302770285,81.49,2,23998.30486,1,0.32809531,9874,Minor_Damage_And_Injuries
44.33789954,15,3,68.77848678,0.32332564,78.82,7,35698.39319,4,0.003153441,9607,Minor_Damage_And_Injuries
56.75799087,8,2,74.43026436,0.274281284,79.07,6,37541.67637,0,0.009503763,10223,Significant_Damage_And_Serious_Injuries
49.45205479,14,1,69.69006381,0.43079048,79.09,1,25291.40489,1,0.93041879,4828,Minor_Damage_And_Injuries
57.07762557,15,9,53.372835,0.421774973,83.26,7,37900.10716,2,0.003617362,3709,Significant_Damage_And_Serious_Injuries
17.30593607,16,1,51.91431176,0.422496213,79.89,4,24939.23948,2,0.046045891,9234,Significant_Damage_And_Fatalities
37.48858447,10,2,57.83956244,0.385352326,80.48,5,35320.94545,2,0.022836769,1883,Highly_Fatal_And_Damaging
43.65296804,12,7,47.26526892,0.444133429,80.44,3,41951.32428,3,0.209065215,3205,Minor_Damage_And_Injuries
41.00456621,13,6,59.43482224,0.47190119,84.52,1,42866.57918,2,1.556913308,4095,Significant_Damage_And_Serious_Injuries
41.32420091,16,7,65.58796718,0.261659574,81.34,2,31076.14321,1,0.42055479,9386,Minor_Damage_And_Injuries
52.92237443,9,5,88.46855059,0.247234764,78.08,3,24609.03355,0,0.122498421,10027,Significant_Damage_And_Serious_Injuries
30.73059361,16,3,70.46490428,0.251922827,82.43,6,36166.00391,3,0.008265888,5272,Significant_Damage_And_Serious_Injuries
20.59360731,19,1,50.18231541,0.564219978,77.56,2,32847.03796,1,0.442314977,6952,Minor_Damage_And_Injuries
51.96347032,13,7,79.30720146,0.283657411,77.13,5,45557.77014,2,0.030245811,6159,Minor_Damage_And_Injuries
72.87671233,10,1,53.64630811,0.284739272,79.19,7,37796.21669,2,0.003625472,11026,Significant_Damage_And_Fatalities
20.4109589,19,2,56.15314494,0.555204472,81.82,1,42573.93535,2,1.565910137,9955,Minor_Damage_And_Injuries
53.92694064,12,11,69.64448496,0.474425532,85.08,2,41597.93043,2,0.558462255,3622,Minor_Damage_And_Injuries
28.94977169,13,8,52.78030994,0.444133429,87,1,47285.27841,3,1.735758747,1638,Highly_Fatal_And_Damaging
50.2283105,13,12,69.64448496,0.475146772,76.71,2,35694.29016,0,0.482865676,11815,Minor_Damage_And_Injuries
57.67123288,11,11,77.07383774,0.245792283,76.56,2,36485.43005,2,0.49421571,2486,Minor_Damage_And_Injuries
24.79452055,14,7,41.52233364,0.757151821,78.88,3,44048.36539,1,0.220452927,11999,Significant_Damage_And_Fatalities
47.53424658,11,10,79.89972653,0.29555788,78.38,3,36295.10335,2,0.181056415,9775,Significant_Damage_And_Serious_Injuries
48.35616438,11,4,84.54876937,0.259856473,84.75,4,31976.35149,2,0.059016717,7239,Significant_Damage_And_Serious_Injuries
33.78995434,18,16,41.43117593,0.537894699,78.57,3,36653.79366,2,0.183405433,4113,Highly_Fatal_And_Damaging
46.62100457,19,19,80.40109389,0.247234764,83.22,6,5513.586528,5,0.002792542,7400,Significant_Damage_And_Fatalities
70.54794521,7,30,70.51048314,0.173307609,79.79,6,27171.77467,3,0.006687082,7123,Minor_Damage_And_Injuries
45.47945205,11,2,55.92525068,0.550877028,81.72,4,32656.99709,3,0.059612983,11266,Minor_Damage_And_Injuries
48.49315068,14,1,80.53783045,0.218385142,76.77,2,37038.54145,2,0.503141111,7813,Minor_Damage_And_Injuries
13.37899543,18,13,53.87420237,0.473704291,76.8,5,34198.75696,2,0.023047234,9842,Significant_Damage_And_Fatalities
36.94063927,17,1,70.23701003,0.357223945,80.96,4,26274.69289,4,0.048118611,1652,Minor_Damage_And_Injuries
34.42922374,15,7,47.76663628,0.510848179,77.68,1,22320.69998,2,0.826575576,2240,Significant_Damage_And_Serious_Injuries
33.92694064,11,4,73.60984503,0.405907681,81.76,4,35227.83799,1,0.064025012,6458,Highly_Fatal_And_Damaging
58.12785388,15,5,61.85050137,0.656538767,77.39,7,21876.09992,5,0.001666257,12097,Significant_Damage_And_Fatalities
48.17351598,11,7,56.79124886,0.405907681,76.09,5,17731.55428,1,0.010769708,6246,Minor_Damage_And_Injuries
43.01369863,12,3,67.04649043,0.391482871,80.4,3,38140.79811,3,0.190593432,1913,Significant_Damage_And_Serious_Injuries
59.5890411,7,28,53.87420237,0.456033898,82.82,5,28540.55316,2,0.018563442,11376,Minor_Damage_And_Injuries
23.78995434,14,25,73.74658159,0.369485034,78.29,4,46688.72896,4,0.08458346,5838,Highly_Fatal_And_Damaging
14.47488584,17,3,38.14949863,0.705583123,77.5,4,36350.87515,2,0.066108117,9451,Significant_Damage_And_Fatalities
45.47945205,15,5,67.13764813,0.313228273,82.34,4,19233.65004,1,0.036397697,3334,Minor_Damage_And_Injuries
59.5890411,7,20,39.74475843,0.584054093,78.4,5,15196.44352,3,0.010951118,9670,Minor_Damage_And_Injuries
68.26484018,8,11,49.40747493,0.522748648,81.72,2,40580.55024,2,0.551419592,3992,Highly_Fatal_And_Damaging
51.82648402,13,12,67.27438469,0.261298954,78.02,1,34480.6632,1,1.262768809,594,Minor_Damage_And_Injuries
33.10502283,15,2,51.64083865,0.288345474,81.68,1,26412.32563,2,0.978578768,10061,Minor_Damage_And_Injuries
22.32876712,15,1,70.78395624,0.267790119,75.01,4,41259.82281,1,0.075128464,9713,Highly_Fatal_And_Damaging
25.98173516,14,7,83.54603464,0.198911648,78.58,3,22102.03854,3,0.109750716,6752,Highly_Fatal_And_Damaging
69.7716895,8,6,82.13309025,0.18845366,76.12,2,23278.62889,1,0.311631545,8739,Minor_Damage_And_Injuries
42.46575342,19,9,80.40109389,0.243628561,76.69,2,31177.11801,2,0.421199209,8436,Significant_Damage_And_Fatalities
2.648401826,20,0,65.31449407,0.272838803,83.73,1,38399.4551,2,1.413996264,9933,Highly_Fatal_And_Damaging
22.28310502,18,10,61.2579763,0.570350523,80.53,6,29365.0115,1,0.007366924,4497,Significant_Damage_And_Serious_Injuries
48.72146119,10,2,67.31996354,0.372369996,77.11,3,34501.86148,1,0.170698496,8631,Significant_Damage_And_Serious_Injuries
41.82648402,16,5,76.48131267,0.335226109,80.79,2,25688.5205,3,0.347298541,7198,Minor_Damage_And_Injuries
59.40639269,7,6,92.38833181,0.185208078,79.79,2,42650.42686,3,0.576823928,12468,Highly_Fatal_And_Damaging
61.41552511,10,9,85.59708295,0.306737108,81.53,2,26993.95763,4,0.36446301,6590,Minor_Damage_And_Injuries
43.05936073,8,1,82.3609845,0.185568698,81.23,3,50545.07023,3,0.25150993,2330,Highly_Fatal_And_Damaging
48.35616438,10,13,38.78760255,0.740563289,79.13,5,23022.09026,1,0.015150019,2079,Minor_Damage_And_Injuries
76.62100457,6,21,69.4165907,0.375976199,77.5,2,45645.51501,1,0.619185763,12062,Minor_Damage_And_Injuries
42.10045662,12,2,74.52142206,0.402301479,77.59,7,41724.56872,0,0.003790467,4879,Significant_Damage_And_Serious_Injuries
25.25114155,17,13,47.90337284,0.429347999,78.49,1,23858.61092,1,0.87447727,5032,Minor_Damage_And_Injuries
45.02283105,15,3,57.70282589,0.416005049,79.22,2,37925.70021,0,0.510633766,787,Minor_Damage_And_Injuries
19.9086758,15,0,66.81859617,0.537173458,79.58,7,24122.82342,3,0.002227142,486,Highly_Fatal_And_Damaging
34.47488584,15,2,68.77848678,0.276084385,75.01,3,38277.02016,1,0.19093699,3159,Significant_Damage_And_Serious_Injuries
51.05022831,7,0,72.15132179,0.32368626,82.11,7,13224.33552,3,0.001244245,6375,Highly_Fatal_And_Damaging
16.80365297,16,9,67.7301732,0.449903354,77.42,4,38050.78696,1,0.069330075,4259,Highly_Fatal_And_Damaging
20.50228311,19,14,60.02734731,0.308540209,76.77,3,26116.13401,2,0.129039751,6717,Significant_Damage_And_Serious_Injuries
27.30593607,13,1,72.01458523,0.321161918,78.49,4,44362.5365,1,0.082379373,9771,Highly_Fatal_And_Damaging
39.6347032,17,6,55.05925251,0.317555716,77.44,3,35098.27802,3,0.174317185,521,Highly_Fatal_And_Damaging
74.65753425,5,8,64.76754786,0.279690588,79.84,6,36722.33357,2,0.008917267,7358,Minor_Damage_And_Injuries
59.7716895,10,5,76.29899727,0.321522539,77.18,2,26328.77174,3,0.356822655,6065,Minor_Damage_And_Injuries
20.82191781,15,2,39.79033728,0.577923549,77.74,1,32718.36774,1,1.203641484,2683,Significant_Damage_And_Fatalities
56.94063927,11,39,64.58523245,0.414923188,84.54,2,44574.06272,1,0.606591695,3253,Minor_Damage_And_Injuries
45.79908676,11,2,81.90519599,0.338111071,82.64,4,32185.69842,2,0.059016717,3099,Significant_Damage_And_Serious_Injuries
12.64840183,21,4,67.00091158,0.504717634,79.69,4,39215.05929,2,0.071475002,8225,Significant_Damage_And_Serious_Injuries
58.44748858,11,5,84.00182315,0.488850343,75.58,3,36323.60297,1,0.181249987,11107,Minor_Damage_And_Injuries
62.37442922,13,7,65.81586144,0.421053732,80.83,1,25230.00772,4,0.929809566,11323,Significant_Damage_And_Fatalities
54.38356164,9,1,51.5952598,0.564580599,78.76,3,33372.81979,2,0.164857539,11570,Minor_Damage_And_Injuries
24.79452055,14,1,54.64904284,0.503275153,77.17,2,38033.85421,1,0.515851432,1362,Highly_Fatal_And_Damaging
47.89954338,7,8,86.00729262,0.245431662,77.27,1,13214.85189,3,0.506265396,9397,Highly_Fatal_And_Damaging
36.16438356,14,1,79.21604376,0.275723765,80.34,3,33067.62441,3,0.166293914,4386,Significant_Damage_And_Serious_Injuries
36.43835616,11,1,50.68368277,0.522388027,79.89,4,39289.2011,3,0.071570765,8141,Significant_Damage_And_Fatalities
1.689497717,21,4,54.46672744,0.280772449,81.15,1,28475.16001,3,1.050286812,7368,Significant_Damage_And_Fatalities
47.12328767,11,0,57.15587967,0.421053732,81.06,3,33806.89327,1,0.167794868,1646,Minor_Damage_And_Injuries
25.38812785,18,0,73.10847767,0.223433826,80.78,4,22172.72266,3,0.040335528,7844,Significant_Damage_And_Serious_Injuries
21.18721461,15,0,70.46490428,0.290869816,75.84,7,37868.60456,2,0.003562666,6520,Highly_Fatal_And_Damaging
54.88584475,12,4,58.29535096,0.399777137,82.01,5,44888.17302,0,0.028962252,5276,Minor_Damage_And_Injuries
55.15981735,12,8,53.50957156,0.503635774,77.93,5,35387.67007,1,0.023390942,1703,Highly_Fatal_And_Damaging
38.67579909,14,11,63.35460346,0.360469528,76.4,3,40698.99932,2,0.200329336,7612,Significant_Damage_And_Serious_Injuries
44.88584475,15,3,60.71103008,0.318276956,78.77,3,31716.22732,4,0.155473833,1729,Minor_Damage_And_Injuries
22.64840183,15,8,72.88058341,0.351814641,79.52,6,37949.72439,3,0.009532773,3843,Highly_Fatal_And_Damaging
24.93150685,14,11,47.53874202,0.51193004,76.87,5,20597.38906,3,0.01374728,6972,Significant_Damage_And_Fatalities
62.51141553,6,5,56.06198724,0.456394519,84.41,3,33773.40314,1,0.168147873,10294,Significant_Damage_And_Serious_Injuries
19.40639269,19,0,58.75113947,0.609658132,80.19,3,25762.31819,2,0.12826303,10569,Significant_Damage_And_Serious_Injuries
39.45205479,13,0,56.15314494,0.345323476,76.94,6,42176.92229,2,0.009371013,12043,Minor_Damage_And_Injuries
37.71689498,14,5,57.61166819,0.234973675,76.49,3,46674.08695,2,0.231710371,2999,Significant_Damage_And_Serious_Injuries
56.62100457,11,44,57.56608933,0.784558961,77.44,5,38971.58497,3,0.026413212,988,Highly_Fatal_And_Damaging
24.38356164,14,0,63.71923428,0.401940858,80.42,4,21762.5038,2,0.039455404,3432,Highly_Fatal_And_Damaging
41.73515982,13,2,74.52142206,0.205402813,81.58,5,19984.54461,2,0.012833612,7165,Significant_Damage_And_Serious_Injuries
36.43835616,17,3,63.90154968,0.551958889,81.8,2,36109.01287,1,0.494990147,11697,Minor_Damage_And_Injuries
20.86757991,19,3,79.67183227,0.35037216,76.75,3,25735.80475,2,0.128131027,8695,Significant_Damage_And_Serious_Injuries
48.67579909,10,7,61.21239745,0.448100252,81.45,7,42642.809,3,0.004004563,2986,Significant_Damage_And_Serious_Injuries
43.19634703,9,4,66.1349134,0.298803462,84.11,4,37123.46712,4,0.06888479,1233,Highly_Fatal_And_Damaging
32.92237443,15,20,73.19963537,0.317916336,77.8,3,44362.5365,1,0.220452927,11222,Significant_Damage_And_Serious_Injuries
18.76712329,16,2,70.19143118,0.279690588,78.11,4,32890.07892,3,0.060177744,7377,Highly_Fatal_And_Damaging
59.543379,14,18,70.55606199,0.205042193,80.44,4,23734.75131,1,0.04408286,1999,Significant_Damage_And_Fatalities
24.15525114,14,3,55.51504102,0.334865489,81.06,2,27702.66631,3,0.375099956,7652,Significant_Damage_And_Fatalities
45.02283105,8,16,51.41294439,0.5396978,78.5,1,22550.62332,3,0.82959107,991,Significant_Damage_And_Fatalities
41.09589041,13,21,53.46399271,0.477671114,80.23,2,44340.44154,3,0.600585392,2288,Minor_Damage_And_Injuries
50.59360731,13,15,77.16499544,0.240743599,80.77,2,23442.86211,1,0.316500709,9262,Minor_Damage_And_Injuries
39.8173516,13,30,69.4165907,0.249759106,78.2,6,34207.94438,1,0.008470584,5632,Significant_Damage_And_Serious_Injuries
19.17808219,16,3,66.31722881,0.478031735,82.71,7,13790.87447,4,0.001459797,9082,Highly_Fatal_And_Damaging
34.06392694,15,18,61.1668186,0.441969708,79.79,7,31317.09211,1,0.002563311,4269,Significant_Damage_And_Serious_Injuries
53.56164384,16,0,43.66453965,0.400858997,79.49,6,40296.81608,2,0.009692589,3847,Significant_Damage_And_Serious_Injuries
45.89041096,11,4,74.88605287,0.241104219,81.1,6,33067.62441,0,0.008145496,6858,Significant_Damage_And_Serious_Injuries
43.33333333,12,3,66.86417502,0.272117562,79.46,3,26705.92691,3,0.134002354,5355,Significant_Damage_And_Serious_Injuries
44.06392694,8,3,87.0556062,0.264183916,79.51,3,48905.45794,1,0.243023149,8038,Highly_Fatal_And_Damaging
58.49315068,11,2,73.33637192,0.333423008,79.63,2,30068.57873,1,0.405852963,6335,Minor_Damage_And_Injuries
22.92237443,18,22,86.91886964,0.270314461,79.98,5,24101.14266,1,0.016170696,4765,Significant_Damage_And_Serious_Injuries
39.26940639,10,0,69.55332726,0.227400649,79.86,4,23275.65222,1,0.042203741,10119,Highly_Fatal_And_Damaging
6.575342466,19,7,80.44667274,0.378500541,80.15,1,33143.98531,2,1.217896254,3582,Highly_Fatal_And_Damaging
42.83105023,12,3,54.64904284,0.456033898,85.26,2,31122.64585,1,0.421126243,1425,Minor_Damage_And_Injuries
44.42922374,12,14,55.60619872,0.440887847,76.53,6,32879.76364,1,0.008016858,4549,Minor_Damage_And_Injuries
76.39269406,9,1,49.22515953,0.541140281,88.39,7,38476.56596,4,0.003706522,7863,Significant_Damage_And_Serious_Injuries
31.18721461,12,0,80.44667274,0.196387306,78.18,1,33385.14826,3,1.236389684,12255,Highly_Fatal_And_Damaging
66.98630137,12,5,68.36827712,0.397974035,78.74,7,28891.49802,2,0.002776185,3844,Significant_Damage_And_Fatalities
36.62100457,14,2,41.61349134,0.558089434,77.74,3,43627.79498,3,0.217592819,3834,Minor_Damage_And_Injuries
41.87214612,12,4,66.45396536,0.333423008,81.46,1,40566.10309,2,1.503987543,295,Significant_Damage_And_Serious_Injuries
43.33333333,15,10,65.95259799,0.300967184,78.05,2,43264.26465,4,0.586145252,10965,Minor_Damage_And_Injuries
29.5890411,13,15,54.92251595,0.45819762,87,4,36093.8087,2,0.065992443,1192,Significant_Damage_And_Fatalities
59.45205479,14,8,38.96991796,0.654375045,76.19,6,29759.58167,2,0.007545438,1316,Significant_Damage_And_Serious_Injuries
82.28310502,8,20,53.96536007,0.341717274,83.72,7,24641.46415,3,0.002437274,5532,Significant_Damage_And_Serious_Injuries
34.29223744,15,19,62.71649954,0.362993869,79.86,3,35460.26528,1,0.175624748,11574,Significant_Damage_And_Serious_Injuries
39.6803653,13,2,89.24339107,0.207566534,80.85,3,39455.08099,3,0.197648961,260,Significant_Damage_And_Serious_Injuries
69.9086758,8,2,48.90610757,0.524191129,83.27,4,31318.3161,1,0.057555783,5056,Significant_Damage_And_Serious_Injuries
64.20091324,13,1,60.39197812,0.262380815,81.37,2,42674.19294,2,0.577773876,6994,Significant_Damage_And_Fatalities
39.45205479,10,6,77.75752051,0.329456185,77.83,4,35704.47714,2,0.064947741,2092,Highly_Fatal_And_Damaging
45.89041096,19,7,62.62534184,0.257332131,79.81,2,34076.45361,1,0.462514456,8659,Significant_Damage_And_Fatalities
73.15068493,10,22,69.55332726,0.41780815,85.97,7,30951.06339,3,0.002782891,10118,Significant_Damage_And_Fatalities
1.415525114,21,3,61.85050137,0.307097728,82.6,4,47893.71797,1,0.088442818,4258,Highly_Fatal_And_Damaging
49.17808219,14,15,59.98176846,0.341356653,82.66,2,28208.25937,2,0.381454818,9497,Minor_Damage_And_Injuries
56.21004566,8,0,78.07657247,0.354699603,81.13,6,26501.85903,0,0.006512845,5651,Significant_Damage_And_Serious_Injuries
16.48401826,16,15,50.13673655,0.505799495,77.56,1,29601.07806,2,1.075385434,7033,Significant_Damage_And_Fatalities
58.03652968,15,2,80.85688241,0.341356653,76.89,7,41917.32217,2,0.003873997,1038,Significant_Damage_And_Fatalities
75.29680365,6,7,65.13217867,0.52599423,77.77,6,47882.56666,2,0.011345195,9882,Minor_Damage_And_Injuries
1.141552511,20,0,54.46672744,0.369485034,78.92,4,36844.86827,2,0.067297134,10672,Significant_Damage_And_Fatalities
21.91780822,18,13,68.04922516,0.345684097,79.53,6,38634.49184,2,0.009410406,8556,Significant_Damage_And_Serious_Injuries
70.3196347,11,1,66.68185962,0.192781103,82.43,4,38719.68751,3,0.070990535,7214,Significant_Damage_And_Fatalities
41.73515982,16,9,76.25341841,0.387876668,81.86,7,19804.49457,1,0.001585053,9059,Minor_Damage_And_Injuries
32.14611872,12,8,68.59617138,0.245431662,81.83,4,35237.77755,2,0.064536414,4854,Highly_Fatal_And_Damaging
45.29680365,15,1,60.34639927,0.355060224,80.54,2,26035.33714,3,0.352349973,9487,Minor_Damage_And_Injuries
58.31050228,11,8,45.25979945,0.714238009,76.37,2,36575.09962,0,0.492287323,4990,Highly_Fatal_And_Damaging
46.16438356,11,4,64.40291705,0.303130905,81.69,6,27372.91297,0,0.006658766,7240,Significant_Damage_And_Serious_Injuries
38.44748858,10,8,79.12488605,0.301327804,81.01,7,46445.7091,3,0.004131035,96,Highly_Fatal_And_Damaging
25.57077626,14,10,70.73837739,0.302409665,79.17,4,28549.75555,2,0.051585265,5463,Highly_Fatal_And_Damaging
39.6347032,17,8,75.25068368,0.251922827,76.69,5,32791.84219,3,0.021647601,4882,Minor_Damage_And_Injuries
46.84931507,14,2,69.18869644,0.330898666,82.1,5,38711.39357,1,0.025972153,5346,Minor_Damage_And_Injuries
69.7260274,8,15,65.26891522,0.40410458,83.11,2,36844.46116,3,0.499845233,10847,Minor_Damage_And_Injuries
41.68949772,19,4,55.97082954,0.30998269,76.12,3,30380.73455,2,0.151734513,9023,Significant_Damage_And_Serious_Injuries
80.95890411,8,35,53.96536007,0.341717274,83.08,7,37378.44026,3,0.003606835,11007,Significant_Damage_And_Serious_Injuries
63.97260274,9,9,76.98268004,0.299885323,80.12,2,33959.19162,3,0.45982132,5504,Minor_Damage_And_Injuries
35.25114155,18,1,60.16408387,0.434396682,82.31,3,3855.743817,2,0.048589004,1876,Minor_Damage_And_Injuries
13.78995434,17,4,62.53418414,0.237137396,76.45,4,45972.13598,1,0.085368589,6199,Highly_Fatal_And_Damaging
43.92694064,15,3,76.89152233,0.426823657,87.11,2,23513.76332,3,0.317264638,8298,Minor_Damage_And_Injuries
21.32420091,18,3,50.18231541,0.564219978,78.9,3,42526.73924,1,0.212243576,2849,Minor_Damage_And_Injuries
53.47031963,16,0,80.12762078,0.269953841,78.23,7,37908.77657,2,0.003539786,6627,Significant_Damage_And_Fatalities
40.73059361,9,13,49.86326345,0.347487198,75.94,1,23171.54509,3,0.848784775,3957,Significant_Damage_And_Fatalities
22.73972603,15,8,55.69735643,0.260938334,83.85,4,20973.12273,2,0.038989965,6964,Significant_Damage_And_Fatalities
57.67123288,11,0,83.91066545,0.224876307,76.18,3,27803.31303,1,0.138524831,6965,Minor_Damage_And_Injuries
55.89041096,15,21,49.63536919,0.696567616,76.02,7,47156.93843,4,0.003887206,3036,Significant_Damage_And_Serious_Injuries
72.46575342,10,3,37.28350046,0.577923549,78.08,7,26531.17709,2,0.002374989,10375,Significant_Damage_And_Serious_Injuries
52.96803653,9,11,78.9881495,0.333062387,85.92,6,15414.09902,3,0.003353359,7768,Significant_Damage_And_Serious_Injuries
44.33789954,15,11,69.46216955,0.439445366,78.96,2,32597.01971,2,0.440362865,2270,Minor_Damage_And_Injuries
32.05479452,15,6,62.07839562,0.287263613,78.31,6,43459.93175,2,0.010812271,8398,Significant_Damage_And_Serious_Injuries
30,19,2,56.83682771,0.551958889,82.38,3,24371.51422,1,0.122543644,9444,Highly_Fatal_And_Damaging
75.20547945,9,1,81.81403829,0.226679409,81.1,7,36962.13154,4,0.003553235,7312,Significant_Damage_And_Fatalities
36.43835616,14,26,65.40565178,0.293394158,81.8,7,33401.02555,2,0.002980999,710,Significant_Damage_And_Serious_Injuries
41.96347032,12,2,56.88240656,0.473704291,79.79,6,32656.99709,0,0.008016858,5575,Minor_Damage_And_Injuries
16.48401826,16,0,51.91431176,0.421774973,79.65,7,34458.29672,2,0.003214794,5824,Significant_Damage_And_Fatalities
15.02283105,21,3,63.76481313,0.408071403,80.6,5,39215.05929,3,0.026259912,10340,Significant_Damage_And_Serious_Injuries
52.46575342,13,4,46.26253418,0.438724125,80.5,3,22169.2086,2,0.11037399,10787,Highly_Fatal_And_Damaging
45.75342466,11,2,75.25068368,0.222351965,78.93,3,36748.27037,4,0.183405433,1352,Significant_Damage_And_Serious_Injuries
27.57990868,13,30,75.25068368,0.532124775,81.3,1,31619.82942,1,1.161445046,10767,Highly_Fatal_And_Damaging
25.66210046,14,10,83.36371923,0.25552903,83.32,3,30445.29914,3,0.150707712,179,Highly_Fatal_And_Damaging
42.28310502,9,7,88.05834093,0.251201587,82.8,2,30619.78737,1,0.413798628,9068,Highly_Fatal_And_Damaging
35.25114155,11,6,45.80674567,0.456755139,80.44,1,34595.36334,2,1.276659279,3874,Significant_Damage_And_Fatalities
41.64383562,19,5,80.40109389,0.22920375,76.94,7,37908.77657,2,0.003662182,11828,Significant_Damage_And_Fatalities
32.42009132,12,5,68.32269827,0.191699243,80.99,6,25205.44116,2,0.00640985,6407,Highly_Fatal_And_Damaging
18.53881279,16,6,77.301732,0.243989181,80.92,4,25245.63477,3,0.045245346,6605,Highly_Fatal_And_Damaging