Safety_Score,Days_Since_Inspection,Total_Safety_Complaints,Control_Metric,Turbulence_In_gforces,Cabin_Temperature,Accident_Type_Code,Max_Elevation,Violations,Adverse_Weather_Metric,Accident_ID,Severity
62.05479452,13,20,60.84776664,0.362272629,88.27,7,26017.68469,3,0.002307668,3130,Significant_Damage_And_Fatalities
58.03652968,11,2,50.0911577,0.754627479,79.03,3,29407.40537,3,0.147352119,12429,Highly_Fatal_And_Damaging
37.07762557,10,1,56.42661805,0.324407501,79.31,4,24779.92343,1,0.045332399,984,Significant_Damage_And_Fatalities
71.32420091,7,20,70.51048314,0.439805986,77.71,2,35121.85841,2,0.475322666,4696,Minor_Damage_And_Injuries
23.15068493,14,7,74.74931632,0.247956004,78.58,5,33036.65233,3,0.021647601,3993,Highly_Fatal_And_Damaging
52.28310502,9,14,78.07657247,0.341356653,84.8,3,32746.15549,2,0.163604816,10348,Significant_Damage_And_Serious_Injuries
46.94063927,8,6,75.7064722,0.397613415,77.59,3,31974.06241,3,0.159335324,1550,Highly_Fatal_And_Damaging
53.92694064,9,1,63.67365542,0.301688424,79.83,3,23570.77998,0,0.118532326,9267,Highly_Fatal_And_Damaging
32.37442922,12,1,68.32269827,0.134,79.7,6,30423.72497,3,0.007503479,11588,Highly_Fatal_And_Damaging
54.10958904,16,4,60.52871468,0.491014064,78.84,7,46936.76839,4,0.003791488,6513,Significant_Damage_And_Fatalities
22.64840183,15,25,61.03008204,0.298803462,85.02,4,41118.82065,3,0.075311747,6802,Highly_Fatal_And_Damaging
33.92694064,11,1,55.10483136,0.30926145,78.46,5,32028.74208,0,0.022416107,2489,Significant_Damage_And_Fatalities
36.16438356,11,1,70.00911577,0.211893978,81.26,2,32421.10812,2,0.438778571,7993,Highly_Fatal_And_Damaging
42.96803653,8,0,39.88149499,0.584414713,78.37,6,37308.58659,3,0.008519933,10484,Significant_Damage_And_Fatalities
8.538812785,19,9,78.48678213,0.291591057,79.84,2,30206.16457,2,0.41108465,3699,Highly_Fatal_And_Damaging
53.15068493,12,7,67.77575205,0.374894338,81.98,1,31436.33354,3,1.155226839,6831,Minor_Damage_And_Injuries
44.33789954,15,9,65.26891522,0.277887486,78.05,2,25276.60172,1,0.343448657,7724,Minor_Damage_And_Injuries
43.42465753,9,2,66.1349134,0.375615579,81.86,4,29322.78815,3,0.052585036,3367,Highly_Fatal_And_Damaging
36.84931507,14,4,51.09389243,0.575759827,77.33,3,32986.7833,3,0.163704051,5581,Significant_Damage_And_Serious_Injuries
33.05936073,11,11,63.67365542,0.321161918,76.56,2,51846.7692,0,0.697358893,2603,Highly_Fatal_And_Damaging
45.02283105,15,8,67.13764813,0.385352326,81.26,6,35985.11936,1,0.008996657,9549,Minor_Damage_And_Injuries
29.04109589,13,0,82.31540565,0.184486837,80.55,6,53915.33299,1,0.012232725,9298,Highly_Fatal_And_Damaging
22.23744292,15,12,92.38833181,0.225597548,81.61,4,26227.62357,2,0.048092084,8605,Highly_Fatal_And_Damaging
25.25114155,14,5,76.89152233,0.381746123,89.19,3,14274.05901,3,0.074467276,11664,Highly_Fatal_And_Damaging
10.0456621,18,9,54.46672744,0.357584565,81.48,4,33896.02326,2,0.062471888,4137,Significant_Damage_And_Fatalities
5.753424658,20,2,75.7976299,0.2959185,79.01,3,23072.3623,2,0.115019368,6034,Highly_Fatal_And_Damaging
20.86757991,19,2,77.34731085,0.465049405,78.75,3,41696.2616,4,0.208475823,7457,Significant_Damage_And_Serious_Injuries
40.91324201,16,23,56.65451231,0.717483592,83.56,1,36463.54538,2,1.329209211,614,Minor_Damage_And_Injuries
34.47488584,11,0,60.16408387,0.313228273,76.49,2,49056.75108,2,0.65080304,7904,Highly_Fatal_And_Damaging
41.05022831,9,1,84.73108478,0.276805626,78.96,4,14957.15226,1,0.027781477,10438,Highly_Fatal_And_Damaging
38.76712329,10,2,49.68094804,0.465049405,83.57,4,26005.32299,2,0.047983706,2604,Significant_Damage_And_Fatalities
33.28767123,15,4,58.93345488,0.399055896,78.86,4,37550.39877,1,0.06888479,11551,Significant_Damage_And_Serious_Injuries
30.1369863,12,2,32.45214221,0.717844212,77.08,7,37852.9382,3,0.003570291,1790,Significant_Damage_And_Fatalities
45.75342466,11,29,71.05742935,0.316473855,83.96,3,40726.44969,2,0.202036111,242,Significant_Damage_And_Serious_Injuries
32.55707763,12,0,48.3135825,0.673127299,83.58,4,37386.79127,1,0.068528648,1262,Significant_Damage_And_Fatalities
72.10045662,10,2,66.31722881,0.298803462,80.03,7,26000.01673,2,0.002300044,10715,Significant_Damage_And_Fatalities
15.29680365,17,4,61.349134,0.522748648,80.43,4,44419.33762,3,0.082415748,4870,Highly_Fatal_And_Damaging
49.17808219,10,0,67.31996354,0.372369996,77.11,6,46514.64047,1,0.011542089,3695,Significant_Damage_And_Serious_Injuries
17.57990868,16,2,59.29808569,0.391482871,78.72,4,40142.08068,3,0.073522785,3552,Highly_Fatal_And_Damaging
41.55251142,16,4,84.13855971,0.192781103,79.98,2,38436.4035,2,0.518441262,2734,Minor_Damage_And_Injuries
45.70776256,11,9,67.41112124,0.245431662,79.08,1,39352.59973,2,1.443530955,4313,Significant_Damage_And_Serious_Injuries
33.10502283,15,3,52.46125798,0.407350162,83.72,4,28716.27546,2,0.052850543,163,Minor_Damage_And_Injuries
30.0913242,22,0,44.39380128,0.520945546,77.83,3,32613.93379,2,0.162427777,2800,Highly_Fatal_And_Damaging
49.5890411,7,7,63.76481313,0.306737108,84.41,4,39157.25938,2,0.071378948,10765,Highly_Fatal_And_Damaging
30.59360731,19,4,47.03737466,0.603888208,80.16,4,34001.72617,3,0.062337426,9297,Minor_Damage_And_Injuries
45.02283105,15,1,75.84320875,0.298803462,81.53,7,22214.44546,3,0.002037902,2618,Minor_Damage_And_Injuries
33.05936073,12,9,58.47766636,0.478392355,78.29,1,32621.52616,3,1.212964024,11947,Highly_Fatal_And_Damaging
81.14155251,3,3,56.70009116,0.542582762,83.28,5,35903.2115,2,0.024298002,4756,Highly_Fatal_And_Damaging
36.02739726,14,3,48.90610757,0.662308691,78.52,3,38304.32592,2,0.19093699,10884,Significant_Damage_And_Serious_Injuries
12.10045662,18,7,47.90337284,0.514093761,81.14,4,47946.31259,2,0.089219108,4322,Significant_Damage_And_Fatalities
43.33333333,12,9,56.15314494,0.453509556,82.36,6,35167.17093,1,0.00892827,9474,Minor_Damage_And_Injuries
39.36073059,13,0,56.15314494,0.372369996,77.53,6,33718.27869,3,0.008272295,8731,Minor_Damage_And_Injuries
19.6803653,16,5,60.80218778,0.264183916,81.82,2,36145.93947,1,0.488383083,8261,Highly_Fatal_And_Damaging
45.02283105,7,17,53.87420237,0.436199784,80.79,1,20241.62056,3,0.747757022,10759,Significant_Damage_And_Fatalities
48.12785388,11,2,72.4247949,0.307097728,81.55,6,36551.16051,1,0.008317076,2312,Significant_Damage_And_Serious_Injuries
80.456621,8,0,64.17502279,0.273199423,84.82,1,51010.50638,4,1.907925646,4180,Significant_Damage_And_Fatalities
57.99086758,11,18,68.45943482,0.388958529,80.83,2,28213.42762,0,0.382453188,5730,Minor_Damage_And_Injuries
17.44292237,16,2,79.03372835,0.342438514,79.47,1,28955.34683,1,1.067633041,8617,Highly_Fatal_And_Damaging
48.63013699,17,1,62.53418414,0.339914172,81.92,5,43672.61801,2,0.030324009,2837,Significant_Damage_And_Fatalities
40.77625571,9,7,46.08021878,0.545828345,83.72,4,46283.82289,2,0.084771779,4841,Significant_Damage_And_Fatalities
32.14611872,12,17,56.5633546,0.505078255,78.31,4,36601.5953,2,0.067472636,10058,Significant_Damage_And_Fatalities
69.8630137,11,5,54.05651778,0.672406058,79.03,3,38078.90026,1,0.189279042,11331,Highly_Fatal_And_Damaging
27.26027397,20,6,56.83682771,0.786362063,82.96,6,27420.82739,1,0.006799961,12183,Highly_Fatal_And_Damaging
24.38356164,14,0,63.99270738,0.456033898,79.41,4,36968.46322,3,0.067555407,4819,Highly_Fatal_And_Damaging
39.40639269,10,8,53.91978122,0.62083736,79.28,1,29433.30072,2,1.088962805,1782,Significant_Damage_And_Fatalities
48.67579909,7,2,59.61713765,0.284739272,84.03,4,35803.98377,2,0.065318112,4821,Highly_Fatal_And_Damaging
35.47945205,17,8,43.07201459,0.508323837,76.52,3,44977.61376,3,0.222859387,11074,Highly_Fatal_And_Damaging
31.09589041,16,3,81.40382862,0.24218608,76.64,3,29575.35166,3,0.147316875,12132,Significant_Damage_And_Serious_Injuries
38.44748858,10,8,61.2579763,0.360830148,77.79,1,20142.47068,1,0.747757022,570,Highly_Fatal_And_Damaging
31.91780822,12,17,68.77848678,0.399777137,87.51,4,34859.8064,2,0.064538143,12355,Highly_Fatal_And_Damaging
38.58447489,13,9,61.66818596,0.371288136,80.53,3,32874.26376,1,0.163023626,11746,Significant_Damage_And_Serious_Injuries
75.29680365,5,4,57.52051048,0.401580238,83.04,3,40485.8932,2,0.200329336,121,Minor_Damage_And_Injuries
42.83105023,9,3,99.95442115,0.210812117,77.6,1,43705.33078,3,1.605982308,577,Highly_Fatal_And_Damaging
27.16894977,13,7,64.3573382,0.444133429,79.77,6,38081.23585,1,0.009644231,1028,Highly_Fatal_And_Damaging
73.10502283,9,2,56.70009116,0.542582762,86.47,7,26493.65692,2,0.002324446,10286,Significant_Damage_And_Serious_Injuries
31.14155251,12,5,76.80036463,0.380303642,78.53,7,24720.96939,3,0.002239088,793,Highly_Fatal_And_Damaging
23.42465753,14,0,63.90154968,0.287624234,78.09,4,42659.83795,1,0.078476195,5562,Highly_Fatal_And_Damaging
20.3196347,15,26,58.43208751,0.463246304,82.39,4,47640.96834,3,0.086513998,2387,Highly_Fatal_And_Damaging
57.89954338,11,0,74.88605287,0.325489362,87.27,1,25778.59193,4,0.939602704,8618,Minor_Damage_And_Injuries
58.40182648,11,4,71.74111212,0.362272629,79.31,2,26391.63169,2,0.356822655,8948,Minor_Damage_And_Injuries
44.65753425,12,5,60.57429353,0.338832312,77.09,6,38801.36905,1,0.010017391,9574,Significant_Damage_And_Serious_Injuries
13.78995434,17,3,66.08933455,0.269953841,76.45,4,40238.33209,1,0.073517216,772,Highly_Fatal_And_Damaging
30.1369863,13,0,50.13673655,0.484522899,77.66,4,37668.36949,3,0.068528648,6251,Significant_Damage_And_Fatalities
27.39726027,17,0,65.58796718,0.414923188,80.62,5,23102.25768,2,0.015817694,11771,Significant_Damage_And_Serious_Injuries
2.648401826,20,12,64.72196901,0.24218608,82.93,6,28976.83875,2,0.007428356,774,Highly_Fatal_And_Damaging
58.44748858,7,0,54.46672744,0.454591417,77.48,5,27070.53803,1,0.018563442,6689,Minor_Damage_And_Injuries
78.67579909,9,0,71.64995442,0.243989181,82.26,7,46726.16644,1,0.003891851,6299,Significant_Damage_And_Fatalities
22.78538813,15,1,49.31631723,0.302049044,81.78,4,32880.67335,2,0.060403966,11003,Significant_Damage_And_Fatalities
24.88584475,14,19,58.52324521,0.393285972,78.16,4,34128.12546,1,0.062135441,7848,Highly_Fatal_And_Damaging
37.85388128,14,8,67.31996354,0.415644428,75.35,4,22544.98146,1,0.040894288,2717,Significant_Damage_And_Serious_Injuries
22.92237443,15,1,62.9443938,0.556286332,76.05,4,36624.27963,3,0.067025145,4848,Highly_Fatal_And_Damaging
20.54794521,15,32,59.84503191,0.269953841,82.99,4,24854.10184,4,0.045245346,4905,Highly_Fatal_And_Damaging
37.53424658,10,6,51.77757521,0.466131266,77.25,4,26972.50397,2,0.049086168,8124,Significant_Damage_And_Fatalities
14.88584475,17,0,78.03099362,0.342438514,79.84,3,22310.98006,0,0.111428701,6532,Highly_Fatal_And_Damaging
31.73515982,21,4,63.08113036,0.563138118,82,2,44363.18912,2,0.600585392,11544,Significant_Damage_And_Fatalities
33.88127854,11,14,71.46763902,0.371288136,79.85,4,37519.01385,2,0.068636161,9322,Highly_Fatal_And_Damaging
21.23287671,15,0,63.81039198,0.338111071,80.5,4,27687.01841,3,0.050635684,11530,Highly_Fatal_And_Damaging
28.40182648,13,6,51.27620784,0.507241976,77.69,4,35509.22852,2,0.065604909,6091,Significant_Damage_And_Fatalities
18.49315068,16,12,65.45123063,0.274641904,80.27,3,38399.4551,1,0.190986047,3453,Highly_Fatal_And_Damaging
20.54794521,15,1,53.91978122,0.300967184,76.74,1,26412.32563,2,0.978578768,8375,Significant_Damage_And_Fatalities
13.69863014,18,1,76.02552416,0.388237288,79.27,4,21762.5038,1,0.039772063,576,Highly_Fatal_And_Damaging
50.73059361,6,3,72.15132179,0.358666426,78.77,4,26241.66799,2,0.048617727,9428,Highly_Fatal_And_Damaging
55.98173516,12,12,62.16955333,0.317916336,79.26,4,34328.0192,1,0.063322312,8003,Minor_Damage_And_Injuries
68.49315068,11,0,60.71103008,0.496423368,79.6,4,16039.40439,2,0.029080212,11295,Significant_Damage_And_Fatalities
22.73972603,15,1,55.78851413,0.30926145,81.58,4,40212.0403,2,0.074403124,1847,Significant_Damage_And_Fatalities
47.89954338,14,3,56.97356427,0.542582762,83.28,2,32272.82502,3,0.436714351,5070,Highly_Fatal_And_Damaging
57.07762557,15,0,73.01731996,0.2959185,80.45,7,29454.47156,4,0.00277874,1429,Significant_Damage_And_Fatalities
37.07762557,14,24,87.46581586,0.302409665,86.94,6,51862.79613,2,0.012719203,131,Significant_Damage_And_Serious_Injuries
62.32876712,13,5,80.26435734,0.452788316,80.68,1,43754.17868,4,1.624667746,4451,Significant_Damage_And_Fatalities
63.97260274,9,0,59.5715588,0.461082582,77.98,4,38281.29237,0,0.070527103,3293,Minor_Damage_And_Injuries
36.25570776,11,5,45.16864175,0.476228633,77.46,1,34595.36334,2,1.280567924,11818,Significant_Damage_And_Fatalities
38.40182648,13,7,52.32452142,0.254447169,79.15,3,21369.81308,0,0.105891317,32,Minor_Damage_And_Injuries
20.0456621,19,15,70.9206928,0.293754778,78.12,3,36662.28026,3,0.182899219,7507,Significant_Damage_And_Serious_Injuries
50.2283105,10,1,39.88149499,0.538615939,77.25,5,10393.05475,2,0.00868878,9872,Minor_Damage_And_Injuries
21.73515982,21,4,73.01731996,0.340274793,79.89,7,42912.52443,1,0.003891851,2282,Minor_Damage_And_Injuries
19.5890411,16,0,69.14311759,0.28257555,77.29,4,31224.52824,2,0.056666427,6638,Highly_Fatal_And_Damaging
31.09589041,12,5,87.55697356,0.181241255,82.2,3,25712.68915,2,0.128632297,545,Highly_Fatal_And_Damaging
34.52054795,15,2,87.46581586,0.372009376,79.07,3,20487.86748,1,0.102714291,7527,Significant_Damage_And_Serious_Injuries
87.48858447,6,16,32.72561531,0.563498738,86.52,7,43696.80243,4,0.003864052,5215,Significant_Damage_And_Serious_Injuries
18.94977169,19,15,71.1030082,0.355420844,81.3,3,41232.83729,3,0.203350841,12321,Significant_Damage_And_Serious_Injuries
68.72146119,11,15,93.48222425,0.277887486,86.47,6,34581.6804,2,0.008608155,2070,Significant_Damage_And_Fatalities
56.75799087,8,4,100,0.21441832,78.6,6,32088.97925,1,0.008176606,4999,Significant_Damage_And_Serious_Injuries
27.16894977,17,6,69.2342753,0.246874144,76.04,5,25598.80454,0,0.01671128,262,Significant_Damage_And_Serious_Injuries
56.16438356,8,4,85.68824066,0.151670393,81.38,3,39207.16762,3,0.193995762,10850,Significant_Damage_And_Serious_Injuries
38.58447489,13,6,69.55332726,0.312146412,76.12,3,22217.67637,1,0.109750716,7306,Significant_Damage_And_Serious_Injuries
19.17808219,16,20,76.52689152,0.298803462,88.57,3,20524.26166,2,0.102005622,1546,Highly_Fatal_And_Damaging
48.63013699,17,13,37.96718323,0.571432384,76.04,4,38684.43732,1,0.070559583,5179,Significant_Damage_And_Fatalities
47.99086758,11,1,84.04740201,0.270314461,81.53,1,22036.1723,3,0.813088559,12137,Significant_Damage_And_Serious_Injuries
80.95890411,8,14,58.93345488,0.511208799,78.33,1,33179.916,3,1.223295255,2482,Significant_Damage_And_Fatalities
23.65296804,18,0,78.07657247,0.367681933,77.36,1,32854.55899,3,1.214292103,1785,Significant_Damage_And_Serious_Injuries
45.47945205,11,35,55.60619872,0.727580959,76.14,6,35760.97362,3,0.008323577,6258,Minor_Damage_And_Injuries
1.141552511,20,9,70.41932543,0.198911648,78.7,6,38858.4503,0,0.010052366,11665,Highly_Fatal_And_Damaging
19.17808219,16,6,74.61257976,0.204320952,77.1,1,24200.37242,2,0.894409699,7464,Highly_Fatal_And_Damaging
36.89497717,14,5,57.88514129,0.35037216,84.82,1,49722.57434,2,1.818558216,70,Significant_Damage_And_Serious_Injuries
32.64840183,15,13,73.10847767,0.317916336,76.56,6,38661.07702,2,0.010209253,4775,Significant_Damage_And_Serious_Injuries
28.72146119,13,0,71.87784868,0.409874504,82.43,4,33053.91631,1,0.059954534,3077,Highly_Fatal_And_Damaging
25.11415525,14,8,65.86144029,0.391843491,78.63,7,46847.45839,3,0.003891851,7107,Highly_Fatal_And_Damaging
76.11872146,6,23,64.49407475,0.371288136,78.37,2,20083.32539,2,0.266623439,3742,Minor_Damage_And_Injuries
57.71689498,11,7,77.07383774,0.242907321,81.12,2,42650.26914,2,0.577778977,9708,Minor_Damage_And_Injuries
100,6,17,72.97174111,0.36335449,84.03,6,36458.58021,2,0.008633995,9162,Significant_Damage_And_Fatalities
63.65296804,10,0,40.3372835,0.584414713,76.92,2,33751.11217,4,0.456771633,919,Highly_Fatal_And_Damaging
28.21917808,20,22,72.65268915,0.355420844,80.52,4,38630.47568,2,0.070527103,10174,Minor_Damage_And_Injuries
24.38356164,14,4,80.44667274,0.375976199,80.64,1,35522.81412,2,1.308970841,8693,Highly_Fatal_And_Damaging
68.49315068,11,0,60.71103008,0.368403173,84.38,7,831.6955534,3,0.001298572,829,Significant_Damage_And_Fatalities
38.44748858,17,6,73.74658159,0.352535882,76.96,2,29821.78236,2,0.403086321,7059,Minor_Damage_And_Injuries
40.0913242,13,0,66.90975387,0.420332492,88.71,6,38521.30389,2,0.010080947,6068,Significant_Damage_And_Serious_Injuries
38.76712329,10,2,49.68094804,0.368403173,78.28,7,26005.32299,3,0.002433605,10734,Significant_Damage_And_Fatalities
56.02739726,12,3,57.47493163,0.416726289,76.09,5,28287.9926,3,0.017945824,1788,Minor_Damage_And_Injuries
46.89497717,11,1,51.36736554,0.480556076,79.89,2,40177.30178,3,0.542971582,8462,Minor_Damage_And_Injuries
50.50228311,10,3,78.71467639,0.232088713,80.98,3,26266.36796,1,0.131340505,10201,Significant_Damage_And_Serious_Injuries
46.84931507,18,0,57.74840474,0.448100252,82,7,41187.06796,2,0.00394519,2171,Significant_Damage_And_Fatalities
57.48858447,8,3,67.7301732,0.25588965,79.52,6,29471.70223,3,0.007513309,1878,Significant_Damage_And_Serious_Injuries
68.12785388,8,11,49.40747493,0.456755139,83.17,2,33490.62287,1,0.456771633,8560,Highly_Fatal_And_Damaging
33.56164384,18,8,47.21969006,0.484522899,76.66,6,36997.32988,2,0.008414036,11812,Highly_Fatal_And_Damaging
28.63013699,13,0,88.14949863,0.203960332,82.49,4,31646.74844,2,0.057087891,654,Highly_Fatal_And_Damaging
23.47031963,14,0,56.4721969,0.710992427,78.99,7,28162.02042,4,0.002793739,12260,Significant_Damage_And_Fatalities
36.07305936,14,2,64.49407475,0.507963217,77.6,4,29091.2627,1,0.05288747,4763,Significant_Damage_And_Serious_Injuries
49.5890411,10,15,55.78851413,0.502914533,77.62,4,24023.58775,1,0.043569537,7856,Minor_Damage_And_Injuries
55.25114155,12,2,50.95715588,0.507602596,77.93,2,42036.96527,3,0.570660424,4199,Minor_Damage_And_Injuries
39.6347032,10,4,74.15679125,0.388958529,79.37,4,29026.3215,2,0.052987804,11413,Highly_Fatal_And_Damaging
60.54794521,14,30,72.37921604,0.385712946,85.4,7,34197.45388,0,0.002998567,8965,Significant_Damage_And_Fatalities
36.25570776,11,2,57.42935278,0.442690948,78.06,3,29407.40537,2,0.146834842,4683,Highly_Fatal_And_Damaging
43.01369863,12,4,76.07110301,0.401940858,80.79,6,21905.49453,2,0.005695697,7829,Significant_Damage_And_Serious_Injuries
29.7716895,20,4,79.62625342,0.333783628,79.42,1,23811.18487,0,0.87917692,12241,Minor_Damage_And_Injuries
40.63926941,13,1,76.66362808,0.281854309,79.99,3,27827.85143,3,0.138546714,3610,Significant_Damage_And_Serious_Injuries
26.48401826,17,9,86.9644485,0.346405337,76.66,4,10813.84934,3,0.007273313,11113,Significant_Damage_And_Serious_Injuries
39.8173516,17,0,59.16134913,0.484522899,81.42,5,21701.2102,2,0.014549465,7786,Minor_Damage_And_Injuries
48.72146119,11,2,79.76298997,0.29555788,88.47,3,40757.32301,1,0.205286209,3930,Significant_Damage_And_Serious_Injuries
31.64383562,12,3,66.08933455,0.405547061,80.62,5,30528.14245,3,0.02003023,10845,Highly_Fatal_And_Damaging
41.14155251,12,3,73.83773929,0.356863325,81.27,6,34987.98323,3,0.008360823,12171,Significant_Damage_And_Serious_Injuries
27.26027397,20,3,71.23974476,0.438002885,80.13,4,16252.90089,2,0.029923051,4054,Minor_Damage_And_Injuries
35.52511416,14,11,67.18322698,0.274281284,77.1,6,40101.91966,2,0.009307813,2847,Significant_Damage_And_Serious_Injuries
53.78995434,9,1,66.72743847,0.419971872,79.32,1,37933.399,1,1.389579598,83,Highly_Fatal_And_Damaging
53.56164384,12,15,70.10027347,0.425020555,81.26,2,42371.65869,2,0.576201429,2361,Minor_Damage_And_Injuries
58.35616438,4,12,51.00273473,0.564219978,82.2,3,35387.67007,1,0.175707515,7625,Highly_Fatal_And_Damaging
38.76712329,13,8,64.67639015,0.388237288,76.4,3,12474.36,2,0.057862583,10541,Significant_Damage_And_Serious_Injuries
34.06392694,11,6,69.09753874,0.460000721,80.43,4,43780.07396,3,0.080319288,11837,Highly_Fatal_And_Damaging
62.69406393,6,19,48.58705561,0.418529391,83.17,4,33757.00536,1,0.061934769,5156,Minor_Damage_And_Injuries
36.21004566,11,13,51.27620784,0.422856834,85.26,4,34804.22081,1,0.063620211,3817,Significant_Damage_And_Fatalities
43.74429224,15,5,82.04193254,0.319358817,87.79,7,31810.9878,2,0.002796283,8893,Minor_Damage_And_Injuries
44.88584475,8,11,53.64630811,0.538615939,82.23,4,36601.5953,1,0.067782105,1951,Significant_Damage_And_Fatalities
17.35159817,20,12,67.6390155,0.231367472,77.3,3,42760.64013,1,0.211728167,4057,Significant_Damage_And_Serious_Injuries
41.36986301,19,11,53.96536007,0.621197981,80.45,7,45955.03814,2,0.004004598,2912,Significant_Damage_And_Serious_Injuries
33.78995434,11,0,72.47037375,0.374533718,76.3,4,37915.6428,2,0.069701428,2000,Highly_Fatal_And_Damaging
25.66210046,14,8,71.87784868,0.43079048,76.86,2,33309.94,1,0.450092606,11194,Highly_Fatal_And_Damaging
29.22374429,13,3,64.94986326,0.45891886,80.43,2,40840.64636,3,0.551419592,3450,Highly_Fatal_And_Damaging
59.8173516,14,1,84.54876937,0.264183916,78.7,7,35819.0665,3,0.003035193,10917,Significant_Damage_And_Fatalities
27.39726027,13,8,51.04831358,0.583693473,82.27,4,28144.16173,3,0.052254272,189,Significant_Damage_And_Fatalities
69.543379,8,1,58.34092981,0.244349802,81.16,2,26210.19223,5,0.354201915,2514,Minor_Damage_And_Injuries
33.56164384,11,7,63.17228806,0.551958889,75.95,4,36687.85366,1,0.0670328,1263,Highly_Fatal_And_Damaging
65.75342466,5,7,60.43755697,0.306376488,79.26,5,53831.73853,1,0.033947757,10031,Highly_Fatal_And_Damaging
18.17351598,16,7,71.87784868,0.224876307,81.23,4,34397.75742,3,0.063407852,6203,Highly_Fatal_And_Damaging
55.57077626,12,21,64.58523245,0.414201947,79.59,5,26640.10908,3,0.018034112,8099,Minor_Damage_And_Injuries
49.7260274,10,10,59.02461258,0.360108907,78.75,4,13364.51005,3,0.025039997,8727,Significant_Damage_And_Serious_Injuries
62.51141553,13,3,60.98450319,0.368403173,80.67,7,46010.30875,1,0.004129995,8241,Significant_Damage_And_Fatalities
33.97260274,11,14,71.46763902,0.371288136,79.33,4,31651.937,2,0.05793462,3045,Highly_Fatal_And_Damaging
27.16894977,13,4,54.19325433,0.335226109,78.98,4,26544.37977,2,0.04765914,10946,Highly_Fatal_And_Damaging
56.30136986,8,0,52.68915223,0.2692326,78.97,2,40237.22278,2,0.547044614,2578,Minor_Damage_And_Injuries
37.76255708,17,7,59.11577028,0.504717634,78.46,2,35540.86906,2,0.482687409,6211,Minor_Damage_And_Injuries
51.00456621,10,1,62.26071103,0.52527299,83.85,3,34165.52878,4,0.17071495,2383,Significant_Damage_And_Serious_Injuries
36.94063927,11,0,73.70100273,0.369845655,82.2,2,7075.273788,2,0.095753418,10046,Highly_Fatal_And_Damaging
59.17808219,11,1,50.50136737,0.319719437,83.51,7,28988.7327,2,0.002793739,1674,Significant_Damage_And_Serious_Injuries
62.69406393,6,20,75.34184139,0.321161918,86.09,7,40757.32301,1,0.003378299,4373,Significant_Damage_And_Serious_Injuries
27.57990868,13,35,64.94986326,0.379582402,85.09,1,21051.94699,1,0.774457849,8320,Highly_Fatal_And_Damaging
51.00456621,10,12,46.7183227,0.505799495,82.32,7,30336.89053,2,0.002611961,8678,Minor_Damage_And_Injuries
32.96803653,12,1,78.66909754,0.224876307,81.26,4,24926.76721,3,0.046205977,10507,Highly_Fatal_And_Damaging
42.37442922,12,4,61.89608022,0.374894338,79.68,6,38801.36905,5,0.009514099,10053,Significant_Damage_And_Serious_Injuries
9.497716895,18,4,73.06289881,0.32332564,80.03,4,21240.30066,1,0.038408982,9711,Highly_Fatal_And_Damaging
28.49315068,16,17,80.08204193,0.295197259,78.78,3,26032.9419,2,0.12826303,5621,Significant_Damage_And_Serious_Injuries
12.69406393,18,13,53.69188696,0.547631446,79.03,1,22401.79227,1,0.82662142,7097,Significant_Damage_And_Fatalities
69.8630137,8,2,45.89790337,0.657981248,79.74,7,38888.75301,2,0.003665215,5296,Significant_Damage_And_Serious_Injuries
32.64840183,15,3,55.42388332,0.194944825,80.54,3,26930.37623,2,0.13428819,5139,Minor_Damage_And_Injuries
69.8173516,11,3,57.33819508,0.381746123,75.8,7,49860.81887,2,0.004347284,10281,Significant_Damage_And_Fatalities
65.34246575,4,8,53.91978122,0.284739272,86.98,6,33112.52185,2,0.007651089,2629,Significant_Damage_And_Fatalities
43.78995434,9,0,32.72561531,0.584775334,82.34,5,32628.39949,1,0.022303336,10448,Significant_Damage_And_Fatalities
77.30593607,2,14,49.45305378,0.380303642,87.08,2,15521.1855,2,0.217882733,152,Minor_Damage_And_Injuries
44.20091324,15,1,51.23062899,0.487407862,79.33,2,36091.55277,0,0.488682348,9364,Highly_Fatal_And_Damaging
67.48858447,12,6,59.6627165,0.365878832,83.12,4,20739.63188,1,0.037591496,6559,Significant_Damage_And_Fatalities
42.10045662,12,22,61.94165907,0.527436711,78.52,6,52249.61015,3,0.012601336,7131,Significant_Damage_And_Serious_Injuries
83.65296804,7,0,70.00911577,0.305294627,78.08,7,38872.67956,4,0.003471402,8702,Significant_Damage_And_Fatalities
46.43835616,11,7,52.46125798,0.387155427,80.55,4,17731.55428,2,0.031766025,7252,Minor_Damage_And_Injuries
20.54794521,15,2,86.64539654,0.346405337,79.07,3,18915.50902,4,0.09559865,7128,Highly_Fatal_And_Damaging
20.50228311,19,4,79.67183227,0.35037216,77.19,1,23811.18487,0,0.87447727,449,Significant_Damage_And_Serious_Injuries