Safety_Score,Days_Since_Inspection,Total_Safety_Complaints,Control_Metric,Turbulence_In_gforces,Cabin_Temperature,Accident_Type_Code,Max_Elevation,Violations,Adverse_Weather_Metric,Accident_ID,Severity
39.45205479,13,3,59.29808569,0.318637577,77.16,6,28183.32313,2,0.006513426,9687,Significant_Damage_And_Serious_Injuries
52.23744292,13,11,54.28441203,0.47117995,78.49,1,34349.70647,1,1.26281554,1860,Highly_Fatal_And_Damaging
44.61187215,12,13,63.85597083,0.245792283,78.54,6,32094.80418,3,0.007685757,4590,Significant_Damage_And_Serious_Injuries
49.22374429,17,3,75.38742024,0.392925352,77.47,7,22348.30814,4,0.001595517,2463,Significant_Damage_And_Fatalities
42.51141553,9,3,63.94712853,0.277526866,79.26,4,43621.7314,2,0.08016312,6714,Highly_Fatal_And_Damaging
30.3196347,12,1,54.64904284,0.478392355,77.69,4,37599.70963,3,0.067978271,4922,Significant_Damage_And_Fatalities
45.20547945,11,3,67.09206928,0.413841327,79.94,6,32471.86678,2,0.007703673,5172,Significant_Damage_And_Serious_Injuries
46.98630137,11,1,77.07383774,0.465049405,82.74,6,37987.3496,3,0.009850566,4321,Significant_Damage_And_Serious_Injuries
0,20,1,65.86144029,0.368042553,81.64,7,49433.30298,1,0.004577784,7970,Highly_Fatal_And_Damaging
39.45205479,17,1,64.90428441,0.25516841,84.43,2,32629.29756,3,0.44115269,2647,Minor_Damage_And_Injuries
21.18721461,15,0,62.9443938,0.631295348,79.58,1,33313.71926,2,1.225134717,2584,Highly_Fatal_And_Damaging
50.77625571,17,7,68.04922516,0.362272629,78.89,2,38266.38841,2,0.5197813,6670,Significant_Damage_And_Fatalities
57.71689498,11,1,76.89152233,0.428266138,87.23,2,37649.20665,2,0.506953609,9962,Minor_Damage_And_Injuries
30.59360731,19,3,62.26071103,0.307818969,78.31,4,40724.08358,4,0.073650921,1561,Minor_Damage_And_Injuries
55.57077626,12,21,77.11941659,0.278969347,79.99,5,15958.64307,2,0.010692073,11492,Minor_Damage_And_Injuries
47.48858447,14,8,76.98268004,0.332701767,82.8,2,49881.27037,3,0.680017846,2424,Minor_Damage_And_Injuries
70,8,13,49.27073838,0.422496213,83.17,2,36037.43565,3,0.484710456,4205,Highly_Fatal_And_Damaging
76.66666667,6,1,63.90154968,0.205042193,76.28,6,48288.14244,2,0.011241529,792,Minor_Damage_And_Injuries
28.08219178,13,2,60.61987238,0.380303642,76.8,1,25013.50879,1,0.920195563,7206,Highly_Fatal_And_Damaging
40.2283105,10,1,69.18869644,0.445936531,84.48,4,26603.69433,2,0.049517866,7234,Highly_Fatal_And_Damaging
31.96347032,15,1,61.57702826,0.432593581,83.57,1,39741.34628,2,1.462002426,10421,Significant_Damage_And_Serious_Injuries
46.48401826,11,1,77.98541477,0.384631085,76.95,6,28967.63533,3,0.007545438,8852,Significant_Damage_And_Serious_Injuries
1.141552511,21,4,68.77848678,0.271396322,85.22,3,31224.52824,1,0.156961863,5501,Highly_Fatal_And_Damaging
38.12785388,10,4,86.9644485,0.346405337,77.08,2,38183.18091,2,0.516166765,1173,Highly_Fatal_And_Damaging
15.75342466,20,4,82.22424795,0.436199784,78.54,3,42777.42594,0,0.212171769,8204,Significant_Damage_And_Serious_Injuries
55.02283105,15,9,80.35551504,0.247234764,81.35,3,31177.11801,1,0.155972033,7922,Significant_Damage_And_Fatalities
36.75799087,10,2,56.15314494,0.543664623,81.79,4,35769.93378,2,0.065379487,11767,Significant_Damage_And_Fatalities
31.96347032,12,8,73.51868733,0.412398846,87.86,4,34859.8064,1,0.064025012,6126,Highly_Fatal_And_Damaging
25.66210046,14,10,70.73837739,0.258053372,78.84,1,25158.31211,2,0.925964716,9369,Highly_Fatal_And_Damaging
69.9086758,4,21,74.79489517,0.321161918,79.83,6,22659.25734,2,0.005056601,6355,Significant_Damage_And_Serious_Injuries
8.03652968,19,12,68.45943482,0.198911648,80.74,6,24534.8445,2,0.006088804,496,Highly_Fatal_And_Damaging
56.75799087,8,21,63.26344576,0.373451857,82.36,2,26040.29909,3,0.351388022,10614,Significant_Damage_And_Serious_Injuries
29.22374429,16,7,47.17411121,0.537173458,81.45,3,30708.33811,3,0.153305644,7141,Minor_Damage_And_Injuries
50.77625571,13,6,72.01458523,0.225958168,80.98,5,26069.35508,3,0.01638905,4460,Minor_Damage_And_Injuries
45.25114155,11,1,60.16408387,0.345684097,79.15,6,32832.41769,1,0.008117908,4653,Significant_Damage_And_Serious_Injuries
32.92237443,15,5,78.30446673,0.267429499,76.61,6,14582.4607,3,0.003838975,6533,Significant_Damage_And_Serious_Injuries
23.56164384,14,1,56.4721969,0.784558961,77.64,4,26257.38792,1,0.048506476,4042,Significant_Damage_And_Fatalities
14.24657534,17,0,71.60437557,0.290148576,77.36,4,24287.31335,3,0.044928916,11727,Highly_Fatal_And_Damaging
52.51141553,13,7,69.91795807,0.426102416,84.2,2,37251.6714,3,0.50537782,1020,Minor_Damage_And_Injuries
44.84018265,8,10,66.77301732,0.373451857,78.47,4,29261.07244,2,0.05310589,7723,Highly_Fatal_And_Damaging
36.89497717,14,0,57.52051048,0.560974396,77.04,2,25806.04805,2,0.348220671,2465,Significant_Damage_And_Serious_Injuries
61.27853881,11,3,67.77575205,0.252644068,82.53,2,35370.91147,2,0.476480327,3039,Minor_Damage_And_Injuries
34.65753425,18,0,71.55879672,0.36371511,79.89,5,24905.06199,1,0.016698755,8564,Minor_Damage_And_Injuries
42.42009132,12,19,58.61440292,0.462164443,82.02,3,39034.37043,1,0.195713491,251,Significant_Damage_And_Serious_Injuries
44.42922374,8,2,66.72743847,0.316834475,77.02,5,42734.06131,1,0.028373615,2131,Highly_Fatal_And_Damaging
52.92237443,9,2,51.5952598,0.509045078,83.39,3,38304.32592,0,0.190986047,4977,Minor_Damage_And_Injuries
60.1826484,14,33,38.96991796,0.631655968,85.4,5,21212.0283,3,0.014568029,1239,Highly_Fatal_And_Damaging
48.31050228,10,6,85.87055606,0.260217093,82.66,6,32213.696,2,0.008203656,6107,Significant_Damage_And_Serious_Injuries
30.91324201,16,2,62.62534184,0.307818969,76.68,4,35012.60116,1,0.063852543,9563,Significant_Damage_And_Serious_Injuries
36.39269406,14,11,71.42206016,0.392564731,79.2,6,34804.22081,2,0.008552156,4285,Significant_Damage_And_Serious_Injuries
38.72146119,14,5,65.67912489,0.578644789,77.78,3,39759.02259,3,0.196796526,985,Significant_Damage_And_Serious_Injuries
43.05936073,9,1,62.8532361,0.312507032,83.44,1,26641.24651,3,0.978454627,3124,Highly_Fatal_And_Damaging
41.41552511,13,14,73.15405652,0.334504868,81.85,3,33680.09968,1,0.167563589,3190,Significant_Damage_And_Serious_Injuries
39.6347032,13,6,77.75752051,0.260938334,81.04,6,39739.71866,2,0.010131041,5332,Significant_Damage_And_Serious_Injuries
25.25114155,17,3,73.33637192,0.432954201,78.75,3,15991.41476,2,0.078236346,4915,Significant_Damage_And_Serious_Injuries
60.54794521,11,0,61.2579763,0.456394519,79.97,5,33640.83004,1,0.022836769,5265,Minor_Damage_And_Injuries
41.09589041,9,2,72.01458523,0.35001154,86.57,4,26023.20726,2,0.048461958,7438,Highly_Fatal_And_Damaging
31.96347032,15,0,62.07839562,0.372369996,79.29,5,35701.09213,2,0.025344491,3061,Significant_Damage_And_Serious_Injuries
58.44748858,11,10,64.58523245,0.339553552,83.01,2,33226.13069,2,0.449741029,6110,Minor_Damage_And_Injuries
47.71689498,11,2,75.93436645,0.293394158,82.19,5,26346.50481,1,0.01671128,8836,Significant_Damage_And_Serious_Injuries
65.43378995,12,9,56.97356427,0.63418031,78.71,4,36159.90088,4,0.066406422,12242,Significant_Damage_And_Serious_Injuries
73.60730594,10,11,71.46763902,0.30998269,81.13,7,16229.72834,3,0.001102636,6885,Significant_Damage_And_Fatalities
50.2283105,13,12,68.59617138,0.359748287,83.97,2,38266.38841,0,0.5197813,10635,Minor_Damage_And_Injuries
43.28767123,12,1,59.84503191,0.430429859,77.25,7,32243.55261,4,0.003072618,8076,Significant_Damage_And_Serious_Injuries
61.41552511,10,1,66.31722881,0.315752614,83.71,5,30955.53085,1,0.019585569,9460,Minor_Damage_And_Injuries
55.57077626,12,21,46.08021878,0.541140281,80.44,6,43993.90753,3,0.01075244,9777,Highly_Fatal_And_Damaging
54.42922374,12,11,64.58523245,0.348569059,81.26,2,16069.26517,1,0.221040334,3566,Minor_Damage_And_Injuries
49.5890411,10,6,45.2142206,0.382467364,77.46,3,27686.24136,2,0.137435802,1049,Minor_Damage_And_Injuries
74.20091324,10,3,66.90975387,0.427905517,78.9,7,36281.15944,2,0.003080723,3915,Significant_Damage_And_Fatalities
45.47945205,11,2,66.90975387,0.419971872,80.4,6,32471.86678,2,0.008145496,4704,Significant_Damage_And_Serious_Injuries
32.10045662,15,20,62.07839562,0.299524702,80.58,3,20692.524,2,0.104226105,5405,Significant_Damage_And_Serious_Injuries
47.71689498,11,9,74.70373747,0.225236928,78.56,3,41528.1513,2,0.208475823,6956,Significant_Damage_And_Serious_Injuries
14.88584475,20,13,75.93436645,0.2959185,81.33,6,22659.25734,4,0.005383992,3371,Significant_Damage_And_Serious_Injuries
37.44292237,17,16,69.59890611,0.354699603,77.86,2,23214.49122,2,0.313941715,3046,Minor_Damage_And_Injuries
44.56621005,12,3,56.10756609,0.345323476,76.96,3,23159.69887,4,0.115019368,10986,Minor_Damage_And_Injuries
61.27853881,10,3,79.30720146,0.31034331,84.53,2,60869.7487,2,0.777801803,7800,Minor_Damage_And_Injuries
27.85388128,17,5,67.31996354,0.494620267,84.63,2,23407.411,1,0.3156387,3650,Significant_Damage_And_Serious_Injuries
26.48401826,13,5,57.06472197,0.502553913,78.31,4,14367.96572,3,0.027279609,8404,Significant_Damage_And_Fatalities
48.90410959,14,1,68.77848678,0.32332564,76.87,7,36156.82636,2,0.003309241,1090,Minor_Damage_And_Injuries
48.12785388,17,1,57.74840474,0.395810314,78.88,7,28203.48913,2,0.002884408,488,Significant_Damage_And_Fatalities
31.96347032,15,0,62.07839562,0.466491886,82.45,3,23157.29823,1,0.115019368,9852,Significant_Damage_And_Serious_Injuries
60.456621,11,2,60.71103008,0.380303642,87.34,2,52077.30167,3,0.697358893,11228,Minor_Damage_And_Injuries
35.25114155,18,8,67.68459435,0.343159755,78.18,4,38634.49184,1,0.070322073,6774,Minor_Damage_And_Injuries
33.78995434,15,2,61.21239745,0.318276956,80.27,4,33538.20926,4,0.061124831,3507,Significant_Damage_And_Serious_Injuries
12.46575342,18,3,74.61257976,0.235694915,79.84,6,24801.73798,0,0.006246517,4517,Highly_Fatal_And_Damaging
45.52511416,11,0,69.87237922,0.381746123,79.32,3,41727.73226,1,0.208364579,3116,Significant_Damage_And_Serious_Injuries
24.79452055,14,12,39.83591613,0.433314821,81.45,4,34205.12781,0,0.061828112,9355,Significant_Damage_And_Fatalities
29.8173516,12,0,56.88240656,0.364436351,84.72,6,38521.30389,4,0.009578553,4573,Highly_Fatal_And_Damaging
38.99543379,10,0,67.09206928,0.385352326,78.68,4,44040.99295,0,0.080032343,4327,Highly_Fatal_And_Damaging
23.88127854,18,7,58.43208751,0.28221493,76.75,7,30605.43215,2,0.00258767,8383,Significant_Damage_And_Serious_Injuries
24.84018265,18,2,84.18413856,0.333062387,78.92,1,19621.87595,2,0.717630664,227,Significant_Damage_And_Serious_Injuries
70.50228311,11,0,46.8094804,0.459640101,75.54,7,22083.71535,5,0.001981072,8661,Significant_Damage_And_Serious_Injuries
72.46575342,10,8,63.90154968,0.448100252,79.27,7,42647.06331,1,0.003777834,9935,Significant_Damage_And_Fatalities
50.4109589,10,9,85.77939836,0.221270105,83.55,3,36676.1006,3,0.183310929,9347,Significant_Damage_And_Serious_Injuries
34.70319635,11,19,61.66818596,0.523469888,75.98,5,31702.32966,0,0.022272615,11620,Highly_Fatal_And_Damaging
30.0913242,16,4,47.76663628,0.4311511,82.22,2,27933.34536,1,0.374914819,6677,Minor_Damage_And_Injuries
45.43378995,11,1,62.71649954,0.234613054,79.17,4,29944.11548,2,0.054865468,1221,Significant_Damage_And_Serious_Injuries
34.79452055,11,10,55.10483136,0.440887847,82.03,2,38406.93188,2,0.5197813,11759,Highly_Fatal_And_Damaging
43.97260274,12,0,57.20145852,0.441609088,83.9,3,25050.0245,1,0.123741287,6643,Significant_Damage_And_Serious_Injuries
45.02283105,15,8,74.02005469,0.238579877,77.95,2,32538.65913,1,0.441091387,1095,Minor_Damage_And_Injuries
24.79452055,14,7,40.29170465,0.577923549,84.38,3,22327.52466,3,0.112198794,5691,Significant_Damage_And_Fatalities
23.42465753,15,7,44.75843209,0.522748648,76.18,4,24189.27751,1,0.044928916,1890,Significant_Damage_And_Fatalities
32.96803653,12,14,72.33363719,0.237858637,78.08,4,35054.26086,1,0.064025012,9419,Highly_Fatal_And_Damaging
53.97260274,12,12,44.71285324,0.705583123,79.53,2,33768.96286,1,0.453246293,11673,Highly_Fatal_And_Damaging
59.6803653,14,1,65.13217867,0.293033538,77.41,7,32218.46564,2,0.002961233,11399,Significant_Damage_And_Fatalities
40.2283105,10,10,74.97721057,0.326571223,78.4,5,35683.71709,1,0.024534755,8828,Highly_Fatal_And_Damaging
31.55251142,12,2,62.71649954,0.424299315,82.73,4,21651.04946,1,0.040093979,7600,Highly_Fatal_And_Damaging
34.84018265,15,14,46.627165,0.537173458,78.95,6,21768.78552,2,0.005326978,895,Minor_Damage_And_Injuries
28.94977169,16,7,42.023701,0.479113595,81.45,2,11503.38856,3,0.134834939,11713,Minor_Damage_And_Injuries
41.73515982,16,22,72.15132179,0.272117562,79.73,2,28549.75555,0,0.383674121,12297,Minor_Damage_And_Injuries
40.3652968,9,5,59.20692799,0.356863325,82.8,4,14251.91589,1,0.026458831,9725,Highly_Fatal_And_Damaging
36.71232877,14,1,62.71649954,0.424299315,75.4,5,19872.46918,3,0.012833612,8889,Significant_Damage_And_Serious_Injuries
38.17351598,17,2,63.71923428,0.320801298,78.52,3,38835.97504,1,0.193047059,7890,Minor_Damage_And_Injuries
33.60730594,18,12,56.70009116,0.293033538,80.54,3,27850.91708,2,0.138981059,7431,Highly_Fatal_And_Damaging
42.60273973,16,5,70.00911577,0.547270826,76.98,2,30649.19132,3,0.415919627,5696,Minor_Damage_And_Injuries
40.91324201,16,3,61.71376481,0.386794807,83.1,1,23785.9624,1,0.876481843,5171,Minor_Damage_And_Injuries
27.94520548,13,5,57.24703737,0.211172737,79.15,3,26044.91155,4,0.12803262,98,Highly_Fatal_And_Damaging
45.70776256,15,7,41.61349134,0.676733502,82.49,7,48338.77861,2,0.005550603,5599,Highly_Fatal_And_Damaging
23.92694064,14,7,86.91886964,0.234973675,81.35,1,28834.57693,3,1.060390686,10302,Highly_Fatal_And_Damaging
76.39269406,9,5,66.36280766,0.339914172,88.57,7,30197.04997,3,0.002918772,3027,Significant_Damage_And_Fatalities
44.93150685,18,10,40.29170465,0.557368193,78.87,6,21720.57383,3,0.00522411,7048,Significant_Damage_And_Serious_Injuries
58.03652968,11,0,46.49042844,0.634901551,77.69,2,9963.029309,1,0.167498544,7376,Highly_Fatal_And_Damaging
5.205479452,20,6,77.84867821,0.247234764,76.44,4,37164.64198,0,0.068069416,1283,Highly_Fatal_And_Damaging
36.11872146,11,3,79.67183227,0.284739272,81.21,3,33784.22606,1,0.167794868,8478,Highly_Fatal_And_Damaging
70,7,20,42.023701,0.575759827,86.52,2,33768.96286,1,0.456494523,6980,Highly_Fatal_And_Damaging
61.46118721,10,1,57.24703737,0.244349802,81.16,2,37177.37893,1,0.50126215,2363,Minor_Damage_And_Injuries
28.63013699,20,1,61.62260711,0.355420844,81.23,4,26059.56051,4,0.047833368,11097,Minor_Damage_And_Injuries
17.39726027,16,19,68.64175023,0.267429499,81.23,7,15246.09305,2,0.00135807,8344,Highly_Fatal_And_Damaging
26.30136986,17,30,61.48587056,0.364436351,83.28,3,38168.28455,2,0.190028699,10320,Significant_Damage_And_Serious_Injuries
28.81278539,16,2,47.99453054,0.407710783,83.22,1,11648.26424,1,0.428515694,4700,Minor_Damage_And_Injuries
40.63926941,16,1,56.97356427,0.303491525,81.62,5,27850.91708,2,0.017996512,11918,Highly_Fatal_And_Damaging
46.25570776,8,8,68.50501367,0.422496213,82.22,4,36056.32474,4,0.066531454,11123,Highly_Fatal_And_Damaging
71.32420091,7,2,56.3810392,0.231728092,83.6,2,39521.7363,2,0.533684622,9201,Highly_Fatal_And_Damaging
22.92237443,19,7,52.96262534,0.449542734,83.97,3,56224.44631,3,0.274477876,11245,Minor_Damage_And_Injuries
30,16,6,49.04284412,0.374533718,78.33,3,15252.22178,2,0.075609171,12013,Minor_Damage_And_Injuries
51.23287671,13,14,57.38377393,0.412038226,80.81,4,20375.81543,1,0.037319608,6797,Minor_Damage_And_Injuries
30.59360731,12,3,86.9644485,0.362993869,79.31,1,45265.38821,3,1.645890542,8790,Highly_Fatal_And_Damaging
57.30593607,8,5,77.43846855,0.414201947,80.79,3,37288.21197,2,0.186318355,10992,Significant_Damage_And_Serious_Injuries
42.96803653,15,4,58.70556062,0.414923188,79.6,3,47462.72803,1,0.233867616,2355,Minor_Damage_And_Injuries
73.51598174,10,4,66.90975387,0.3777793,77.02,7,29676.60197,3,0.002834829,6800,Significant_Damage_And_Fatalities
35.52511416,18,0,79.1704649,0.321161918,80.39,2,26701.6895,2,0.362071261,7413,Minor_Damage_And_Injuries
26.30136986,17,4,65.17775752,0.45891886,78.83,3,23070.42827,2,0.114395822,7807,Significant_Damage_And_Serious_Injuries
38.72146119,14,5,71.92342753,0.277887486,76.3,5,26538.32226,2,0.019310035,4917,Significant_Damage_And_Serious_Injuries
26.71232877,17,0,61.2579763,0.294476019,81.02,3,17011.95524,2,0.084151839,207,Significant_Damage_And_Serious_Injuries
58.99543379,14,4,61.62260711,0.368403173,81.93,3,18915.50902,1,0.095805918,126,Significant_Damage_And_Fatalities
38.81278539,20,2,51.54968095,0.491014064,81.42,7,35247.2888,1,0.00300587,10073,Significant_Damage_And_Serious_Injuries
59.7716895,10,17,68.73290793,0.192059863,78.56,2,46546.88881,3,0.637297327,5688,Minor_Damage_And_Injuries
52.96803653,12,15,60.02734731,0.335947349,81.01,2,32215.06761,2,0.436765191,1694,Minor_Damage_And_Injuries
38.44748858,17,10,78.94257065,0.262380815,78.47,1,23072.3623,0,0.846302654,3030,Minor_Damage_And_Injuries
29.7716895,12,2,78.12215132,0.276805626,79.68,3,38068.54425,4,0.189127877,4863,Highly_Fatal_And_Damaging
22.78538813,15,4,37.28350046,0.594512081,77.91,1,37034.40564,3,1.347849527,42,Significant_Damage_And_Fatalities
38.76712329,13,2,68.18596171,0.237498017,81.07,3,27416.80617,2,0.135864511,6239,Significant_Damage_And_Serious_Injuries
83.65296804,7,9,62.53418414,0.410235124,86.09,3,53739.52912,3,0.264749961,5002,Significant_Damage_And_Fatalities
50.50228311,6,5,61.30355515,0.483080418,84.14,4,36969.19838,3,0.067317117,457,Highly_Fatal_And_Damaging
39.8173516,13,2,70.69279854,0.205402813,81.52,4,31677.45113,2,0.056990514,2522,Significant_Damage_And_Serious_Injuries
30.0913242,16,3,41.65907019,0.497505229,81.74,6,28014.71853,3,0.006794821,114,Minor_Damage_And_Injuries
27.94520548,17,6,60.07292616,0.381024883,82.98,3,25131.3222,2,0.125717902,1939,Significant_Damage_And_Serious_Injuries
23.37899543,15,4,63.90154968,0.456033898,78.67,7,19028.49362,2,0.001603338,2294,Highly_Fatal_And_Damaging
47.48858447,14,1,65.08659982,0.502914533,76.65,7,23927.73723,1,0.002477745,1364,Minor_Damage_And_Injuries
16.66666667,20,20,65.99817685,0.49930833,77.3,1,16023.96444,1,0.589488708,6317,Significant_Damage_And_Serious_Injuries
23.92694064,14,16,69.64448496,0.302409665,84.36,2,28793.16869,3,0.38954501,7171,Highly_Fatal_And_Damaging
31.36986301,15,12,71.87784868,0.314310133,81.85,6,25158.31211,3,0.005931093,10260,Significant_Damage_And_Serious_Injuries
76.02739726,9,7,57.52051048,0.393285972,86.43,7,30951.06339,4,0.002854197,12271,Significant_Damage_And_Fatalities
22.19178082,15,27,57.88514129,0.494620267,77.65,5,26607.92399,2,0.01796405,5204,Highly_Fatal_And_Damaging
41.96347032,13,2,73.92889699,0.373451857,89.19,6,22719.48409,1,0.005595536,8922,Significant_Damage_And_Serious_Injuries
28.85844749,16,0,52.46125798,0.401219618,82.53,2,37999.3671,1,0.516166765,1520,Minor_Damage_And_Injuries
58.03652968,11,18,64.58523245,0.339192932,83.96,2,40909.57632,1,0.553451831,4434,Minor_Damage_And_Injuries
28.21917808,13,6,66.54512306,0.298803462,79.51,4,41982.56248,3,0.077687034,1457,Highly_Fatal_And_Damaging
44.70319635,8,10,64.22060164,0.462525063,83.08,4,33892.77025,2,0.062135441,1382,Highly_Fatal_And_Damaging
52.19178082,13,3,69.4165907,0.306376488,80.44,4,41493.49388,3,0.075829901,11164,Minor_Damage_And_Injuries
30.3652968,16,9,70.69279854,0.424299315,79.21,2,37236.74911,0,0.506304901,4558,Significant_Damage_And_Serious_Injuries
32.73972603,12,0,69.5077484,0.33702921,79.14,4,26453.27692,3,0.048450867,1206,Highly_Fatal_And_Damaging
52.14611872,6,3,73.29079307,0.244349802,81.53,3,27827.85143,3,0.138981059,10461,Significant_Damage_And_Serious_Injuries
33.33333333,15,0,68.00364631,0.240022358,75.55,1,45132.30485,2,1.693863577,6629,Significant_Damage_And_Serious_Injuries
41.09589041,13,1,48.22242479,0.589824017,80.25,4,41437.80404,0,0.075886726,11899,Minor_Damage_And_Injuries
67.67123288,12,0,77.301732,0.344602236,78.64,7,28815.05953,1,0.002563311,7745,Significant_Damage_And_Fatalities
40.77625571,16,6,55.60619872,0.262020195,82.99,2,32028.74208,1,0.433461888,4920,Highly_Fatal_And_Damaging
36.84931507,17,1,66.18049225,0.329456185,78.11,1,24420.713,4,0.890281948,10545,Minor_Damage_And_Injuries
45.75342466,11,2,81.90519599,0.216582041,81.23,5,33729.96606,3,0.02354737,4052,Significant_Damage_And_Serious_Injuries
41.59817352,12,28,68.14038286,0.276084385,80.68,3,30098.57239,1,0.14944739,3221,Significant_Damage_And_Serious_Injuries
20.2283105,15,1,53.91978122,0.551598269,76.43,4,36683.45992,3,0.0670328,3797,Significant_Damage_And_Fatalities
24.38356164,14,11,41.06654512,0.62083736,79.64,6,45350.76032,3,0.011757469,10181,Highly_Fatal_And_Damaging
30.3196347,16,2,54.37556974,0.375254959,81.2,3,31568.91907,2,0.156147792,10863,Minor_Damage_And_Injuries
46.57534247,11,0,57.976299,0.619394879,82.71,2,25377.61392,2,0.343448657,12303,Significant_Damage_And_Serious_Injuries
18.17351598,16,9,57.01914312,0.288706094,78.29,4,23654.68494,2,0.043325067,6105,Significant_Damage_And_Fatalities
29.40639269,20,10,57.61166819,0.219467003,76.74,1,32734.06616,2,1.20865168,2625,Minor_Damage_And_Injuries
54.52054795,8,0,57.42935278,0.370206275,80.9,3,31639.1855,2,0.156343719,8461,Significant_Damage_And_Serious_Injuries
39.8173516,10,2,66.59070191,0.405907681,78.68,3,34132.24122,2,0.170899114,71,Highly_Fatal_And_Damaging
68.26484018,8,2,53.23609845,0.457476379,79.1,2,26637.37469,1,0.359258711,11226,Highly_Fatal_And_Damaging
28.40182648,13,12,46.7183227,0.633098449,77.71,3,39222.40512,4,0.195609414,11157,Significant_Damage_And_Fatalities
69.36073059,11,13,57.976299,0.62047674,77.6,3,34887.21721,4,0.173942207,11340,Significant_Damage_And_Fatalities
18.17351598,16,1,74.15679125,0.222351965,79.15,1,30184.66489,0,1.112216944,10797,Highly_Fatal_And_Damaging
51.46118721,13,3,58.97903373,0.32368626,79.71,2,17341.30483,2,0.234381066,3067,Minor_Damage_And_Injuries
40.54794521,20,6,59.7538742,0.488850343,74.85,6,35977.01231,1,0.009145793,58,Significant_Damage_And_Fatalities
25.89041096,14,2,59.5715588,0.367321313,79.23,6,24892.55613,2,0.006246517,12472,Highly_Fatal_And_Damaging
43.19634703,12,13,61.03008204,0.408071403,81.45,6,38809.34849,4,0.009597841,6280,Significant_Damage_And_Serious_Injuries
39.7260274,10,6,73.10847767,0.330898666,84.48,4,35704.47714,3,0.065021549,9516,Highly_Fatal_And_Damaging
47.53424658,18,4,71.87784868,0.238940498,76.8,7,38899.65944,2,0.003512413,4774,Significant_Damage_And_Fatalities
36.57534247,14,5,59.48040109,0.47190119,81.02,4,25740.88034,2,0.046480814,1214,Significant_Damage_And_Serious_Injuries
25.57077626,14,7,40.56517776,0.735153985,78.46,3,31006.55725,1,0.15363564,720,Significant_Damage_And_Fatalities
44.74885845,12,6,80.40109389,0.340996033,78.56,3,34481.22582,3,0.170794963,258,Significant_Damage_And_Serious_Injuries
61.73515982,10,2,57.24703737,0.414562568,80.19,5,27404.70712,4,0.019172465,1885,Minor_Damage_And_Injuries
38.81278539,13,23,67.77575205,0.25552903,82.54,6,29821.37766,2,0.007291694,2532,Significant_Damage_And_Serious_Injuries
35.20547945,11,2,57.29261623,0.444133429,84.27,3,23340.34701,3,0.116154201,4560,Highly_Fatal_And_Damaging
29.08675799,16,2,41.65907019,0.447379012,78.13,7,41724.56872,3,0.003837084,1816,Minor_Damage_And_Injuries
35.98173516,11,1,74.2935278,0.368763794,84.4,4,831.6955534,3,0.020264181,11010,Highly_Fatal_And_Damaging
57.94520548,4,7,49.68094804,0.470819329,82.27,3,43564.09444,0,0.217592819,11081,Significant_Damage_And_Fatalities
54.10958904,12,2,55.97082954,0.604970069,78.46,3,38671.1085,2,0.192838802,11988,Significant_Damage_And_Serious_Injuries
58.99543379,14,5,64.31175934,0.40374396,77.76,7,38259.14067,1,0.003734089,4942,Significant_Damage_And_Fatalities
45.11415525,11,2,75.84320875,0.28293617,79.03,3,48317.93035,1,0.241790541,11001,Significant_Damage_And_Serious_Injuries
55.93607306,15,4,68.96080219,0.199632889,80.54,7,31719.30836,2,0.002798876,11950,Significant_Damage_And_Fatalities
42.51141553,16,0,75.11394713,0.288345474,77.96,2,32922.51019,3,0.447344516,8497,Minor_Damage_And_Injuries
52.19178082,9,11,78.9881495,0.308540209,77.22,4,41509.54528,3,0.07602536,10481,Highly_Fatal_And_Damaging
20.2283105,15,3,70.51048314,0.382827984,81.55,4,37773.35538,2,0.069867542,7419,Highly_Fatal_And_Damaging
77.89954338,3,6,58.61440292,0.416726289,83.72,7,28426.25986,4,0.002867923,11494,Minor_Damage_And_Injuries
58.67579909,11,22,76.93710119,0.428266138,86.39,2,31919.67993,1,0.433893499,8880,Minor_Damage_And_Injuries
24.88584475,14,0,59.29808569,0.37741868,81.78,4,29969.74838,2,0.055063367,6593,Highly_Fatal_And_Damaging
36.02739726,14,2,64.26618049,0.502193292,76.58,3,16215.8644,2,0.078488125,2280,Significant_Damage_And_Serious_Injuries
21.23287671,15,5,62.71649954,0.392925352,84.03,4,20862.63434,2,0.03824749,3068,Highly_Fatal_And_Damaging
35.11415525,14,1,72.15132179,0.374894338,77.87,2,20374.98756,2,0.275745471,7762,Significant_Damage_And_Serious_Injuries
48.63013699,7,2,76.75478578,0.305294627,77.27,4,33323.29099,2,0.060964781,6016,Highly_Fatal_And_Damaging
26.71232877,17,3,62.03281677,0.452067075,80.19,3,18241.05709,1,0.09206491,10321,Minor_Damage_And_Injuries