Safety_Score,Days_Since_Inspection,Total_Safety_Complaints,Control_Metric,Turbulence_In_gforces,Cabin_Temperature,Accident_Type_Code,Max_Elevation,Violations,Adverse_Weather_Metric,Accident_ID,Severity
39.45205479,10,0,69.55332726,0.249037865,76.77,4,21376.9967,2,0.039788262,3496,Highly_Fatal_And_Damaging
18.31050228,16,3,57.83956244,0.589824017,78.23,2,38033.85421,0,0.514732243,8331,Highly_Fatal_And_Damaging
39.49771689,13,6,77.75752051,0.301688424,78.28,3,40538.78082,4,0.200404041,6054,Significant_Damage_And_Serious_Injuries
40.2283105,13,0,63.85597083,0.302770285,76.04,6,44592.21979,2,0.010697032,5606,Significant_Damage_And_Serious_Injuries
72.96803653,7,2,72.74384686,0.272838803,78.01,2,31484.43664,3,0.427609652,10954,Minor_Damage_And_Injuries
38.76712329,10,4,41.61349134,0.558089434,80.46,1,36638.34877,3,1.351274876,7580,Significant_Damage_And_Fatalities
31.55251142,19,4,79.62625342,0.199993509,80.44,3,31046.6876,2,0.153870217,8313,Minor_Damage_And_Injuries
44.20091324,19,4,65.58796718,0.261659574,77.61,4,22674.84765,3,0.042283526,3348,Significant_Damage_And_Fatalities
41.00456621,9,12,46.08021878,0.610739993,81.42,4,45290.88375,1,0.082953147,8709,Significant_Damage_And_Fatalities
56.48401826,15,7,71.37648131,0.22884313,81.78,7,50476.52682,2,0.00510547,11431,Significant_Damage_And_Fatalities
62.10045662,6,1,63.12670921,0.392204111,79.81,6,28815.05953,1,0.00706945,10293,Significant_Damage_And_Serious_Injuries
37.39726027,14,1,73.06289881,0.308900829,78.82,6,29660.96349,3,0.007417154,6450,Significant_Damage_And_Serious_Injuries
13.92694064,20,6,58.56882407,0.328734944,77.18,4,31041.73851,2,0.056617451,9929,Significant_Damage_And_Serious_Injuries
51.59817352,17,8,81.72288058,0.435478543,81.76,7,25156.06073,2,0.002451609,381,Significant_Damage_And_Fatalities
51.05022831,10,1,50.22789426,0.663029931,82.86,3,40528.32977,1,0.199990449,12384,Minor_Damage_And_Injuries
32.42009132,12,2,68.32269827,0.134,81.39,6,33079.16863,4,0.008145496,5715,Highly_Fatal_And_Damaging
12.69406393,18,1,71.37648131,0.290148576,78.16,7,23905.29206,2,0.002092937,1666,Highly_Fatal_And_Damaging
62.00913242,10,1,53.23609845,0.392564731,79.1,3,24527.64183,1,0.123159948,11823,Highly_Fatal_And_Damaging
56.30136986,11,20,63.94712853,0.448100252,78.12,3,39759.02,1,0.197841728,2823,Minor_Damage_And_Injuries
56.89497717,8,2,69.14311759,0.321161918,82.59,7,26062.36733,0,0.00253164,12396,Significant_Damage_And_Serious_Injuries
24.15525114,14,1,56.4721969,0.523469888,76.43,7,22345.03226,4,0.001979077,10478,Significant_Damage_And_Fatalities
14.10958904,21,15,70.55606199,0.222712586,75.07,3,27171.77467,2,0.133100818,8459,Significant_Damage_And_Serious_Injuries
37.48858447,10,0,73.70100273,0.291230436,78.7,4,23568.47262,1,0.043367369,11654,Highly_Fatal_And_Damaging
56.30136986,12,9,59.93618961,0.421774973,82.01,2,37411.15314,1,0.505802786,926,Minor_Damage_And_Injuries
47.48858447,11,23,71.05742935,0.278608727,79.99,3,33980.66168,3,0.170794963,9341,Significant_Damage_And_Serious_Injuries
51.23287671,13,13,64.85870556,0.245431662,81.01,1,39310.10552,2,1.432605349,6186,Minor_Damage_And_Injuries
29.26940639,16,0,47.08295351,0.491014064,83.27,2,33717.61085,2,0.454618024,4342,Minor_Damage_And_Injuries
61.50684932,10,12,56.65451231,0.586939055,82.2,2,37581.57149,4,0.506953609,11375,Highly_Fatal_And_Damaging
36.89497717,14,3,62.7620784,0.281493689,81.8,3,43148.00172,0,0.217024048,952,Significant_Damage_And_Serious_Injuries
46.11872146,15,13,69.91795807,0.403022719,77.59,2,37626.22558,2,0.50694664,22,Minor_Damage_And_Injuries
46.21004566,11,1,69.27985415,0.306376488,81.2,6,36790.50081,3,0.008978501,3985,Significant_Damage_And_Serious_Injuries
28.21917808,13,0,56.92798541,0.322243779,79.27,7,38818.4709,2,0.003447703,10026,Significant_Damage_And_Fatalities
51.68949772,10,3,67.77575205,0.507602596,86.51,2,25377.61392,2,0.339951975,4911,Significant_Damage_And_Serious_Injuries
18.94977169,16,3,75.47857794,0.223794446,80.78,3,30206.16457,1,0.151931986,1916,Highly_Fatal_And_Damaging
34.47488584,11,7,74.74931632,0.300606563,79.73,5,36131.65244,2,0.023913862,4435,Highly_Fatal_And_Damaging
33.24200913,12,1,49.63536919,0.366960692,81.08,4,36789.68548,3,0.06748373,3417,Significant_Damage_And_Fatalities
37.76255708,14,0,91.38559708,0.159243419,83.7,6,51312.92844,4,0.012983311,5748,Significant_Damage_And_Serious_Injuries
62.55707763,10,18,54.23883318,0.37741868,79.22,2,44097.24316,0,0.596791289,77,Highly_Fatal_And_Damaging
48.31050228,10,4,57.52051048,0.432954201,83.53,6,29541.18411,2,0.007472919,4084,Significant_Damage_And_Serious_Injuries
43.78995434,12,0,79.89972653,0.240022358,84.52,5,25377.66481,2,0.016908445,9812,Significant_Damage_And_Serious_Injuries
60.1369863,10,7,68.36827712,0.241104219,77.83,2,25777.00714,2,0.349246882,12212,Minor_Damage_And_Injuries
31.73515982,12,15,54.92251595,0.487407862,77.37,1,24135.44337,3,0.901972619,12048,Significant_Damage_And_Fatalities
46.66666667,18,11,75.38742024,0.388597908,81.76,7,31108.87857,2,0.002716604,10932,Significant_Damage_And_Fatalities
52.10045662,9,8,67.18322698,0.464328164,79,1,17945.36172,1,0.655500113,2687,Highly_Fatal_And_Damaging
93.47031963,6,11,72.97174111,0.39112225,84.03,2,20120.81896,1,0.272486025,4544,Significant_Damage_And_Fatalities
25.89041096,14,3,59.5715588,0.509766318,82.75,1,37533.17511,2,1.375305577,1679,Highly_Fatal_And_Damaging
48.58447489,14,29,71.55879672,0.355420844,76.86,5,3470.002175,3,0.005659998,5527,Minor_Damage_And_Injuries
14.24657534,17,0,70.46490428,0.290148576,76.55,4,27801.68407,1,0.050635684,1557,Highly_Fatal_And_Damaging
36.25570776,11,4,52.96262534,0.467573747,81.46,4,38286.9509,2,0.070596509,7757,Significant_Damage_And_Fatalities
51.18721461,10,1,37.83044667,0.540419041,76.92,5,31051.27797,2,0.020865409,4004,Minor_Damage_And_Injuries
62.05479452,13,17,85.59708295,0.351093401,81.27,2,31661.62881,3,0.430069222,9036,Significant_Damage_And_Fatalities
36.02739726,14,2,35.91613491,0.455673278,75.12,4,24707.19699,1,0.046209958,2408,Minor_Damage_And_Injuries
16.48401826,20,3,69.82680036,0.316834475,78.78,3,30696.56888,3,0.152942206,885,Significant_Damage_And_Serious_Injuries
21.18721461,15,0,61.349134,0.522748648,77.25,6,20993.96223,3,0.00520289,5409,Highly_Fatal_And_Damaging
46.57534247,15,0,62.07839562,0.263462676,78.93,5,22674.84765,1,0.01499081,11573,Minor_Damage_And_Injuries
33.83561644,15,1,79.85414768,0.21550018,75.68,3,16837.05984,1,0.084033025,7183,Significant_Damage_And_Serious_Injuries
56.62100457,8,5,85.68824066,0.158882798,80.16,6,35024.82167,2,0.008610704,8972,Significant_Damage_And_Serious_Injuries
47.53424658,17,22,55.65177758,0.568186801,76.13,7,28245.64126,2,0.002753495,9207,Significant_Damage_And_Serious_Injuries
52.19178082,13,11,78.94257065,0.39076163,84.2,6,37477.50746,3,0.009694498,770,Minor_Damage_And_Injuries
33.19634703,11,11,83.59161349,0.289066715,82.53,3,41770.80478,2,0.208458586,5923,Highly_Fatal_And_Damaging
27.16894977,13,1,64.03828624,0.339192932,77.56,4,24317.56146,1,0.044928916,4242,Highly_Fatal_And_Damaging
34.01826484,18,1,71.55879672,0.424299315,78.75,4,37047.55116,2,0.06791806,1265,Minor_Damage_And_Injuries
35.75342466,11,6,64.67639015,0.298082221,79.9,4,41238.43301,3,0.075311747,9316,Highly_Fatal_And_Damaging
60.1369863,10,1,62.62534184,0.317195096,83.73,5,48197.22075,0,0.033184857,6527,Minor_Damage_And_Injuries
55.84474886,8,10,66.31722881,0.416726289,78.31,3,31035.6552,2,0.15363564,4448,Significant_Damage_And_Serious_Injuries
62.32876712,13,5,75.06836828,0.237858637,78.56,7,13696.99706,4,0.001407585,10289,Significant_Damage_And_Fatalities
39.6803653,10,0,54.37556974,0.261659574,78.35,4,15261.99326,3,0.027990371,4086,Significant_Damage_And_Fatalities
19.543379,19,4,64.5396536,0.286542373,79.37,3,23081.83983,2,0.114395822,11296,Significant_Damage_And_Serious_Injuries
13.78995434,17,1,57.88514129,0.4044652,77.62,1,33766.62315,2,1.241427312,5371,Highly_Fatal_And_Damaging
40.68493151,16,0,68.50501367,0.25516841,83.6,7,42983.79289,3,0.0039865,1534,Minor_Damage_And_Injuries
68.12785388,8,8,45.44211486,0.575759827,78.87,1,52118.26964,2,1.818558216,3248,Minor_Damage_And_Injuries
26.11872146,17,6,70.55606199,0.295197259,80.95,7,36866.60223,2,0.003480723,4348,Significant_Damage_And_Serious_Injuries
34.29223744,12,7,54.8769371,0.63345907,80.52,1,35654.72193,3,1.307928612,5067,Significant_Damage_And_Fatalities
24.65753425,18,4,60.48313582,0.381746123,79.45,3,22547.19524,2,0.111897063,2098,Significant_Damage_And_Serious_Injuries
47.12328767,11,7,66.40838651,0.287263613,77.23,7,34655.46126,2,0.003056697,7940,Significant_Damage_And_Serious_Injuries
67.53424658,11,0,73.33637192,0.333423008,79.2,7,24792.92848,3,0.002291261,2083,Significant_Damage_And_Fatalities
62.46575342,10,20,58.75113947,0.672406058,75.83,3,47156.93843,4,0.23368441,6566,Minor_Damage_And_Injuries
50.1369863,13,6,73.42752963,0.252644068,80.98,2,27855.90158,3,0.374914819,9189,Minor_Damage_And_Injuries
64.33789954,9,0,65.49680948,0.578644789,78.78,4,25490.64416,2,0.046885846,1374,Minor_Damage_And_Injuries
25.98173516,14,7,59.61713765,0.503996394,81.64,4,45760.75609,2,0.082786067,10225,Highly_Fatal_And_Damaging
56.71232877,15,3,64.58523245,0.284018031,79.72,7,30615.00439,3,0.002670871,56,Significant_Damage_And_Fatalities
29.543379,13,0,81.58614403,0.433675442,75.31,1,45416.58252,2,1.66486419,9512,Highly_Fatal_And_Damaging
30.91324201,16,0,70.51048314,0.295197259,76.68,2,30451.56601,0,0.409374818,2662,Significant_Damage_And_Serious_Injuries
20.2739726,15,2,66.90975387,0.413120087,80.85,2,45020.55435,3,0.610441183,1873,Highly_Fatal_And_Damaging
24.79452055,14,7,75.8887876,0.451345835,85.04,4,31236.0296,2,0.058088148,8476,Highly_Fatal_And_Damaging
44.79452055,8,4,57.61166819,0.256610891,86.98,4,44502.49662,2,0.081120093,480,Highly_Fatal_And_Damaging
74.65753425,5,6,53.73746582,0.311064551,77.98,2,36219.52131,2,0.492287323,4018,Minor_Damage_And_Injuries
22.05479452,15,19,62.12397448,0.330898666,78.59,7,28164.6002,3,0.002627593,6281,Highly_Fatal_And_Damaging
22.60273973,15,5,51.36736554,0.52635485,77.67,4,27296.49509,2,0.050222997,9843,Significant_Damage_And_Fatalities
57.67123288,11,4,64.12944394,0.409874504,82.69,2,23317.6699,2,0.31678486,8005,Minor_Damage_And_Injuries
44.56621005,12,1,63.85597083,0.284739272,84.48,6,27372.91297,0,0.006833851,1169,Significant_Damage_And_Serious_Injuries
51.59817352,17,4,74.02005469,0.252644068,79.51,7,45934.13348,4,0.003923191,7920,Significant_Damage_And_Fatalities
46.75799087,11,1,66.36280766,0.252283448,76.98,3,33599.09027,1,0.168758363,11054,Significant_Damage_And_Serious_Injuries
20.54794521,15,1,56.42661805,0.466131266,79.86,1,32621.52616,3,1.203641484,4624,Significant_Damage_And_Fatalities
20.50228311,15,5,80.62898815,0.381746123,89.19,4,32626.60559,1,0.060060354,3474,Highly_Fatal_And_Damaging
55.34246575,9,15,78.07657247,0.333062387,76.87,3,35851.21078,1,0.178257539,8847,Significant_Damage_And_Serious_Injuries
37.44292237,14,4,54.46672744,0.410235124,80.2,3,22418.79746,3,0.112255875,2205,Minor_Damage_And_Injuries
35.29680365,11,4,60.66545123,0.272117562,81.1,4,20390.80249,2,0.037949075,7055,Highly_Fatal_And_Damaging
61.32420091,10,9,68.36827712,0.398695276,81.12,5,15509.4345,2,0.010239283,6822,Minor_Damage_And_Injuries
37.48858447,17,0,96.8094804,0.211172737,76.8,1,37268.64778,2,1.372374168,3166,Minor_Damage_And_Injuries
50.3196347,13,5,55.60619872,0.434396682,78.75,1,25291.40489,3,0.925208521,6500,Highly_Fatal_And_Damaging
32.10045662,12,14,88.46855059,0.245071042,80.21,1,25712.68915,2,0.948341399,6313,Highly_Fatal_And_Damaging
32.92237443,12,7,75.25068368,0.316473855,79.86,6,35683.77174,1,0.008699993,1469,Highly_Fatal_And_Damaging
49.5890411,10,3,73.06289881,0.24218608,79.99,3,12479.62528,4,0.057862583,803,Significant_Damage_And_Serious_Injuries
47.48858447,11,23,72.28805834,0.205042193,78.2,3,26471.40049,3,0.132090953,4891,Significant_Damage_And_Serious_Injuries
49.6803653,7,0,81.58614403,0.434036062,77.85,4,30497.88866,4,0.056073196,57,Highly_Fatal_And_Damaging
46.16438356,11,1,52.59799453,0.392564731,79.72,2,37871.05576,0,0.510633766,9384,Minor_Damage_And_Injuries
30.3196347,13,0,82.90793072,0.28329679,77.09,3,33924.80145,1,0.168173043,8440,Highly_Fatal_And_Damaging
37.35159817,14,1,68.04922516,0.253004688,78.21,3,28202.75965,1,0.141000605,5373,Significant_Damage_And_Serious_Injuries
24.15525114,18,3,72.06016408,0.319358817,77.36,2,46240.75501,0,0.620903116,3917,Significant_Damage_And_Serious_Injuries
23.92694064,14,0,89.97265269,0.28293617,75.2,4,35048.02659,4,0.064017054,5123,Highly_Fatal_And_Damaging
21.27853881,15,15,81.26709207,0.20107537,75.97,1,12221.251,1,0.389486935,2250,Highly_Fatal_And_Damaging
46.98630137,11,3,73.97447584,0.335586729,78.03,6,35902.35475,1,0.009187615,309,Significant_Damage_And_Serious_Injuries
42.37442922,12,19,35.27803099,0.754627479,77.64,6,24798.35408,1,0.006051087,9752,Significant_Damage_And_Serious_Injuries
63.33333333,10,13,64.85870556,0.339553552,80.42,2,22472.16746,3,0.302231914,1528,Minor_Damage_And_Injuries
23.92694064,14,6,87.37465816,0.199632889,80.09,1,25712.68915,3,0.938862345,133,Highly_Fatal_And_Damaging
18.31050228,16,1,80.674567,0.269953841,82.97,4,17933.05028,3,0.031142769,9112,Highly_Fatal_And_Damaging
55.57077626,12,10,65.54238833,0.278969347,77.99,5,27917.30258,1,0.019342855,10264,Minor_Damage_And_Injuries
93.78995434,4,2,63.90154968,0.245431662,79.72,7,47715.83146,4,0.004358599,11475,Significant_Damage_And_Fatalities
34.01826484,11,14,57.65724704,0.395089073,86.13,5,18842.78867,1,0.012870065,7736,Highly_Fatal_And_Damaging
62.19178082,7,0,47.94895169,0.735153985,79.74,5,42768.50948,2,0.028632141,727,Significant_Damage_And_Serious_Injuries
41.32420091,16,4,58.84229717,0.219467003,77.29,1,28509.75968,1,1.032747503,1120,Minor_Damage_And_Injuries
76.11872146,9,12,66.95533273,0.306376488,78.5,7,23787.7963,2,0.002370533,5658,Significant_Damage_And_Fatalities
30.77625571,19,3,59.89061076,0.439084746,78.25,3,24242.43199,2,0.119911593,5720,Minor_Damage_And_Injuries
45.79908676,11,2,82.90793072,0.362993869,77.73,6,28520.19777,3,0.007077648,1945,Significant_Damage_And_Serious_Injuries
27.48858447,16,0,67.41112124,0.414923188,84.72,3,22592.55026,1,0.111897063,6148,Significant_Damage_And_Serious_Injuries
40.54794521,9,24,60.98450319,0.416726289,78.64,7,47132.95711,2,0.003878064,2041,Highly_Fatal_And_Damaging
30.91324201,16,0,84.86782133,0.312146412,81.7,3,36366.15301,1,0.180699126,8641,Significant_Damage_And_Serious_Injuries
28.90410959,13,0,61.85050137,0.312146412,77.53,4,30580.75163,2,0.055605158,1853,Highly_Fatal_And_Damaging
40.73059361,9,1,85.96171376,0.281854309,81.53,1,36065.20853,1,1.32780562,6591,Highly_Fatal_And_Damaging
36.84931507,14,11,59.70829535,0.308540209,79.99,3,43459.93175,4,0.217592819,9865,Significant_Damage_And_Serious_Injuries
53.47031963,9,2,80.44667274,0.523469888,77.85,3,30187.30099,3,0.150293722,5858,Significant_Damage_And_Serious_Injuries
12.96803653,18,2,75.43299909,0.270314461,77.58,4,41371.63656,2,0.076360978,10602,Highly_Fatal_And_Damaging
71.68949772,7,0,46.99179581,0.355781464,82.08,2,15496.08616,2,0.210809445,8505,Minor_Damage_And_Injuries
15.43378995,17,3,67.50227894,0.505078255,85.07,1,27361.8,2,1.006584369,8300,Highly_Fatal_And_Damaging
18.94977169,19,5,59.16134913,0.456033898,76.87,3,22708.3165,2,0.113058051,5089,Significant_Damage_And_Serious_Injuries
32.55707763,15,22,76.07110301,0.380303642,78.27,6,41263.02536,3,0.009972989,5855,Significant_Damage_And_Serious_Injuries
29.49771689,20,10,57.61166819,0.366600072,78.73,4,38630.47568,1,0.070887327,3458,Minor_Damage_And_Injuries
40.54794521,20,1,40.97538742,0.663751172,81.06,1,28633.1465,1,1.060390686,10432,Significant_Damage_And_Fatalities
25.29680365,14,0,48.58705561,0.590545258,82.72,4,37386.79127,3,0.068636161,11845,Significant_Damage_And_Fatalities
40.77625571,16,8,55.69735643,0.317555716,79.73,2,48722.48476,3,0.664582259,2362,Highly_Fatal_And_Damaging
59.45205479,14,16,85.59708295,0.351093401,80.07,1,35415.6753,3,1.301223114,9132,Significant_Damage_And_Fatalities
38.40182648,14,14,56.97356427,0.53897656,85.61,2,49106.35596,2,0.653900333,2216,Minor_Damage_And_Injuries
31.82648402,15,0,69.14311759,0.335947349,86.96,6,40561.69267,2,0.009456813,11507,Significant_Damage_And_Serious_Injuries
28.21917808,13,14,82.86235187,0.211893978,80.27,1,23197.10809,0,0.849133434,6395,Highly_Fatal_And_Damaging
53.74429224,9,3,63.44576117,0.353617743,78.9,3,34501.86148,4,0.171426427,9435,Significant_Damage_And_Serious_Injuries
35.98173516,11,4,60.66545123,0.272117562,79.72,5,39103.4153,1,0.026612303,403,Highly_Fatal_And_Damaging
70.3196347,4,5,55.60619872,0.300967184,79.04,3,22841.76341,3,0.113058051,10991,Minor_Damage_And_Injuries
57.67123288,11,0,76.89152233,0.426823657,77.81,1,41139.7992,3,1.526875303,5535,Minor_Damage_And_Injuries
39.13242009,13,0,66.90975387,0.294476019,84.74,3,11938.90931,4,0.057862583,11034,Significant_Damage_And_Serious_Injuries
35.29680365,14,5,65.86144029,0.362272629,78.63,4,22429.33718,2,0.040335528,5711,Significant_Damage_And_Serious_Injuries
28.94977169,20,7,68.55059253,0.443772809,79.88,6,25239.66271,3,0.006380526,7898,Significant_Damage_And_Fatalities
36.07305936,14,4,61.62260711,0.462525063,78.04,5,42708.85447,3,0.028789198,10474,Significant_Damage_And_Serious_Injuries
56.75799087,8,4,69.14311759,0.321161918,83.74,6,28510.12249,2,0.007078022,880,Significant_Damage_And_Serious_Injuries
40.63926941,9,3,54.05651778,0.487407862,78.08,1,20142.47068,2,0.744647606,4689,Significant_Damage_And_Fatalities
54.01826484,12,3,56.79124886,0.469376848,83.31,2,20482.4787,1,0.277200206,5120,Highly_Fatal_And_Damaging
32.73972603,12,9,73.19963537,0.325489362,82.53,4,34386.24699,2,0.063407852,11203,Highly_Fatal_And_Damaging
66.57534247,9,37,45.39653601,0.725777858,80.24,1,48367.58932,2,1.787288872,3541,Significant_Damage_And_Serious_Injuries
36.43835616,10,0,63.76481313,0.379221781,75.95,4,19689.99187,4,0.035517131,5879,Highly_Fatal_And_Damaging
42.32876712,12,10,73.42752963,0.319358817,77.49,3,29977.7218,1,0.149220529,5967,Significant_Damage_And_Serious_Injuries
51.73515982,10,1,40.10938924,0.509766318,79.35,2,49762.79706,3,0.675069585,1763,Minor_Damage_And_Injuries
17.48858447,16,1,62.89881495,0.477671114,78.72,4,40580.03774,3,0.073699076,10924,Highly_Fatal_And_Damaging
36.11872146,14,3,62.71649954,0.443772809,80.62,3,25272.12489,2,0.125121486,5766,Significant_Damage_And_Serious_Injuries
48.63013699,17,3,71.87784868,0.395810314,77.41,4,34315.19241,4,0.062792924,9251,Significant_Damage_And_Fatalities
8.03652968,19,36,85.50592525,0.219827624,76.96,1,31250.15837,2,1.141176238,3375,Highly_Fatal_And_Damaging
37.39726027,17,15,60.02734731,0.391482871,79.17,1,25631.34571,1,0.938862345,9958,Minor_Damage_And_Injuries
23.83561644,14,0,72.74384686,0.219106383,77.91,5,32944.33368,3,0.021553358,5820,Highly_Fatal_And_Damaging
39.26940639,10,5,72.01458523,0.239661738,79.86,5,35594.72289,1,0.024540663,8896,Highly_Fatal_And_Damaging
64.29223744,9,1,78.57793984,0.40374396,78.7,4,17700.92009,1,0.032193075,3151,Minor_Damage_And_Injuries
75.43378995,10,1,49.22515953,0.524191129,88.39,7,44888.76314,1,0.003913116,2577,Significant_Damage_And_Serious_Injuries
38.49315068,13,14,70.19143118,0.439805986,79.51,6,33528.51335,1,0.009103878,3555,Significant_Damage_And_Serious_Injuries
48.67579909,7,8,86.00729262,0.270314461,81.28,1,26663.96084,2,0.984261737,8051,Highly_Fatal_And_Damaging
56.48401826,12,20,63.94712853,0.245792283,76.5,2,33495.77609,2,0.453246293,7237,Minor_Damage_And_Injuries
31.68949772,19,17,70.60164084,0.388958529,77.83,6,34956.47223,3,0.008699993,11817,Minor_Damage_And_Injuries
29.22374429,13,1,64.94986326,0.438002885,79.51,2,23407.411,2,0.316958074,1881,Highly_Fatal_And_Damaging
49.31506849,14,2,81.90519599,0.158882798,81.83,1,17287.25562,2,0.664870454,4604,Minor_Damage_And_Injuries
47.35159817,14,1,48.08568824,0.447739632,80.43,3,38720.45237,0,0.191866235,107,Highly_Fatal_And_Damaging
69.543379,11,9,78.66909754,0.208287775,79.77,7,19550.42361,3,0.002025695,5221,Significant_Damage_And_Fatalities
33.05936073,15,3,52.59799453,0.401219618,79.22,4,28716.27546,2,0.053758613,1211,Minor_Damage_And_Injuries
29.22374429,13,1,77.71194166,0.362272629,86.43,5,29078.85711,1,0.019551683,2530,Highly_Fatal_And_Damaging
64.29223744,9,0,65.49680948,0.578644789,89.82,1,18897.27746,1,0.703984358,6603,Minor_Damage_And_Injuries
50.1369863,14,2,51.91431176,0.494620267,79.46,2,16200.33643,2,0.213127819,4409,Highly_Fatal_And_Damaging
69.7716895,8,2,71.05742935,0.330538045,76.14,2,29821.78236,3,0.403561046,5671,Minor_Damage_And_Injuries
38.35616438,17,3,59.29808569,0.524551749,82.69,5,19433.6328,2,0.012514412,1092,Minor_Damage_And_Injuries
42.05479452,20,15,72.88058341,0.240022358,81.62,4,35684.88277,0,0.065408585,11720,Significant_Damage_And_Fatalities
45.79908676,11,4,81.90519599,0.317195096,81.75,3,46567.49655,1,0.231870737,11332,Significant_Damage_And_Serious_Injuries
24.88584475,14,19,74.33910665,0.373451857,78.54,4,32099.60495,2,0.058588425,9276,Highly_Fatal_And_Damaging
28.08219178,13,5,59.11577028,0.426823657,85.11,5,30677.10545,2,0.019927301,12119,Highly_Fatal_And_Damaging
28.99543379,13,22,87.55697356,0.302409665,80.8,4,42829.49917,2,0.079028322,3396,Highly_Fatal_And_Damaging
45.57077626,8,17,48.54147675,0.514093761,79.45,1,39029.73356,3,1.45138366,4347,Significant_Damage_And_Fatalities
42.10045662,16,5,70.00911577,0.493899026,76.3,2,28473.78615,2,0.383236114,5134,Minor_Damage_And_Injuries
45.15981735,11,4,68.73290793,0.276084385,82.73,3,36790.50081,2,0.183423033,7465,Significant_Damage_And_Serious_Injuries
38.81278539,17,20,66.1349134,0.449542734,80.04,1,25958.13746,1,0.959037978,2433,Minor_Damage_And_Injuries
24.79452055,14,3,38.96991796,0.654375045,77.91,7,32734.22227,2,0.003006204,8516,Significant_Damage_And_Fatalities
51.05022831,10,6,69.82680036,0.35037216,85.64,6,25227.60874,2,0.006300939,3091,Significant_Damage_And_Serious_Injuries
33.19634703,11,3,58.79671832,0.609658132,81.13,1,33313.71926,0,1.222971208,1586,Highly_Fatal_And_Damaging
40.1369863,13,12,55.05925251,0.448100252,85.26,3,50314.72046,4,0.247733689,1749,Minor_Damage_And_Injuries
43.78995434,9,24,66.1349134,0.530682294,79.65,6,31702.32966,2,0.008060077,10391,Highly_Fatal_And_Damaging
38.90410959,10,0,54.32999088,0.204681572,79.31,1,15261.99326,4,0.563737504,10735,Significant_Damage_And_Fatalities
41.14155251,13,3,69.14311759,0.253725929,86.18,6,36790.50081,3,0.008690673,10410,Significant_Damage_And_Serious_Injuries
31.27853881,12,2,82.90793072,0.264183916,84.55,4,20578.67283,1,0.036900366,12312,Highly_Fatal_And_Damaging
18.90410959,19,9,70.9206928,0.424299315,78.42,1,22087.48601,5,0.819092325,11589,Significant_Damage_And_Serious_Injuries
24.38356164,14,0,59.29808569,0.392564731,81.32,2,43290.0146,2,0.588559895,12301,Highly_Fatal_And_Damaging
36.07305936,11,3,45.80674567,0.456033898,79.12,4,43562.3601,3,0.08016312,9706,Significant_Damage_And_Fatalities
63.33333333,6,1,52.64357338,0.307818969,76.65,7,36219.52131,3,0.003324592,164,Minor_Damage_And_Injuries
40.63926941,9,10,75.7064722,0.245431662,84.48,4,40666.47071,3,0.073997785,2641,Highly_Fatal_And_Damaging
46.02739726,15,8,68.82406563,0.278248107,84.36,2,19364.54539,1,0.264253744,4089,Minor_Damage_And_Injuries
33.47031963,11,1,65.13217867,0.514093761,80.36,4,31168.93238,2,0.057672738,3921,Highly_Fatal_And_Damaging
38.26484018,17,0,68.00364631,0.339914172,80.96,1,33745.49303,3,1.242204645,10202,Minor_Damage_And_Injuries
39.7260274,17,8,69.4165907,0.306376488,76.92,2,49422.62777,3,0.673466223,1781,Minor_Damage_And_Injuries
75.98173516,6,12,65.90701914,0.335586729,81.26,4,34804.4675,2,0.063932188,1648,Minor_Damage_And_Injuries
12.10045662,18,13,74.61257976,0.290509196,77.58,4,25262.93231,1,0.045459722,3608,Highly_Fatal_And_Damaging
68.67579909,11,16,56.19872379,0.466131266,80.53,7,47797.84674,1,0.004451269,7018,Significant_Damage_And_Serious_Injuries
19.17808219,21,3,50.68368277,0.527076091,76.64,3,21741.07941,3,0.108435418,2650,Highly_Fatal_And_Damaging
31.23287671,12,0,73.33637192,0.342799135,84.48,5,43276.56458,1,0.029283072,8358,Highly_Fatal_And_Damaging
39.6803653,10,12,54.9680948,0.468655608,78.67,1,24314.56676,1,0.901972619,1035,Significant_Damage_And_Fatalities
13.69863014,18,17,70.32816773,0.333423008,78.93,4,26501.39455,2,0.048461958,5167,Highly_Fatal_And_Damaging
44.20091324,8,6,85.77939836,0.17475009,79.87,3,41205.68903,4,0.205151046,1902,Highly_Fatal_And_Damaging
15.06849315,17,0,61.2579763,0.395089073,79.45,4,32880.40967,2,0.059734503,3776,Highly_Fatal_And_Damaging
17.39726027,16,2,68.64175023,0.246874144,84.93,1,18000.50563,1,0.651623743,9248,Highly_Fatal_And_Damaging
65.43378995,12,9,62.30628988,0.289066715,78.52,7,31436.64457,3,0.002561626,6656,Significant_Damage_And_Fatalities
39.45205479,13,13,58.84229717,0.472622431,85.11,3,29640.20943,3,0.147491836,3165,Significant_Damage_And_Serious_Injuries