Safety_Score,Days_Since_Inspection,Total_Safety_Complaints,Control_Metric,Turbulence_In_gforces,Cabin_Temperature,Accident_Type_Code,Max_Elevation,Violations,Adverse_Weather_Metric,Accident_ID,Severity
42.23744292,12,4,66.95533273,0.419971872,81.27,7,35247.2888,1,0.003309241,5104,Significant_Damage_And_Serious_Injuries
45.47945205,11,2,59.48040109,0.340274793,80.66,6,35902.35475,3,0.00857915,4114,Significant_Damage_And_Serious_Injuries
33.05936073,15,2,47.90337284,0.429708619,81.14,2,41045.694,2,0.556857561,294,Minor_Damage_And_Injuries
56.48401826,12,4,59.98176846,0.374894338,77.74,3,42110.17765,3,0.20952489,11806,Minor_Damage_And_Injuries
29.17808219,12,2,82.31540565,0.177995673,82.38,6,26360.68314,1,0.006448712,1574,Highly_Fatal_And_Damaging
51.64383562,9,1,88.92433911,0.276805626,78.84,6,36295.10335,4,0.009016833,3128,Significant_Damage_And_Serious_Injuries
57.67123288,4,12,42.98085688,0.735153985,84.9,3,27604.71866,3,0.137841679,8829,Significant_Damage_And_Fatalities
27.67123288,13,2,69.4165907,0.314310133,77.86,4,49422.62777,3,0.089775732,10227,Highly_Fatal_And_Damaging
56.94063927,11,5,73.92889699,0.232809953,78.16,2,33256.46682,2,0.452214632,5303,Minor_Damage_And_Injuries
39.13242009,10,8,57.47493163,0.333423008,77.13,3,40698.99932,2,0.201783602,9633,Highly_Fatal_And_Damaging
55.34246575,12,4,61.66818596,0.633098449,77.16,2,29071.49595,3,0.395809076,1136,Minor_Damage_And_Injuries
23.78995434,14,0,66.49954421,0.360108907,85.22,6,831.6955534,1,0.001206359,9169,Highly_Fatal_And_Damaging
9.680365297,19,9,49.58979034,0.302049044,81.91,2,30448.47001,1,0.411684928,9134,Highly_Fatal_And_Damaging
29.08675799,13,0,66.2260711,0.455673278,82.81,4,25836.48744,2,0.047527435,6177,Highly_Fatal_And_Damaging
53.47031963,16,0,76.48131267,0.29627912,82.66,7,22214.44546,4,0.001595517,2372,Significant_Damage_And_Fatalities
41.18721461,13,4,60.11850501,0.548352687,76.79,4,13468.0085,2,0.025039997,4584,Significant_Damage_And_Serious_Injuries
47.89954338,7,14,78.07657247,0.329456185,80.2,5,18887.31616,3,0.013301896,8741,Highly_Fatal_And_Damaging
52.96803653,9,16,68.36827712,0.398334656,75.98,3,26782.02428,1,0.13309957,2733,Significant_Damage_And_Serious_Injuries
55.66210046,12,10,56.06198724,0.281133069,79.28,6,37014.21695,2,0.008427571,11159,Highly_Fatal_And_Damaging
14.10958904,17,9,66.72743847,0.254447169,75.55,4,21193.42533,2,0.038211248,10659,Highly_Fatal_And_Damaging
34.42922374,15,23,70.87511395,0.224876307,79.2,6,19271.92219,2,0.004316395,3800,Significant_Damage_And_Serious_Injuries
41.64383562,16,8,53.23609845,0.724335377,79.61,1,36597.97026,2,1.363369436,10544,Highly_Fatal_And_Damaging
24.70319635,17,12,41.06654512,0.578284169,77.4,7,21720.57383,2,0.001949146,7752,Significant_Damage_And_Serious_Injuries
1.415525114,21,5,53.73746582,0.488129102,77.62,1,22401.79227,1,0.821132663,11230,Significant_Damage_And_Fatalities
58.08219178,11,2,52.41567912,0.313228273,77.4,2,32053.66984,1,0.432315046,9375,Highly_Fatal_And_Damaging
38.44748858,17,5,66.77301732,0.419971872,78.64,1,21489.47502,2,0.788798023,10052,Minor_Damage_And_Injuries
53.01369863,12,7,59.29808569,0.504717634,78.37,5,53455.04511,1,0.035047967,3096,Minor_Damage_And_Injuries
37.67123288,14,16,59.07019143,0.447018392,83.92,7,35110.9407,1,0.003022079,11021,Significant_Damage_And_Serious_Injuries
57.57990868,11,7,76.89152233,0.428266138,78.52,2,25723.82936,3,0.349502745,7888,Minor_Damage_And_Injuries
58.17351598,15,3,61.62260711,0.656538767,80.98,5,33871.58628,4,0.023608923,4363,Significant_Damage_And_Fatalities
37.48858447,14,1,79.76298997,0.251201587,80.58,3,26266.36796,2,0.131453134,5140,Significant_Damage_And_Serious_Injuries
53.65296804,9,4,45.39653601,0.637425893,77.41,7,30664.96845,2,0.00269001,9828,Minor_Damage_And_Injuries
18.12785388,16,14,61.03008204,0.523469888,78.91,2,46832.98709,2,0.630774369,11865,Highly_Fatal_And_Damaging
38.85844749,13,19,61.03008204,0.366960692,77,3,29921.1345,1,0.149082972,368,Significant_Damage_And_Serious_Injuries
42.87671233,12,14,68.96080219,0.192059863,79.08,3,48088.20172,4,0.234735222,112,Significant_Damage_And_Serious_Injuries
3.287671233,23,3,64.12944394,0.406628922,78.84,3,24998.05022,3,0.12433665,1572,Significant_Damage_And_Serious_Injuries
29.7260274,13,0,64.6308113,0.438363505,77.56,2,20377.44427,2,0.275745471,7877,Highly_Fatal_And_Damaging
45.57077626,11,1,63.44576117,0.334865489,81.03,3,30772.60164,1,0.153207762,5693,Significant_Damage_And_Serious_Injuries
36.02739726,14,4,51.09389243,0.375615579,79.97,2,57472.21153,2,0.736627401,11636,Minor_Damage_And_Injuries
33.78995434,11,2,63.90154968,0.502553913,75.95,1,44739.94352,1,1.700026888,2977,Highly_Fatal_And_Damaging
52.10045662,6,1,80.03646308,0.134,79.3,4,22331.87513,1,0.041338453,9154,Highly_Fatal_And_Damaging
29.36073059,20,10,69.05195989,0.24146484,77.13,1,36086.89996,2,1.329734801,987,Minor_Damage_And_Injuries
51.18721461,10,1,59.6627165,0.531764154,81.72,6,41050.34183,1,0.009796937,7089,Significant_Damage_And_Serious_Injuries
40.82191781,13,2,62.9443938,0.312507032,77.53,6,24590.30396,3,0.006353241,1418,Significant_Damage_And_Serious_Injuries
45.98173516,15,0,67.86690975,0.373451857,76.95,2,46974.3904,2,0.637457087,1736,Minor_Damage_And_Injuries
60.0913242,10,5,70.41932543,0.325849982,76.45,2,44265.54378,2,0.597413022,4248,Minor_Damage_And_Injuries
42.64840183,8,5,74.79489517,0.233531194,77.6,4,42329.01793,1,0.077798183,9570,Highly_Fatal_And_Damaging
28.67579909,13,10,86.9644485,0.312146412,76.56,6,25187.71192,2,0.006276541,12248,Highly_Fatal_And_Damaging
34.84018265,14,0,72.56153145,0.345323476,89.43,6,29078.85711,1,0.007241248,11792,Significant_Damage_And_Serious_Injuries
48.81278539,10,7,58.43208751,0.52635485,82.64,6,52249.61015,2,0.012159953,12477,Significant_Damage_And_Serious_Injuries
32.46575342,15,0,64.72196901,0.345323476,89.43,6,23921.68749,3,0.006276541,663,Significant_Damage_And_Serious_Injuries
56.75799087,8,5,74.70373747,0.233531194,78.67,6,41528.1513,2,0.010153212,219,Significant_Damage_And_Serious_Injuries
32.10045662,12,1,41.43117593,0.538615939,78.51,4,29502.76342,2,0.054036196,2614,Significant_Damage_And_Fatalities
56.02739726,12,18,72.47037375,0.194944825,77.41,5,28923.90026,1,0.019585569,8792,Minor_Damage_And_Injuries
63.28767123,10,1,53.23609845,0.427905517,83.9,2,26298.07196,2,0.35562409,2005,Highly_Fatal_And_Damaging
70.3196347,4,11,56.24430264,0.538615939,82.25,3,29313.43283,3,0.144784764,6425,Minor_Damage_And_Injuries
56.30136986,12,7,55.46946217,0.409153264,81.43,7,50201.50057,3,0.004358599,795,Highly_Fatal_And_Damaging
55.34246575,8,10,87.69371012,0.277526866,83.07,3,20210.96474,1,0.098496104,1784,Significant_Damage_And_Serious_Injuries
48.40182648,7,22,77.34731085,0.40374396,75.88,2,14865.90565,2,0.201266098,5302,Highly_Fatal_And_Damaging
14.70319635,17,1,50,0.745972593,79.97,1,36597.97026,5,1.360401716,10511,Significant_Damage_And_Fatalities
17.71689498,16,7,57.01914312,0.375615579,78.04,2,26266.13898,2,0.355905702,28,Significant_Damage_And_Fatalities
33.01369863,12,5,54.6946217,0.478392355,77.74,4,15949.80734,3,0.029742008,2552,Significant_Damage_And_Fatalities
29.45205479,13,11,75.75205105,0.339192932,83.02,1,17157.86318,2,0.62840817,9953,Highly_Fatal_And_Damaging
58.49315068,1,5,75.38742024,0.245792283,76.11,6,16149.3177,3,0.003678584,9705,Significant_Damage_And_Serious_Injuries
30.0913242,16,0,71.46763902,0.322243779,79.42,6,46240.75501,1,0.011241529,2308,Significant_Damage_And_Serious_Injuries
37.57990868,10,6,77.16499544,0.242907321,81.25,4,24926.76721,1,0.045409833,3378,Highly_Fatal_And_Damaging
39.9086758,13,1,70.69279854,0.20143599,78.2,3,32921.01472,3,0.164009611,1176,Significant_Damage_And_Serious_Injuries
51.82648402,13,5,55.83409298,0.503635774,81.42,2,41874.66365,4,0.567201133,5591,Highly_Fatal_And_Damaging
36.80365297,11,10,53.2816773,0.405186441,81.56,4,21037.27854,1,0.038830771,8705,Significant_Damage_And_Fatalities
54.70319635,12,1,43.66453965,0.48596538,78.94,3,22564.4372,3,0.112198794,127,Highly_Fatal_And_Damaging
27.94520548,20,6,76.48131267,0.381746123,81.82,4,32328.21992,3,0.058717197,9199,Minor_Damage_And_Injuries
27.71689498,13,5,65.13217867,0.58044789,79.73,5,32372.42226,1,0.021375751,1672,Highly_Fatal_And_Damaging
34.79452055,14,5,61.57702826,0.51229066,76.07,3,36736.64282,0,0.183310929,7087,Significant_Damage_And_Serious_Injuries
43.10502283,15,1,58.79671832,0.28221493,81.08,2,20737.02088,1,0.281139883,5787,Minor_Damage_And_Injuries
54.74885845,9,28,82.08751139,0.395810314,76.56,2,25019.92995,3,0.336595105,12447,Significant_Damage_And_Serious_Injuries
58.99543379,14,7,69.4165907,0.324768121,79.22,7,31856.30338,3,0.002855483,2065,Significant_Damage_And_Fatalities
47.76255708,14,1,65.08659982,0.330538045,82.3,2,16099.47741,4,0.209602823,7241,Minor_Damage_And_Injuries
16.11872146,17,3,78.85141294,0.247234764,79.51,3,30206.16457,1,0.151103536,6475,Highly_Fatal_And_Damaging
37.80821918,10,4,76.89152233,0.370566895,81.25,4,16209.2903,0,0.029688351,8095,Highly_Fatal_And_Damaging
58.12785388,11,5,81.54056518,0.29627912,77.56,2,12595.42888,1,0.134834939,7656,Minor_Damage_And_Injuries
6.575342466,19,6,75.7976299,0.20143599,80.83,5,23270.13309,4,0.015390659,2033,Highly_Fatal_And_Damaging
19.9543379,15,8,63.94712853,0.20143599,85.75,2,21997.4295,3,0.29685444,11465,Highly_Fatal_And_Damaging
42.83105023,9,1,59.79945305,0.416005049,81.15,4,29969.74838,2,0.055088709,3938,Highly_Fatal_And_Damaging
40.0913242,13,16,72.19690064,0.527076091,77.11,6,47882.56666,2,0.011305769,1052,Significant_Damage_And_Serious_Injuries
45.06849315,15,1,69.325433,0.294476019,83.34,2,36790.50081,3,0.499167816,5986,Minor_Damage_And_Injuries
36.07305936,11,3,62.57976299,0.480556076,77.65,2,40813.30576,3,0.55117256,12302,Highly_Fatal_And_Damaging
3.287671233,21,8,67.41112124,0.421774973,77.22,4,29968.12533,3,0.055027123,5859,Minor_Damage_And_Injuries
23.83561644,14,2,72.74384686,0.233531194,77.08,4,32944.33368,4,0.059734503,2525,Highly_Fatal_And_Damaging
40.63926941,13,11,63.35460346,0.298442842,79.9,3,34937.22622,1,0.174856049,10626,Significant_Damage_And_Serious_Injuries
55.43378995,12,8,65.72470374,0.54005842,78.31,6,60252.16337,1,0.01504029,6046,Minor_Damage_And_Injuries
18.94977169,19,3,59.98176846,0.47117995,80.13,3,39951.82323,3,0.199585421,2962,Significant_Damage_And_Serious_Injuries
39.7260274,10,0,72.15132179,0.206124053,79.25,4,22172.72266,2,0.040419359,11863,Highly_Fatal_And_Damaging
30.59360731,13,4,77.75752051,0.321161918,77.4,1,31763.14636,4,1.172214296,3174,Highly_Fatal_And_Damaging
20.54794521,15,5,81.35824977,0.20107537,77.1,6,35236.63188,2,0.008505971,6160,Highly_Fatal_And_Damaging
48.49315068,14,4,66.90975387,0.450263974,76.92,4,42708.85447,2,0.079131196,5792,Minor_Damage_And_Injuries
29.40639269,16,19,87.55697356,0.302409665,82.37,6,26959.58191,0,0.006569039,9473,Significant_Damage_And_Serious_Injuries
27.26027397,20,8,72.65268915,0.312146412,80.26,1,28770.87501,2,1.057537313,3884,Minor_Damage_And_Injuries
37.99086758,13,1,79.1704649,0.22920375,77.89,3,26032.9419,1,0.128131027,181,Significant_Damage_And_Serious_Injuries
40,10,1,53.50957156,0.245792283,78.06,1,18614.26809,2,0.685290137,2663,Significant_Damage_And_Fatalities
29.08675799,13,11,69.96353692,0.261659574,86.57,4,17948.52506,1,0.031158483,4799,Highly_Fatal_And_Damaging
18.67579909,19,1,59.98176846,0.47117995,80.6,6,44313.05798,2,0.010998811,11380,Significant_Damage_And_Serious_Injuries
61.41552511,10,0,70.32816773,0.237137396,76.45,4,24386.64992,1,0.04455572,7474,Minor_Damage_And_Injuries
32.64840183,15,1,35.68824066,0.611100613,82.2,7,13528.41621,2,0.000502774,2225,Minor_Damage_And_Injuries
75.43378995,9,1,74.15679125,0.402662099,79.43,5,23692.09703,2,0.015754392,6977,Significant_Damage_And_Fatalities
45.06849315,11,0,51.36736554,0.5396978,80.78,6,32732.61836,3,0.007972714,5352,Minor_Damage_And_Injuries
41.91780822,12,4,51.27620784,0.510848179,77.67,3,27780.31609,2,0.137228469,4814,Minor_Damage_And_Injuries
62.10045662,14,5,52.59799453,0.456033898,74.82,7,43447.15183,2,0.004000459,4908,Significant_Damage_And_Serious_Injuries
49.8173516,10,7,68.77848678,0.200354129,78.11,6,48088.20172,4,0.01194006,8738,Significant_Damage_And_Serious_Injuries
39.6347032,10,18,59.43482224,0.419611251,82.8,1,10730.43013,0,0.202495647,8272,Highly_Fatal_And_Damaging
60.54794521,14,1,89.51686418,0.217663902,78.5,7,44434.08715,3,0.003791488,586,Significant_Damage_And_Fatalities
54.06392694,12,8,57.52051048,0.284739272,76.35,5,43870.35704,2,0.029811797,10059,Minor_Damage_And_Injuries
61.32420091,10,1,65.36007293,0.547631446,82.19,2,32702.14799,2,0.444536319,9621,Minor_Damage_And_Injuries
45.43378995,15,1,72.83500456,0.259135233,85.61,5,41247.21387,3,0.027306216,1633,Minor_Damage_And_Injuries
38.67579909,14,2,68.04922516,0.311064551,79.81,6,20231.09826,2,0.005305214,11880,Significant_Damage_And_Serious_Injuries
29.08675799,16,14,61.39471285,0.386073567,78.32,3,24750.87159,2,0.121638568,10873,Significant_Damage_And_Serious_Injuries
35.43378995,11,34,65.40565178,0.254807789,81.28,2,23362.5383,4,0.318224182,1834,Highly_Fatal_And_Damaging
50.77625571,13,8,70.41932543,0.572153624,77.61,7,25200.24923,3,0.002354009,12344,Minor_Damage_And_Injuries
63.19634703,13,16,64.4484959,0.414923188,78.85,3,26319.28977,2,0.131215115,8824,Significant_Damage_And_Fatalities
40.73059361,9,1,53.78304467,0.572153624,79.53,4,26164.09624,1,0.047983706,9205,Significant_Damage_And_Fatalities
42.10045662,20,9,82.86235187,0.257332131,76.97,2,13214.85189,3,0.185368698,4937,Significant_Damage_And_Fatalities
12.19178082,18,4,61.30355515,0.395089073,82.39,5,25175.00869,0,0.01708235,748,Highly_Fatal_And_Damaging
13.37899543,18,1,53.73746582,0.273199423,75.61,2,28475.16001,1,0.385350791,2997,Highly_Fatal_And_Damaging
49.08675799,10,1,64.99544211,0.175471331,77.3,3,29944.11548,3,0.149511411,7299,Significant_Damage_And_Serious_Injuries
37.39726027,11,0,67.31996354,0.219827624,76.33,4,40589.518,2,0.074467291,12452,Highly_Fatal_And_Damaging
32.05479452,15,20,61.57702826,0.366960692,78.12,6,45004.0014,1,0.011676444,10561,Significant_Damage_And_Serious_Injuries
72.37442922,9,1,37.28350046,0.602806347,79.6,7,29656.97675,1,0.002595273,10184,Significant_Damage_And_Serious_Injuries
30.3196347,12,6,66.68185962,0.304212766,79.68,3,40973.90952,3,0.205151046,9660,Highly_Fatal_And_Damaging
26.71232877,13,1,48.81494986,0.520945546,81.05,4,32732.61836,2,0.060446553,5856,Significant_Damage_And_Fatalities
62.10045662,14,0,45.62443026,0.522388027,79.22,7,29656.97675,0,0.002855861,3890,Significant_Damage_And_Serious_Injuries
41.91780822,12,1,35.82497721,0.881926433,82.45,2,20873.65038,3,0.280846251,6753,Minor_Damage_And_Injuries
16.11872146,17,12,80.21877849,0.483080418,81.82,4,19391.6963,2,0.035320494,8911,Highly_Fatal_And_Damaging
43.65296804,15,2,53.0993619,0.439805986,77.35,2,47423.38606,1,0.642916519,10774,Highly_Fatal_And_Damaging
25.29680365,14,1,76.57247037,0.286181753,87.62,3,29518.33153,1,0.147352119,6433,Highly_Fatal_And_Damaging
21.36986301,15,9,59.84503191,0.382827984,82.39,4,34205.12781,2,0.062500905,402,Highly_Fatal_And_Damaging
41.36986301,13,6,61.39471285,0.330898666,77.09,3,33346.97171,1,0.16601024,9805,Significant_Damage_And_Serious_Injuries
33.74429224,11,3,60.57429353,0.395089073,76.73,1,41720.13355,2,1.534388923,5225,Highly_Fatal_And_Damaging
80.3196347,8,22,45.39653601,0.60713379,80.24,4,31898.64017,2,0.058381927,8171,Significant_Damage_And_Serious_Injuries
12.92237443,17,5,59.29808569,0.392204111,82.81,2,30757.5517,1,0.416258197,6899,Highly_Fatal_And_Damaging
41.09589041,16,5,71.14858706,0.307458348,76.11,2,20020.27019,1,0.272305673,3497,Minor_Damage_And_Injuries
34.74885845,15,8,62.71649954,0.425020555,77.38,7,32624.82262,3,0.00301174,11065,Significant_Damage_And_Serious_Injuries
67.53424658,12,8,72.28805834,0.231006852,76.71,7,41428.98307,2,0.004025388,3167,Significant_Damage_And_Fatalities
52.37442922,9,14,91.06654512,0.328734944,80.77,3,32746.15549,2,0.163526333,5600,Highly_Fatal_And_Damaging
70.50228311,11,0,68.64175023,0.374533718,84.64,7,831.6955534,2,0.001102636,6538,Significant_Damage_And_Fatalities
58.85844749,14,2,70.64721969,0.386434187,79.89,7,28891.49802,3,0.002761391,6923,Significant_Damage_And_Fatalities
19.22374429,16,7,72.15132179,0.382827984,78.32,4,40491.88624,4,0.073522785,5960,Highly_Fatal_And_Damaging
48.49315068,10,1,73.70100273,0.273560043,81.63,3,20406.49179,2,0.101175219,5400,Significant_Damage_And_Serious_Injuries
13.69863014,18,17,76.02552416,0.30962207,79.63,2,35006.64787,2,0.475322666,10864,Highly_Fatal_And_Damaging
44.20091324,8,0,83.54603464,0.212254598,81.61,4,44941.58098,1,0.082427704,2056,Highly_Fatal_And_Damaging
49.17808219,17,9,71.87784868,0.573596105,78.66,7,25824.62744,3,0.002381187,4261,Significant_Damage_And_Fatalities
43.51598174,12,2,58.38650866,0.619394879,83.03,3,38660.09595,1,0.19273268,7860,Significant_Damage_And_Serious_Injuries
41.91780822,16,3,64.49407475,0.243267941,75.14,2,35067.70508,1,0.473685159,9325,Minor_Damage_And_Injuries
71.91780822,7,2,50.13673655,0.482719798,77.3,2,35000.86211,3,0.473728358,11870,Highly_Fatal_And_Damaging
28.21917808,13,5,65.13217867,0.439084746,79.73,4,26548.89266,1,0.048241062,398,Highly_Fatal_And_Damaging
42.42009132,12,9,35.27803099,0.705583123,81.11,5,46104.70299,1,0.031358572,7426,Significant_Damage_And_Serious_Injuries
49.7716895,14,6,37.64813127,0.542582762,84.87,4,47124.24111,2,0.086740473,12262,Minor_Damage_And_Injuries
48.40182648,11,9,55.24156791,0.276805626,79.28,2,35207.39867,2,0.478473146,10428,Minor_Damage_And_Injuries
34.01826484,18,8,54.55788514,0.371648756,80.67,3,33896.02326,1,0.168173043,6089,Minor_Damage_And_Injuries
42.37442922,12,8,62.12397448,0.427905517,81.45,6,28542.00418,1,0.007545438,8134,Significant_Damage_And_Serious_Injuries
56.62100457,3,12,57.52051048,0.62047674,80.91,5,36687.85366,2,0.025219565,7942,Highly_Fatal_And_Damaging
38.31050228,13,54,73.97447584,0.334144248,77.49,3,31556.38728,1,0.155972033,10403,Significant_Damage_And_Serious_Injuries
29.7260274,12,19,84.86782133,0.326571223,77.84,4,41117.87372,1,0.07489833,4485,Highly_Fatal_And_Damaging
57.67123288,11,0,83.91066545,0.242907321,80.02,1,26920.03718,1,0.993891141,3325,Minor_Damage_And_Injuries
29.08675799,16,3,82.22424795,0.238940498,76.89,4,35183.57731,1,0.064017054,1423,Significant_Damage_And_Serious_Injuries
47.57990868,11,9,74.65815861,0.224515687,77.91,3,28419.88737,1,0.143183127,10100,Significant_Damage_And_Serious_Injuries
45.43378995,11,12,55.05925251,0.47117995,80.55,6,32879.76364,1,0.008145496,2450,Minor_Damage_And_Injuries
46.84931507,14,4,69.87237922,0.43079048,81.43,3,56901.22866,3,0.274477876,5078,Minor_Damage_And_Injuries
27.39726027,17,6,71.64995442,0.438363505,81.02,6,43780.07396,3,0.011079494,9655,Significant_Damage_And_Serious_Injuries
49.5890411,10,12,66.1349134,0.362633249,82.52,3,29542.29355,1,0.147269092,8647,Significant_Damage_And_Serious_Injuries
44.42922374,15,1,40.29170465,0.409874504,78.91,3,40296.81608,3,0.202363111,5664,Highly_Fatal_And_Damaging
46.11872146,15,1,57.20145852,0.311425171,81.05,2,40968.8743,3,0.554227832,5731,Minor_Damage_And_Injuries
80.59360731,8,11,62.53418414,0.409513884,82.45,2,29304.8243,2,0.395623223,960,Significant_Damage_And_Fatalities
22.87671233,15,2,62.9443938,0.482359178,80.12,1,21441.75331,2,0.801345075,3651,Highly_Fatal_And_Damaging
30.456621,16,0,86.9644485,0.346405337,78.46,6,32825.23721,2,0.008203656,2043,Significant_Damage_And_Serious_Injuries
37.76255708,14,4,66.59070191,0.460000721,79.45,4,29589.38541,3,0.052850543,12430,Significant_Damage_And_Serious_Injuries
68.26484018,8,8,58.79671832,0.211172737,87.06,2,11360.59792,3,0.153524646,10577,Minor_Damage_And_Injuries
62.73972603,13,1,87.69371012,0.17402885,78.2,1,30095.00139,5,1.107784401,11028,Significant_Damage_And_Fatalities
33.74429224,15,16,62.80765725,0.393285972,78.66,3,32904.50617,1,0.163704051,4648,Significant_Damage_And_Serious_Injuries
41.55251142,13,2,66.95533273,0.450263974,81.78,4,32791.01474,1,0.059945972,8964,Significant_Damage_And_Serious_Injuries
49.49771689,13,2,53.96536007,0.432232961,78.15,2,39207.84094,0,0.52473602,1181,Minor_Damage_And_Injuries
31.82648402,12,1,62.8532361,0.312507032,79.14,4,30063.66224,1,0.054369686,1446,Highly_Fatal_And_Damaging
49.7260274,10,10,66.31722881,0.410956365,75.98,6,26277.03513,3,0.006530646,8855,Significant_Damage_And_Serious_Injuries
44.88584475,15,0,60.71103008,0.504717634,76.68,4,21688.98953,3,0.039778087,7577,Minor_Damage_And_Injuries
31.09589041,12,7,86.05287147,0.29663974,83.01,3,23639.8521,2,0.11736309,8231,Highly_Fatal_And_Damaging
35.98173516,11,4,74.2935278,0.263823296,82.2,4,32729.39149,2,0.060082167,3983,Highly_Fatal_And_Damaging
35.02283105,14,3,54.28441203,0.487407862,79.97,2,23011.4158,1,0.311931453,5227,Minor_Damage_And_Injuries
45.15981735,8,29,69.37101185,0.278608727,77.94,6,39093.61789,1,0.009850566,2638,Highly_Fatal_And_Damaging
63.97260274,6,2,64.6308113,0.365518211,83.1,3,44792.42195,1,0.222453977,6149,Significant_Damage_And_Serious_Injuries
36.57534247,14,5,59.48040109,0.32296502,84.26,1,27108.1286,1,0.997980574,8422,Significant_Damage_And_Serious_Injuries
43.47031963,15,9,75.38742024,0.39112225,75.29,4,35974.82174,1,0.065791916,5145,Minor_Damage_And_Injuries
37.57990868,14,4,69.82680036,0.258053372,78.21,3,39117.45998,2,0.196190986,3249,Significant_Damage_And_Serious_Injuries
22.32876712,18,6,66.0437557,0.269953841,80.95,6,23183.57878,1,0.005098132,9469,Significant_Damage_And_Serious_Injuries
21.23287671,15,3,71.0118505,0.288706094,75.84,4,29472.80045,4,0.053163562,6795,Highly_Fatal_And_Damaging
24.65753425,18,11,56.83682771,0.408792643,78.49,2,32314.57738,3,0.436765191,9295,Minor_Damage_And_Injuries
47.39726027,7,6,61.94165907,0.304934006,79.47,4,18411.02896,2,0.035089083,2642,Highly_Fatal_And_Damaging
52.28310502,9,0,69.00638104,0.394367833,81.57,5,36989.08023,4,0.025093984,9398,Significant_Damage_And_Serious_Injuries
54.42922374,16,33,44.89516864,0.621919221,80.9,7,43993.90753,2,0.004115533,11446,Highly_Fatal_And_Damaging
45.79908676,11,4,81.90519599,0.226679409,80.76,3,40532.78544,3,0.201783602,7041,Significant_Damage_And_Serious_Injuries
55.15981735,12,3,39.88149499,0.702337541,82.85,2,49762.79706,4,0.674668996,5480,Highly_Fatal_And_Damaging
75.52511416,10,1,61.21239745,0.368403173,88.57,7,9025.604542,5,0.001395294,1587,Significant_Damage_And_Fatalities
39.7260274,13,7,75.47857794,0.311064551,77.65,4,21554.55213,1,0.039167902,7653,Significant_Damage_And_Serious_Injuries
42.32876712,12,3,55.92525068,0.550877028,78.46,3,29541.18411,3,0.146834842,10666,Minor_Damage_And_Injuries
21.27853881,15,11,59.84503191,0.500029571,78.16,4,24759.80197,1,0.045245346,516,Highly_Fatal_And_Damaging
40.2283105,13,0,61.89608022,0.456033898,79.33,7,33373.02693,2,0.002997161,10081,Significant_Damage_And_Serious_Injuries
37.53424658,14,9,61.89608022,0.453509556,80.52,6,30858.54314,1,0.008087327,6525,Significant_Damage_And_Serious_Injuries
36.16438356,14,5,61.48587056,0.447379012,82.46,1,24420.713,1,0.894482923,1654,Significant_Damage_And_Serious_Injuries
43.69863014,15,0,80.03646308,0.295197259,78.91,7,22214.44546,1,0.001668631,11306,Minor_Damage_And_Injuries
48.49315068,10,19,64.49407475,0.335226109,81.78,3,33607.4558,1,0.167503557,5909,Significant_Damage_And_Serious_Injuries
28.21917808,13,0,66.63628077,0.425741796,81.2,2,23407.411,2,0.316958074,5240,Highly_Fatal_And_Damaging
31.36986301,15,2,69.14311759,0.374894338,80.67,3,13375.35486,2,0.066537978,6289,Significant_Damage_And_Serious_Injuries
35.79908676,14,4,62.16955333,0.415644428,77.6,6,51754.9704,0,0.01298163,5739,Significant_Damage_And_Serious_Injuries
24.24657534,18,6,80.44667274,0.35037216,84.33,6,36011.63454,2,0.009146328,5238,Significant_Damage_And_Serious_Injuries
35.38812785,11,6,74.88605287,0.236776776,78.91,2,40754.76562,0,0.551419592,4475,Highly_Fatal_And_Damaging
23.60730594,18,0,79.39835916,0.396892175,81.15,3,36002.53139,2,0.177891441,11859,Significant_Damage_And_Serious_Injuries
77.99086758,9,12,75.84320875,0.197108547,84.8,7,38728.4865,2,0.003433937,10680,Significant_Damage_And_Fatalities
40.2739726,9,6,56.79124886,0.375976199,76.95,6,37657.68721,1,0.010226696,9277,Highly_Fatal_And_Damaging
16.21004566,16,33,85.41476755,0.421053732,78.37,1,12542.55061,1,0.387799082,6587,Highly_Fatal_And_Damaging
31.09589041,16,6,65.13217867,0.278969347,86.13,6,34524.31233,3,0.008900999,2749,Significant_Damage_And_Serious_Injuries
28.90410959,13,1,40.51959891,0.505078255,80.13,3,39304.361,0,0.195566783,2385,Highly_Fatal_And_Damaging
48.63013699,17,3,68.00364631,0.452067075,79.81,7,23720.17893,4,0.002267412,3599,Significant_Damage_And_Fatalities
70.54794521,7,5,80.40109389,0.293394158,78.28,2,47433.07803,4,0.643975973,3679,Minor_Damage_And_Injuries
64.88584475,13,7,60.16408387,0.307097728,77.36,7,28153.68356,3,0.002807228,9172,Significant_Damage_And_Fatalities
70,8,6,68.50501367,0.374894338,82.22,7,49898.05012,2,0.00442897,9447,Minor_Damage_And_Injuries