Safety_Score,Days_Since_Inspection,Total_Safety_Complaints,Control_Metric,Turbulence_In_gforces,Cabin_Temperature,Accident_Type_Code,Max_Elevation,Violations,Adverse_Weather_Metric,Accident_ID,Severity
33.78995434,11,5,72.88058341,0.406989542,82.21,4,25564.94431,2,0.047157141,11395,Highly_Fatal_And_Damaging
65.79908676,9,18,65.26891522,0.360830148,77.99,2,42303.406,0,0.572514343,5981,Minor_Damage_And_Injuries
51.18721461,10,15,55.69735643,0.502914533,83.6,3,24023.58775,3,0.119082572,8252,Significant_Damage_And_Serious_Injuries
33.10502283,18,2,61.48587056,0.318276956,81.78,1,27761.95386,3,1.026763202,9644,Minor_Damage_And_Injuries
20.54794521,15,0,70.55606199,0.24146484,78.16,4,35054.26086,1,0.063681984,5596,Highly_Fatal_And_Damaging
58.49315068,11,10,64.49407475,0.388237288,79.42,3,35167.17093,1,0.174017805,7019,Minor_Damage_And_Injuries
40.3196347,13,9,65.26891522,0.225958168,77.26,5,22999.94802,2,0.015649566,10016,Significant_Damage_And_Serious_Injuries
61.87214612,13,20,73.19963537,0.2959185,82.26,7,16229.72834,3,0.001102636,9094,Significant_Damage_And_Fatalities
51.05022831,13,6,55.97082954,0.462525063,78.49,2,40741.88227,3,0.55117256,1911,Highly_Fatal_And_Damaging
40.77625571,16,1,55.10483136,0.307097728,84.67,2,44790.44438,3,0.602231712,8985,Highly_Fatal_And_Damaging
46.66666667,14,4,54.92251595,0.317555716,79.75,3,30190.76531,2,0.151493601,8126,Highly_Fatal_And_Damaging
57.53424658,11,11,91.38559708,0.162489001,77.91,2,12091.87438,3,0.170460594,6693,Minor_Damage_And_Injuries
47.53424658,17,16,48.26800365,0.585857194,77.78,6,11567.07944,4,0.002792542,2030,Significant_Damage_And_Serious_Injuries
40.3652968,10,7,69.18869644,0.245431662,79.37,4,48088.20172,1,0.088359409,2560,Highly_Fatal_And_Damaging
57.99086758,11,0,66.63628077,0.246513523,82.43,5,25842.7105,3,0.01638905,4631,Minor_Damage_And_Injuries
33.60730594,18,1,55.01367366,0.384631085,83.57,1,27379.92004,2,0.997980574,3919,Highly_Fatal_And_Damaging
47.76255708,11,2,77.4840474,0.315391994,87.27,3,40757.32301,2,0.205700937,9070,Significant_Damage_And_Serious_Injuries
44.01826484,12,7,52.46125798,0.392564731,81.37,6,40833.46522,2,0.009617898,506,Minor_Damage_And_Injuries
40.77625571,9,3,85.96171376,0.247234764,81.24,1,47280.00056,2,1.723294456,10019,Highly_Fatal_And_Damaging
45.75342466,11,2,82.90793072,0.262380815,78.21,6,37541.67637,1,0.010121604,10011,Significant_Damage_And_Serious_Injuries
53.01369863,6,7,58.47766636,0.311064551,80.92,4,35800.95566,2,0.064897763,2164,Highly_Fatal_And_Damaging
40.2739726,9,0,60.16408387,0.231728092,84.56,1,30878.79854,2,1.129263661,10632,Highly_Fatal_And_Damaging
53.92694064,12,23,61.94165907,0.527436711,77.19,7,60252.16337,3,0.004764548,11471,Minor_Damage_And_Injuries
70.54794521,4,5,87.83044667,0.18845366,79.83,7,48141.34855,4,0.004366325,4931,Significant_Damage_And_Serious_Injuries
45.57077626,11,0,63.76481313,0.41780815,85.06,6,29078.85711,0,0.007428758,7238,Significant_Damage_And_Serious_Injuries
50.2739726,17,0,80.12762078,0.358305806,79.67,6,28529.86564,1,0.0070379,7115,Significant_Damage_And_Fatalities
59.31506849,14,1,84.54876937,0.30998269,76.3,7,15690.49424,2,0.001281237,11629,Significant_Damage_And_Fatalities
34.65753425,11,5,74.74931632,0.300606563,77.69,1,30077.41619,1,1.101318148,4987,Highly_Fatal_And_Damaging
27.89954338,17,1,57.29261623,0.466131266,80.35,7,30323.3418,4,0.002776185,9058,Significant_Damage_And_Serious_Injuries
70.3652968,11,1,64.26618049,0.319358817,85.71,7,27287.79299,3,0.002117959,3065,Significant_Damage_And_Fatalities
42.10045662,12,12,45.67000912,0.35001154,79.12,3,23634.91707,2,0.116827129,9326,Minor_Damage_And_Injuries
51.23287671,13,2,64.85870556,0.333423008,78.87,2,38767.3596,3,0.527487411,6284,Minor_Damage_And_Injuries
44.47488584,15,0,80.03646308,0.262380815,78.03,6,34497.8836,2,0.008510169,5940,Minor_Damage_And_Injuries
36.11872146,11,3,78.07657247,0.205763433,80.24,2,30843.07933,1,0.417407396,814,Highly_Fatal_And_Damaging
22.73972603,14,6,59.79945305,0.37741868,78.16,4,43204.16899,1,0.079131196,1339,Highly_Fatal_And_Damaging
34.33789954,11,8,73.65542388,0.405907681,76.74,1,41633.65396,3,1.531616535,670,Highly_Fatal_And_Damaging
46.84931507,14,10,85.77939836,0.289427335,83.56,2,31279.25913,2,0.424712504,10567,Minor_Damage_And_Injuries
52.37442922,6,12,50.63810392,0.354699603,76.3,5,43378.43811,1,0.029588226,5143,Significant_Damage_And_Fatalities
61.78082192,13,13,75.75205105,0.392925352,79.18,7,45795.50296,4,0.004297175,2607,Significant_Damage_And_Fatalities
53.05936073,12,1,40.83865087,0.538615939,78.4,5,38537.36341,0,0.027092737,1937,Highly_Fatal_And_Damaging
37.30593607,14,3,41.61349134,0.534288496,79.58,2,11344.02219,3,0.146846222,8145,Minor_Damage_And_Injuries
44.61187215,12,8,54.9680948,0.442330328,78.68,3,17731.55428,2,0.087598217,9146,Minor_Damage_And_Injuries
36.43835616,17,2,69.00638104,0.333062387,83.25,2,36933.84468,3,0.498635559,2011,Minor_Damage_And_Injuries
57.53424658,11,11,61.39471285,0.523469888,78.67,2,29071.49595,2,0.393439914,503,Minor_Damage_And_Injuries
44.93150685,11,2,73.42752963,0.297360981,79.08,6,45618.85709,1,0.011946897,4375,Significant_Damage_And_Serious_Injuries
62.64840183,10,15,58.75113947,0.467213127,76.13,4,26782.02428,2,0.049251999,4843,Minor_Damage_And_Injuries
56.71232877,12,18,64.58523245,0.339192932,77.05,2,21213.12437,1,0.283595649,9611,Minor_Damage_And_Injuries
54.10958904,12,6,57.52051048,0.463967544,84.52,2,36517.87608,2,0.492287323,8978,Minor_Damage_And_Injuries
11.87214612,18,1,52.82588879,0.638507753,75.98,4,36624.27963,1,0.06748373,9555,Significant_Damage_And_Fatalities
27.99086758,13,10,86.9644485,0.143376127,80.98,3,29955.53074,2,0.14944739,2669,Highly_Fatal_And_Damaging
49.45205479,17,1,57.74840474,0.342799135,81.92,2,43971.71045,3,0.596791289,1977,Significant_Damage_And_Fatalities
29.40639269,16,10,69.55332726,0.31034331,76.86,3,16902.3487,3,0.081545026,8163,Significant_Damage_And_Serious_Injuries
39.7260274,16,7,53.23609845,0.382106744,79.73,2,39434.25611,3,0.532383165,6141,Highly_Fatal_And_Damaging
29.7716895,12,1,50.13673655,0.503275153,77.83,4,29502.76342,4,0.052845134,10193,Significant_Damage_And_Fatalities
46.62100457,8,10,76.57247037,0.237137396,80.83,1,49358.53257,1,1.882949811,1695,Highly_Fatal_And_Damaging
33.56164384,18,5,41.52233364,0.608215651,80.16,7,42912.52443,1,0.004016691,2034,Minor_Damage_And_Injuries
41.14155251,12,2,90.15496809,0.286902993,77.73,3,43569.69212,2,0.215461328,4967,Significant_Damage_And_Serious_Injuries
45.70776256,8,0,58.79671832,0.503635774,77.75,4,27563.0748,1,0.050651588,10852,Highly_Fatal_And_Damaging
30.86757991,16,2,77.75752051,0.386073567,82.57,3,20487.86748,1,0.101175219,10147,Significant_Damage_And_Serious_Injuries
2.648401826,23,8,54.64904284,0.421774973,80.86,4,23308.33365,1,0.042530602,8929,Highly_Fatal_And_Damaging
29.08675799,16,18,70.00911577,0.464328164,79.21,3,25949.10034,3,0.12767629,11158,Significant_Damage_And_Serious_Injuries
35.06849315,11,7,54.8769371,0.448100252,79.46,4,29784.74647,2,0.05443928,7242,Significant_Damage_And_Fatalities
15.29680365,17,0,72.4247949,0.324046881,78.92,4,12024.89822,2,0.021662205,606,Highly_Fatal_And_Damaging
42.92237443,15,3,52.27894257,0.330177425,79.22,2,37999.3671,1,0.516512802,2020,Minor_Damage_And_Injuries
38.44748858,10,4,74.15679125,0.36335449,78.94,6,23744.06931,2,0.006319492,2032,Highly_Fatal_And_Damaging
47.53424658,11,23,69.91795807,0.249759106,79.36,3,28586.87161,1,0.142325653,11285,Significant_Damage_And_Serious_Injuries
23.69863014,18,5,76.61804923,0.238940498,77.41,6,41688.65089,2,0.010322458,10619,Significant_Damage_And_Serious_Injuries
45.98173516,11,12,73.51868733,0.347126578,79.09,3,21154.85773,3,0.105892407,4964,Significant_Damage_And_Serious_Injuries
41.91780822,16,22,66.49954421,0.387876668,76.2,2,31546.43827,3,0.427712028,7026,Minor_Damage_And_Injuries
91.18721461,2,3,78.07657247,0.35037216,80.45,7,16209.2903,2,0.000316423,7994,Significant_Damage_And_Fatalities
59.9543379,14,23,71.83226983,0.33702921,85.4,7,31355.0756,3,0.00289271,8527,Significant_Damage_And_Fatalities
54.10958904,9,10,59.02461258,0.362633249,75.02,3,14532.73839,1,0.072851338,8979,Significant_Damage_And_Serious_Injuries
29.8173516,16,6,39.69917958,0.72902344,79.64,6,5142.286073,3,0.002792542,7751,Minor_Damage_And_Injuries
30.91324201,12,0,64.03828624,0.368042553,80.2,4,41578.71699,1,0.076320599,4697,Highly_Fatal_And_Damaging
57.12328767,8,12,61.21239745,0.335947349,77.86,6,34199.89157,3,0.00892827,29,Significant_Damage_And_Serious_Injuries
28.40182648,13,29,71.23974476,0.249759106,82.45,1,51049.38015,1,1.843886062,8841,Highly_Fatal_And_Damaging
37.16894977,14,0,63.30902461,0.496783988,76.95,6,31432.12423,2,0.008120644,9690,Significant_Damage_And_Serious_Injuries
29.6347032,16,13,59.02461258,0.284739272,78.97,6,28509.75968,3,0.007222059,4595,Significant_Damage_And_Serious_Injuries
23.88127854,18,7,50.59252507,0.509045078,78.49,1,22620.01276,4,0.831300703,3405,Minor_Damage_And_Injuries
46.11872146,8,1,71.42206016,0.258413992,79.77,5,41503.99984,3,0.027316802,12306,Highly_Fatal_And_Damaging
36.84931507,14,1,63.30902461,0.334865489,84.1,6,41920.24716,2,0.010343271,7433,Significant_Damage_And_Serious_Injuries
41.14155251,12,4,69.14311759,0.320080058,80.44,3,36245.83198,2,0.178747299,920,Significant_Damage_And_Serious_Injuries
45.89041096,11,7,41.43117593,0.45891886,79.77,6,36030.65288,1,0.008510169,7027,Minor_Damage_And_Injuries
45.70776256,8,0,58.38650866,0.530321673,83.72,7,24973.68369,4,0.002354009,8633,Highly_Fatal_And_Damaging
54.29223744,9,2,60.43755697,0.353978363,77.97,4,30754.88661,2,0.057863231,442,Highly_Fatal_And_Damaging
38.72146119,13,0,57.01914312,0.514454382,78.32,6,18661.71381,4,0.004632261,3567,Minor_Damage_And_Injuries
38.99543379,10,2,68.18596171,0.359027047,83.22,3,34132.24122,1,0.170698496,64,Highly_Fatal_And_Damaging
61.05022831,10,7,79.30720146,0.283657411,82.17,5,25486.82546,1,0.01651349,5024,Minor_Damage_And_Injuries
44.47488584,8,14,65.22333637,0.351093401,83.97,4,36384.88629,2,0.065986967,10732,Highly_Fatal_And_Damaging
41.96347032,12,19,53.60072926,0.56674432,83.73,3,20654.0788,4,0.101519828,7695,Minor_Damage_And_Injuries
28.67579909,13,1,62.26071103,0.325128741,80.53,3,41432.74871,2,0.205151046,5550,Highly_Fatal_And_Damaging
44.20091324,15,2,51.23062899,0.583693473,76.27,4,25727.73499,2,0.046809166,434,Highly_Fatal_And_Damaging
79.543379,8,4,59.16134913,0.289066715,79.19,2,22429.8626,3,0.30682968,6462,Significant_Damage_And_Fatalities
40.3652968,9,10,59.20692799,0.300245943,82.48,7,13949.25417,0,0.001417533,923,Highly_Fatal_And_Damaging
62.14611872,6,1,57.42935278,0.465410025,83.21,2,25377.61392,2,0.339470395,11281,Significant_Damage_And_Serious_Injuries
50.77625571,10,12,77.66636281,0.231006852,84.48,3,41662.69223,2,0.208458586,10368,Significant_Damage_And_Serious_Injuries
43.15068493,12,4,59.7538742,0.435117923,79.64,5,27584.05649,2,0.01796405,3758,Significant_Damage_And_Serious_Injuries
12.92237443,17,8,53.73746582,0.492817166,82.81,4,26607.92399,3,0.049162567,10612,Highly_Fatal_And_Damaging
55.43378995,12,4,80.81130356,0.219467003,77.56,3,12595.42888,2,0.058797507,5808,Minor_Damage_And_Injuries
47.53424658,17,4,48.22242479,0.610018752,81.79,7,29646.14993,2,0.002634564,9344,Significant_Damage_And_Serious_Injuries
31.14155251,12,1,57.52051048,0.32332564,78.46,4,28783.69929,2,0.054106566,2871,Highly_Fatal_And_Damaging
51.05022831,13,3,51.91431176,0.53897656,75.67,2,35305.86291,1,0.478473146,9987,Highly_Fatal_And_Damaging
22.05479452,15,19,79.94530538,0.267429499,75.25,1,27416.39475,1,0.99725232,11496,Highly_Fatal_And_Damaging
45.66210046,15,3,68.27711942,0.335586729,79.63,1,36731.45941,4,1.365574801,307,Minor_Damage_And_Injuries
35.47945205,14,1,72.56153145,0.312146412,78.82,6,25722.52802,2,0.006149761,8235,Significant_Damage_And_Serious_Injuries
63.19634703,13,1,60.39197812,0.231728092,81.37,3,29333.07,1,0.145406245,5697,Significant_Damage_And_Fatalities
33.24200913,15,2,64.26618049,0.507963217,79.46,3,32127.88846,2,0.159919771,9898,Significant_Damage_And_Serious_Injuries
44.70319635,12,4,60.02734731,0.633098449,77.55,3,39422.84677,2,0.195684891,5347,Significant_Damage_And_Serious_Injuries
19.9086758,15,4,71.1030082,0.506160115,78.41,4,27296.49509,1,0.049709403,8753,Highly_Fatal_And_Damaging
2.739726027,20,1,57.52051048,0.308540209,82.02,5,31365.23957,2,0.019927301,9606,Highly_Fatal_And_Damaging
24.88584475,14,22,47.08295351,0.448460873,76.95,7,45290.89147,2,0.004009417,10250,Significant_Damage_And_Fatalities
56.57534247,11,1,62.53418414,0.402662099,79.08,2,13007.02233,1,0.203271718,4015,Minor_Damage_And_Injuries
33.10502283,15,2,69.78122151,0.289066715,78.16,1,28793.16869,1,1.058850069,3832,Significant_Damage_And_Serious_Injuries
38.85844749,17,12,53.64630811,0.293033538,81.44,2,23192.15587,1,0.309756513,10151,Highly_Fatal_And_Damaging
64.33789954,9,0,65.49680948,0.272478182,77.31,2,26020.76342,3,0.352325724,4353,Minor_Damage_And_Injuries
39.40639269,10,2,42.84412033,0.428987378,74.95,4,45857.96599,2,0.082786067,2444,Significant_Damage_And_Fatalities
34.01826484,15,13,49.68094804,0.696567616,77.89,1,36463.54538,2,1.342193249,945,Minor_Damage_And_Injuries
20.2283105,15,3,70.51048314,0.382827984,78.41,4,31115.76613,2,0.057623062,7782,Highly_Fatal_And_Damaging
64.56621005,9,2,84.68550593,0.269953841,83.53,5,27286.29473,1,0.018428373,1904,Minor_Damage_And_Injuries
42.32876712,9,9,88.05834093,0.281854309,81.73,1,34371.5426,3,1.268077674,313,Highly_Fatal_And_Damaging
47.35159817,11,12,71.74111212,0.381024883,77.7,6,31439.46848,2,0.008087327,2605,Significant_Damage_And_Serious_Injuries
49.26940639,13,7,50.27347311,0.408071403,79.94,2,29508.88461,2,0.397454927,3718,Highly_Fatal_And_Damaging
31.36986301,12,11,66.36280766,0.321883159,81.02,4,39269.05393,2,0.071706957,2150,Highly_Fatal_And_Damaging
17.39726027,16,14,63.17228806,0.338111071,78.28,6,33567.87631,1,0.008360823,11487,Highly_Fatal_And_Damaging
20.86757991,19,1,37.83044667,0.600282005,77.86,2,49762.79706,2,0.674668996,4399,Minor_Damage_And_Injuries
42.10045662,19,11,82.86235187,0.245071042,80.09,7,44941.58098,2,0.003750067,10377,Significant_Damage_And_Fatalities
33.97260274,11,2,73.60984503,0.405907681,81.27,4,17417.24824,2,0.032080508,5132,Highly_Fatal_And_Damaging
30.1369863,12,0,51.18505014,0.594151461,77.71,4,38800.96731,3,0.070487057,2104,Significant_Damage_And_Fatalities
20.95890411,19,16,70.9206928,0.276805626,77.62,6,36662.28026,2,0.00897565,5963,Significant_Damage_And_Serious_Injuries
14.52054795,17,14,80.62898815,0.298803462,77.43,1,34124.3377,2,1.250078683,12418,Highly_Fatal_And_Damaging
58.26484018,11,10,64.49407475,0.277887486,77.64,2,30615.00439,1,0.413798628,2025,Minor_Damage_And_Injuries
42.32876712,12,8,52.18778487,0.729384061,79.43,2,37050.85688,3,0.499785375,8270,Significant_Damage_And_Serious_Injuries
36.30136986,14,4,51.09389243,0.37741868,79.97,2,36091.55277,1,0.493776601,10231,Minor_Damage_And_Injuries
42.92237443,15,3,65.99817685,0.403383339,78.94,1,26565.04758,3,0.978454627,4956,Minor_Damage_And_Injuries
82.23744292,7,23,80.62898815,0.226679409,84.83,7,42820.72134,2,0.003972531,10760,Significant_Damage_And_Fatalities
46.43835616,11,0,52.55241568,0.393285972,77.93,1,36925.03526,1,1.360401716,5593,Minor_Damage_And_Injuries
42.87671233,12,14,67.91248861,0.352535882,78.86,3,24975.91136,2,0.124868867,3584,Significant_Damage_And_Serious_Injuries
48.99543379,10,35,54.74020055,0.5396978,80.89,3,23595.24914,3,0.117438328,8247,Minor_Damage_And_Injuries
18.17351598,16,10,59.61713765,0.476589254,78.91,4,23226.57203,2,0.042757913,7262,Highly_Fatal_And_Damaging
12.60273973,18,21,53.1905196,0.315752614,81.2,4,28475.16001,2,0.051585265,9567,Significant_Damage_And_Fatalities
13.37899543,18,12,50.68368277,0.527076091,78.13,1,35654.72193,3,1.308970841,9503,Significant_Damage_And_Fatalities
45.06849315,11,1,52.59799453,0.41780815,81.89,6,42176.92229,2,0.009819603,3126,Minor_Damage_And_Injuries
14.70319635,17,3,51.18505014,0.487407862,77.74,1,28411.2232,2,1.032747503,12113,Significant_Damage_And_Fatalities
64.15525114,6,11,52.64357338,0.450263974,77.8,3,40844.10823,1,0.204090221,6285,Minor_Damage_And_Injuries
48.67579909,7,2,67.6390155,0.344962856,82.11,4,32342.31338,1,0.058871556,8938,Highly_Fatal_And_Damaging
43.78995434,18,2,53.372835,0.234252434,78.62,1,35893.87681,3,1.307928612,4562,Significant_Damage_And_Fatalities
33.10502283,15,7,48.58705561,0.403022719,81.98,7,22341.097,1,0.001654836,1326,Minor_Damage_And_Injuries
39.17808219,13,0,72.19690064,0.421774973,79.39,7,41727.73226,2,0.004244527,3135,Significant_Damage_And_Serious_Injuries
32.51141553,12,33,75.25068368,0.319719437,79.97,3,35683.77174,0,0.177623325,7839,Highly_Fatal_And_Damaging
62.69406393,7,20,46.94621696,0.451345835,87.43,3,38242.13065,1,0.190706009,4732,Significant_Damage_And_Serious_Injuries
49.17808219,11,1,79.76298997,0.295197259,82.19,3,26346.50481,1,0.131340505,8209,Significant_Damage_And_Serious_Injuries
53.01369863,9,16,86.82771194,0.276805626,78.43,6,48317.93035,2,0.011757469,6517,Significant_Damage_And_Serious_Injuries
42.87671233,12,10,62.03281677,0.345684097,75.84,4,17267.00453,2,0.031700452,6739,Significant_Damage_And_Serious_Injuries
54.79452055,12,1,80.40109389,0.262380815,80.76,7,25119.24211,3,0.00234866,11536,Minor_Damage_And_Injuries
52.37442922,13,1,65.45123063,0.311785792,77.8,2,28824.40733,1,0.388023789,1415,Minor_Damage_And_Injuries
61.32420091,10,1,61.2579763,0.395449693,81.76,2,30028.28408,2,0.405867134,3229,Minor_Damage_And_Injuries
87.48858447,3,2,39.88149499,0.529600433,80.15,7,26661.0134,3,0.002414052,10139,Significant_Damage_And_Serious_Injuries
42.55707763,19,9,82.86235187,0.371648756,81.62,7,17377.62731,2,0.001559274,2829,Significant_Damage_And_Fatalities
53.10502283,12,10,41.61349134,0.621197981,82.96,5,30068.6766,2,0.021002845,9544,Significant_Damage_And_Serious_Injuries
43.42465753,12,1,62.03281677,0.430429859,79.67,3,23952.55258,1,0.120344519,4272,Significant_Damage_And_Serious_Injuries
70.54794521,7,3,70.05469462,0.381746123,80.71,6,36841.50111,4,0.008668665,6768,Minor_Damage_And_Injuries
21.46118721,15,1,62.71649954,0.314670754,80.55,4,28986.65748,2,0.052715641,4533,Highly_Fatal_And_Damaging
45.29680365,15,18,83.81950775,0.395810314,77.07,2,40679.57155,3,0.552348029,4866,Minor_Damage_And_Injuries
14.47488584,17,1,70.46490428,0.206124053,77.36,7,33693.91269,2,0.003287196,6202,Highly_Fatal_And_Damaging
56.66666667,11,6,55.97082954,0.455673278,78.1,2,35070.33319,1,0.475053302,5061,Highly_Fatal_And_Damaging
76.39269406,3,10,51.82315406,0.60641255,79.03,7,34887.21721,1,0.002972654,9007,Significant_Damage_And_Serious_Injuries
23.69863014,18,7,80.44667274,0.308900829,79.98,6,40445.13669,3,0.01002475,7765,Significant_Damage_And_Serious_Injuries
22.00913242,15,5,65.36007293,0.342799135,77.87,1,26397.20312,2,0.973442982,7254,Highly_Fatal_And_Damaging
33.69863014,15,6,69.64448496,0.320801298,81.3,3,38350.71956,1,0.1914681,2830,Significant_Damage_And_Serious_Injuries
65.34246575,1,19,77.84867821,0.361190768,79.65,2,31661.62881,2,0.429534515,5430,Highly_Fatal_And_Damaging
45.98173516,15,8,67.09206928,0.383549225,79.72,7,41508.64587,1,0.003846037,11617,Minor_Damage_And_Injuries
36.71232877,14,0,57.52051048,0.488850343,76.12,3,27657.19109,5,0.137332931,2825,Significant_Damage_And_Serious_Injuries
50.0456621,16,14,68.04922516,0.547992066,81.1,1,34349.70647,4,1.262768809,5638,Significant_Damage_And_Fatalities
34.84018265,14,13,62.07839562,0.490292824,81.02,1,29601.07806,2,1.090265981,2230,Significant_Damage_And_Serious_Injuries
35.02283105,11,5,43.07201459,0.518421204,80.85,2,26637.59532,1,0.358545587,5644,Significant_Damage_And_Fatalities
25.47945205,14,12,38.96991796,0.740563289,79.92,1,48583.54863,3,1.790074139,12335,Significant_Damage_And_Fatalities
46.25570776,15,17,68.59617138,0.502553913,79.06,3,38011.02122,2,0.18906238,1430,Minor_Damage_And_Injuries
36.48401826,14,6,62.12397448,0.427905517,80.25,3,38783.2524,2,0.193246983,12339,Significant_Damage_And_Serious_Injuries
8.538812785,19,9,54.01093892,0.551598269,78.9,1,33143.98531,3,1.217896254,3956,Significant_Damage_And_Fatalities
61.41552511,10,1,52.41567912,0.47226181,80.84,2,38406.93188,1,0.518441262,2099,Highly_Fatal_And_Damaging
50.91324201,13,0,70.60164084,0.361190768,78.78,5,26501.85903,2,0.018356291,1968,Minor_Damage_And_Injuries
9.086757991,18,19,79.58067457,0.393285972,86.02,3,37011.99752,2,0.18510024,1751,Highly_Fatal_And_Damaging
25.25114155,14,5,63.90154968,0.551958889,74.74,4,45857.96599,2,0.082786067,1358,Highly_Fatal_And_Damaging
8.538812785,19,2,44.39380128,0.400858997,81.14,4,18616.72676,1,0.034593326,11856,Significant_Damage_And_Fatalities
32.87671233,15,1,82.95350957,0.180520014,79.52,3,29033.79042,2,0.14544715,4541,Significant_Damage_And_Serious_Injuries
26.34703196,14,3,89.10665451,0.275002524,79.71,4,25541.04955,1,0.046643985,8920,Highly_Fatal_And_Damaging
12.46575342,18,1,75.43299909,0.327292463,82.4,6,34952.12711,1,0.008571062,1821,Highly_Fatal_And_Damaging
38.76712329,10,2,51.82315406,0.523830508,80.13,1,25631.34571,1,0.948341399,2136,Significant_Damage_And_Fatalities
54.74885845,15,4,64.58523245,0.289787955,78.6,7,23792.10861,2,0.002533878,2137,Significant_Damage_And_Fatalities
51.91780822,6,0,53.91978122,0.476589254,79.97,4,28604.1784,2,0.053900361,10179,Significant_Damage_And_Fatalities
32.96803653,12,14,63.67365542,0.321161918,76.56,1,32800.83687,0,1.213858457,7406,Highly_Fatal_And_Damaging
45.06849315,15,0,81.81403829,0.351454021,78.63,6,42493.86496,2,0.010551812,12095,Minor_Damage_And_Injuries
30.4109589,12,1,89.10665451,0.191338622,80.98,4,23086.02269,3,0.042637119,7989,Highly_Fatal_And_Damaging
56.94063927,11,33,72.47037375,0.273560043,80.09,2,32861.27684,1,0.444553308,11020,Minor_Damage_And_Injuries
42.23744292,12,9,57.70282589,0.304573386,78.46,2,41703.45329,4,0.566711947,4596,Significant_Damage_And_Serious_Injuries
35.43378995,18,17,47.08295351,0.351454021,78.76,2,41045.694,2,0.553451831,5718,Highly_Fatal_And_Damaging
23.05936073,14,22,50.22789426,0.44485467,80.19,4,39646.00181,3,0.073173201,6515,Highly_Fatal_And_Damaging
59.6347032,14,4,56.15314494,0.450624594,75.4,7,45649.81327,2,0.004129995,2391,Significant_Damage_And_Serious_Injuries
36.57534247,14,5,57.61166819,0.488850343,79.61,3,33896.51169,2,0.168586749,6865,Significant_Damage_And_Serious_Injuries
44.06392694,12,14,66.77301732,0.344602236,79.17,1,17807.74008,1,0.636699055,10435,Significant_Damage_And_Serious_Injuries
34.06392694,18,18,31.08477666,0.777707176,84.87,6,31702.32966,2,0.007654089,6115,Highly_Fatal_And_Damaging
37.48858447,10,6,76.89152233,0.288706094,80.96,5,19325.70377,1,0.013301896,7309,Highly_Fatal_And_Damaging
24.15525114,14,3,80.99361896,0.312507032,76.48,4,27179.05196,3,0.050328563,7588,Highly_Fatal_And_Damaging
42.10045662,12,8,55.24156791,0.578644789,77.45,2,29989.7502,3,0.404401762,1255,Minor_Damage_And_Injuries
69.9543379,11,7,79.71741112,0.230285611,77.93,2,8232.843655,2,0.095753418,3866,Significant_Damage_And_Fatalities
15.29680365,17,0,49.95442115,0.397252795,79.81,7,48416.02672,3,0.004404294,11300,Significant_Damage_And_Fatalities
38.21917808,14,22,56.97356427,0.5130119,86.43,2,36933.84468,1,0.502390494,1975,Minor_Damage_And_Injuries
57.12328767,11,39,74.74931632,0.467213127,77.98,2,44574.06272,3,0.603171246,862,Minor_Damage_And_Injuries
23.42465753,15,0,62.53418414,0.360469528,78.59,7,23543.5818,3,0.002139921,4676,Highly_Fatal_And_Damaging
51.05022831,10,1,45.39653601,0.699813199,76.01,6,24084.88732,0,0.006094288,6024,Minor_Damage_And_Injuries
37.48858447,10,2,52.59799453,0.335226109,77.16,4,32995.43662,0,0.059831348,10353,Significant_Damage_And_Fatalities
50.77625571,10,5,68.82406563,0.198911648,79.52,1,36028.49759,0,1.343206675,2279,Significant_Damage_And_Serious_Injuries
36.84931507,14,7,68.18596171,0.356863325,77.1,3,12854.04566,2,0.069397951,7785,Significant_Damage_And_Serious_Injuries
53.24200913,16,4,46.26253418,0.60641255,76.79,4,31812.00399,1,0.058588425,9957,Highly_Fatal_And_Damaging
42.28310502,16,0,64.49407475,0.345684097,76.36,5,36324.943,2,0.024245062,11813,Minor_Damage_And_Injuries
33.42465753,15,11,66.0437557,0.356863325,77.04,3,19873.28241,2,0.098496104,6410,Significant_Damage_And_Serious_Injuries
30.4109589,12,6,74.93163172,0.28293617,79.68,3,40645.29437,1,0.202521399,3288,Highly_Fatal_And_Damaging
56.43835616,11,7,48.4958979,0.560613776,75.88,2,45903.4682,0,0.627074278,3779,Highly_Fatal_And_Damaging
46.16438356,11,0,60.30082042,0.524191129,83.24,3,40979.57545,1,0.205286209,6228,Significant_Damage_And_Serious_Injuries
30.4109589,12,1,94.07474932,0.22920375,78.79,1,43939.24941,0,1.597441144,7873,Highly_Fatal_And_Damaging
41.91780822,12,4,51.27620784,0.522748648,83.76,3,24604.46559,2,0.122094926,2166,Minor_Damage_And_Injuries
22.87671233,21,1,67.95806746,0.324046881,83.25,5,36228.38126,3,0.025110149,4339,Minor_Damage_And_Injuries