Safety_Score,Days_Since_Inspection,Total_Safety_Complaints,Control_Metric,Turbulence_In_gforces,Cabin_Temperature,Accident_Type_Code,Max_Elevation,Violations,Adverse_Weather_Metric,Accident_ID,Severity
28.49315068,20,22,58.38650866,0.40410458,77.27,6,38017.71186,3,0.010300756,10033,Minor_Damage_And_Injuries
52.28310502,9,11,77.52962625,0.313949513,82.88,3,41468.3975,2,0.204025292,10107,Significant_Damage_And_Serious_Injuries
42.00913242,16,13,81.03919781,0.226679409,79.66,2,22102.03854,2,0.299887443,9727,Minor_Damage_And_Injuries
29.543379,20,22,66.59070191,0.49930833,77.64,1,36873.07077,3,1.358396134,8787,Minor_Damage_And_Injuries
68.99543379,11,12,40.51959891,0.693322034,76.63,2,31925.27555,2,0.433461888,3598,Highly_Fatal_And_Damaging
37.57990868,14,6,61.30355515,0.391482871,81.57,3,32874.26376,1,0.163199734,5513,Significant_Damage_And_Serious_Injuries
30.91324201,16,4,45.89790337,0.557728814,80.16,6,32986.7833,3,0.008117908,8988,Minor_Damage_And_Injuries
56.62100457,12,20,74.74931632,0.315391994,83.15,2,20600.58499,4,0.278446238,9165,Minor_Damage_And_Injuries
46.57534247,11,2,53.60072926,0.492817166,78.73,3,35380.63501,0,0.17583753,1409,Significant_Damage_And_Serious_Injuries
27.12328767,17,3,52.37010027,0.374894338,83.72,1,27379.92004,0,0.992974229,12166,Minor_Damage_And_Injuries
37.39726027,14,0,56.51777575,0.324768121,77.89,2,34936.62633,2,0.471153593,9932,Minor_Damage_And_Injuries
59.9543379,10,1,64.81312671,0.175471331,77.31,2,40754.71833,2,0.551040805,9693,Minor_Damage_And_Injuries
38.31050228,13,54,71.23974476,0.249759106,82.45,3,51049.38015,1,0.257153814,1517,Significant_Damage_And_Serious_Injuries
29.40639269,13,14,74.06563355,0.21550018,81.59,4,37066.96224,2,0.067149309,1369,Highly_Fatal_And_Damaging
26.48401826,14,2,79.39835916,0.294836639,84.78,3,46445.7091,2,0.232873362,7909,Highly_Fatal_And_Damaging
33.33333333,15,2,64.26618049,0.386434187,78.67,6,33651.58052,3,0.008990355,2142,Significant_Damage_And_Serious_Injuries
67.53424658,12,6,68.04922516,0.158882798,78.22,1,26340.29948,2,0.979178722,901,Significant_Damage_And_Fatalities
64.88584475,13,7,62.30628988,0.381024883,86.4,7,18272.72848,4,0.001668631,3423,Significant_Damage_And_Fatalities
28.72146119,13,2,62.7620784,0.286181753,84.41,4,37967.55132,2,0.069603156,1377,Highly_Fatal_And_Damaging
21.27853881,15,0,63.81039198,0.556286332,79.58,4,28162.02042,2,0.051585265,468,Highly_Fatal_And_Damaging
30,13,0,66.68185962,0.306376488,78.21,4,51474.87118,4,0.09790633,3148,Highly_Fatal_And_Damaging
44.47488584,15,1,55.60619872,0.338471691,81.05,2,47892.29855,3,0.648151779,7921,Highly_Fatal_And_Damaging
39.7260274,13,7,73.10847767,0.306015867,79.99,3,21426.83302,2,0.107090688,539,Significant_Damage_And_Serious_Injuries
12.69406393,18,12,55.37830447,0.421414353,79.03,4,33107.06461,3,0.06047949,7822,Significant_Damage_And_Fatalities
52.10045662,6,7,61.30355515,0.656538767,79.49,4,32578.59435,2,0.060223054,9171,Highly_Fatal_And_Damaging
33.74429224,11,2,59.98176846,0.360830148,84.72,7,25794.58087,2,0.00243244,6480,Highly_Fatal_And_Damaging
62.55707763,10,6,41.52233364,0.619394879,78.27,4,46296.73718,3,0.085541759,11895,Highly_Fatal_And_Damaging
59.8173516,14,5,92.93527803,0.162489001,80.44,7,45084.69164,3,0.003959903,970,Significant_Damage_And_Fatalities
45.79908676,11,3,71.78669098,0.444133429,82.74,2,42766.63897,1,0.577778977,1675,Significant_Damage_And_Serious_Injuries
34.47488584,15,7,59.7538742,0.267790119,76.49,6,40238.33209,3,0.010025347,9718,Significant_Damage_And_Serious_Injuries
44.33789954,15,3,49.45305378,0.534649116,76.86,2,30701.49036,1,0.415919627,11728,Highly_Fatal_And_Damaging
31.59817352,12,2,80.674567,0.264183916,80.95,1,14957.15226,3,0.602998607,9343,Highly_Fatal_And_Damaging
46.39269406,15,9,61.48587056,0.451345835,81.71,2,32272.82502,2,0.436765191,12350,Minor_Damage_And_Injuries
33.74429224,18,5,54.37556974,0.252644068,78.95,4,30448.47001,2,0.055607104,1320,Minor_Damage_And_Injuries
51.18721461,10,11,66.31722881,0.395449693,77.53,3,21075.56574,0,0.104226105,6830,Significant_Damage_And_Serious_Injuries
30.59360731,12,0,67.04649043,0.462885683,79.61,5,41373.23488,3,0.027316802,6134,Highly_Fatal_And_Damaging
60.1826484,7,14,67.45670009,0.2959185,80.03,3,32301.43418,2,0.161099598,6614,Significant_Damage_And_Serious_Injuries
40.2739726,9,10,56.79124886,0.293033538,83.32,6,26044.91155,1,0.006662971,2050,Highly_Fatal_And_Damaging
7.762557078,19,6,49.86326345,0.470458709,78.9,4,32187.54378,2,0.0586689,9246,Significant_Damage_And_Fatalities
36.16438356,14,5,71.92342753,0.351454021,75.39,6,21411.02091,4,0.005335316,11690,Significant_Damage_And_Serious_Injuries
28.58447489,16,5,66.90975387,0.357223945,79.72,6,39133.57794,1,0.009724337,11946,Significant_Damage_And_Serious_Injuries
35.79908676,14,10,62.9443938,0.379582402,81.02,3,43575.46011,1,0.215610803,6703,Significant_Damage_And_Serious_Injuries
19.40639269,19,0,59.98176846,0.508323837,78.46,3,35769.5194,0,0.180527703,5523,Significant_Damage_And_Serious_Injuries
39.26940639,10,0,72.15132179,0.273199423,78.68,4,17496.9718,2,0.031158483,8805,Highly_Fatal_And_Damaging
25.61643836,14,2,62.16955333,0.314670754,78.09,4,19518.56216,2,0.036397697,5673,Highly_Fatal_And_Damaging
24.61187215,14,4,69.14311759,0.468294987,82.45,6,31346.79534,3,0.007900842,3937,Highly_Fatal_And_Damaging
27.48858447,20,17,72.65268915,0.194944825,77.13,7,30271.19477,3,0.002627627,11,Minor_Damage_And_Injuries
46.48401826,11,1,77.98541477,0.384631085,78,6,40674.11266,1,0.010259549,8318,Significant_Damage_And_Serious_Injuries
39.49771689,13,6,78.03099362,0.245792283,77.83,5,41991.87091,2,0.028569421,8096,Significant_Damage_And_Serious_Injuries
20.50228311,19,3,66.40838651,0.421774973,82.2,3,24122.30663,2,0.120503075,6867,Significant_Damage_And_Serious_Injuries
10.86757991,18,0,80.62898815,0.245792283,78.33,4,30094.08924,2,0.054740383,9287,Highly_Fatal_And_Damaging
49.8173516,10,11,70.14585232,0.474425532,79,3,20637.7837,2,0.10159794,671,Significant_Damage_And_Serious_Injuries
65.89041096,9,2,56.70009116,0.777707176,78.9,7,27551.10353,2,0.002409644,11290,Significant_Damage_And_Serious_Injuries
31.46118721,12,2,62.71649954,0.335226109,80.53,1,23454.28405,2,0.859539949,9360,Highly_Fatal_And_Damaging
11.23287671,18,7,64.31175934,0.417086909,80.67,4,34956.47223,3,0.063620211,3624,Highly_Fatal_And_Damaging
40.77625571,13,20,82.72561531,0.22848251,81.24,6,36676.17766,1,0.009003721,8853,Significant_Damage_And_Serious_Injuries
50.73059361,7,5,65.63354603,0.267790119,81.97,3,19643.59874,2,0.099943014,4418,Highly_Fatal_And_Damaging
77.30593607,4,3,76.61804923,0.354699603,81.24,3,38170.76339,1,0.190706009,12469,Minor_Damage_And_Injuries
61.87214612,13,19,72.37921604,0.388958529,86.43,7,23226.23689,3,0.002331671,1543,Significant_Damage_And_Fatalities
52.51141553,9,5,41.20328168,0.45891886,79.34,3,25032.8277,0,0.12462921,6385,Minor_Damage_And_Injuries
54.74885845,9,6,74.02005469,0.252644068,78.64,6,18103.78971,1,0.004792302,8789,Significant_Damage_And_Serious_Injuries
18.72146119,19,1,59.16134913,0.48488352,79.03,3,31442.51165,2,0.157172393,6352,Significant_Damage_And_Serious_Injuries
80.95890411,8,20,53.00820419,0.564219978,79.79,7,29365.0115,0,0.002697681,11384,Significant_Damage_And_Serious_Injuries
32.87671233,15,8,82.49772106,0.173307609,76.9,7,43717.2844,2,0.004016103,3123,Significant_Damage_And_Serious_Injuries
72.96803653,7,1,66.1349134,0.346405337,77.85,4,25251.11556,3,0.045305004,7835,Highly_Fatal_And_Damaging
23.78995434,14,23,65.99817685,0.422135593,78.55,1,12542.55061,3,0.202495647,2271,Highly_Fatal_And_Damaging
42.42009132,12,8,54.9680948,0.442330328,81.86,2,52978.47906,1,0.729576238,8515,Minor_Damage_And_Injuries
27.80821918,13,1,45.67000912,0.35001154,81.25,2,35508.18315,3,0.480311363,5985,Significant_Damage_And_Fatalities
48.99543379,14,6,59.29808569,0.503275153,78.15,5,38382.6155,0,0.025816321,8706,Minor_Damage_And_Injuries
27.89954338,13,0,83.81950775,0.185208078,82.49,4,31646.74844,2,0.057863231,10311,Highly_Fatal_And_Damaging
38.31050228,13,13,71.78669098,0.371288136,77.99,6,10722.23213,1,0.000436301,2441,Significant_Damage_And_Serious_Injuries
71.78082192,10,3,75.52415679,0.33630797,81.46,5,20795.1242,1,0.01374728,118,Significant_Damage_And_Fatalities
56.66666667,11,6,54.32999088,0.455673278,81.96,7,31631.37761,3,0.002792163,11353,Highly_Fatal_And_Damaging
45.75342466,15,0,73.60984503,0.386073567,77.25,2,36883.78997,3,0.499845233,9433,Minor_Damage_And_Injuries
29.17808219,12,4,79.53509572,0.403022719,77.26,4,43852.84535,4,0.080033485,3335,Highly_Fatal_And_Damaging
49.6347032,7,1,81.58614403,0.435478543,79.3,2,28970.29867,1,0.392272812,4056,Highly_Fatal_And_Damaging
31.82648402,12,2,62.71649954,0.315752614,78.66,4,28787.17272,2,0.052715641,1934,Highly_Fatal_And_Damaging
70.4109589,11,14,55.05925251,0.439805986,79.6,7,31631.37761,3,0.002775954,4251,Significant_Damage_And_Fatalities
38.81278539,13,0,61.53144941,0.424299315,77.78,3,35867.23014,2,0.180527703,5415,Significant_Damage_And_Serious_Injuries
46.66666667,7,18,69.37101185,0.462525063,75.88,1,22950.58102,1,0.844304692,10078,Highly_Fatal_And_Damaging
53.83561644,5,4,60.02734731,0.407710783,77.55,6,32266.13623,2,0.008009077,544,Significant_Damage_And_Serious_Injuries
36.43835616,11,2,73.70100273,0.273560043,78.91,2,26902.31882,2,0.364323086,11087,Highly_Fatal_And_Damaging
68.26484018,8,8,40.51959891,0.637425893,76.59,2,42041.44746,2,0.571545576,6406,Highly_Fatal_And_Damaging
50.63926941,13,15,68.59617138,0.41744753,78.02,1,18180.96658,2,0.655110147,6171,Minor_Damage_And_Injuries
22.92237443,22,6,80.99361896,0.312507032,81.29,4,30992.04278,1,0.056973869,8421,Minor_Damage_And_Injuries
60.1369863,14,13,60.66545123,0.423217454,77.08,7,34472.0838,0,0.003234354,7459,Significant_Damage_And_Fatalities
46.07305936,18,13,41.61349134,0.58044789,76.04,6,21720.57383,3,0.005269257,7713,Significant_Damage_And_Serious_Injuries
49.26940639,10,5,66.90975387,0.382467364,78.34,3,26335.2238,2,0.130415664,8980,Significant_Damage_And_Serious_Injuries
32.69406393,12,3,50.86599818,0.495702128,77.66,1,10115.92167,2,0.439207929,5033,Significant_Damage_And_Fatalities
46.66666667,15,9,69.91795807,0.393646592,78.96,2,26900.70286,2,0.364323086,11820,Minor_Damage_And_Injuries
43.33333333,15,10,65.95259799,0.286542373,81.8,2,23506.54331,2,0.316177574,8310,Minor_Damage_And_Injuries
29.49771689,13,13,78.57793984,0.338471691,84.32,2,12444.52133,2,0.167498544,11514,Highly_Fatal_And_Damaging
45.79908676,11,4,71.78669098,0.340274793,83.12,6,35902.35475,1,0.00880519,2952,Significant_Damage_And_Serious_Injuries
22.28310502,18,3,61.2579763,0.518421204,80.19,3,15991.41476,3,0.078488125,10522,Significant_Damage_And_Serious_Injuries
27.57990868,17,1,57.29261623,0.444133429,79.03,5,18784.40868,4,0.013031361,46,Significant_Damage_And_Serious_Injuries
28.90410959,13,4,54.83135825,0.368763794,77.29,4,26548.89266,4,0.047983706,110,Significant_Damage_And_Fatalities
51.91780822,13,8,84.00182315,0.29555788,79.96,5,50545.07023,2,0.035319452,12017,Minor_Damage_And_Injuries
31.14155251,12,0,76.80036463,0.281854309,78.53,4,25556.93881,3,0.04735187,4479,Highly_Fatal_And_Damaging
57.12328767,8,11,77.52962625,0.30998269,76.87,6,23860.73161,2,0.006051087,10540,Significant_Damage_And_Serious_Injuries
25.66210046,14,10,70.73837739,0.273560043,76.66,4,24545.78142,1,0.044302591,4738,Highly_Fatal_And_Damaging
32.42009132,12,10,48.90610757,0.422496213,81.3,3,35285.26904,2,0.17567501,8483,Highly_Fatal_And_Damaging
36.89497717,14,4,88.01276208,0.293754778,77.77,3,34929.74042,2,0.174317185,2534,Significant_Damage_And_Serious_Injuries
60.1826484,10,7,45.25979945,0.699813199,77.74,7,25814.84687,2,0.002354009,798,Significant_Damage_And_Serious_Injuries
54.74885845,9,28,63.26344576,0.306015867,82.3,7,23792.10861,3,0.002352377,19,Significant_Damage_And_Serious_Injuries
63.19634703,13,5,60.98450319,0.344962856,79.88,7,14894.16202,3,0.001298572,10551,Significant_Damage_And_Fatalities
28.85844749,13,2,63.76481313,0.303130905,78.38,2,43621.7314,2,0.592637234,6556,Highly_Fatal_And_Damaging
42.32876712,12,15,53.60072926,0.60641255,79.48,3,47156.93843,0,0.236847336,2495,Minor_Damage_And_Injuries
33.47031963,12,8,71.55879672,0.467213127,83.63,4,45769.78183,0,0.082786067,1597,Highly_Fatal_And_Damaging
32.46575342,15,1,48.63263446,0.429708619,80.43,2,27506.84893,3,0.371472026,2135,Minor_Damage_And_Injuries
35.15981735,11,5,60.84776664,0.407350162,76.79,2,28929.74467,2,0.392319835,5273,Highly_Fatal_And_Damaging
19.22374429,16,0,52.37010027,0.254447169,75.14,1,23797.34875,0,0.877709245,2028,Significant_Damage_And_Fatalities
12.69406393,18,13,50.13673655,0.447739632,76.52,4,32187.54378,2,0.059458512,2442,Significant_Damage_And_Fatalities
70.68493151,11,1,67.41112124,0.272838803,82.14,5,20721.93138,1,0.014638219,9095,Significant_Damage_And_Fatalities
50.2739726,13,10,69.59890611,0.410956365,81.44,2,32441.08736,2,0.438728976,10830,Minor_Damage_And_Injuries
37.30593607,17,11,56.83682771,0.334865489,76.86,2,32018.63103,3,0.433304585,10433,Minor_Damage_And_Injuries
75.57077626,9,6,77.52962625,0.231006852,79.43,7,33256.46682,0,0.003134738,8834,Significant_Damage_And_Fatalities
32.87671233,15,4,78.30446673,0.239661738,83.34,7,24759.21736,3,0.002465262,11176,Significant_Damage_And_Serious_Injuries
31.14155251,12,8,86.05287147,0.294115398,82.53,4,32951.98882,0,0.059954534,2993,Highly_Fatal_And_Damaging
45.79908676,11,29,72.28805834,0.207205914,82.15,3,30248.93497,3,0.150239799,1124,Significant_Damage_And_Serious_Injuries
42.96803653,15,0,72.74384686,0.233531194,76.93,4,41709.01528,2,0.075777723,11274,Minor_Damage_And_Injuries
30.0913242,13,12,77.75752051,0.281133069,84.96,4,31592.25349,1,0.057784828,6288,Highly_Fatal_And_Damaging
61.87214612,13,9,73.01731996,0.32368626,77.86,7,22656.98047,4,0.001877047,8509,Significant_Damage_And_Fatalities
29.17808219,12,1,68.59617138,0.417086909,81.07,4,40657.7634,2,0.074492039,9498,Highly_Fatal_And_Damaging
44.38356164,15,10,72.01458523,0.432232961,76.66,2,25019.92995,1,0.337996375,10784,Minor_Damage_And_Injuries
53.74429224,16,20,61.21239745,0.416726289,81.91,3,15186.50795,3,0.075609171,1976,Significant_Damage_And_Fatalities
73.33333333,7,2,88.05834093,0.298442842,77.87,2,19262.18401,2,0.253283471,8865,Minor_Damage_And_Injuries
53.74429224,9,1,75.47857794,0.334504868,79.71,3,26261.55154,0,0.131215115,4034,Significant_Damage_And_Serious_Injuries
35.70776256,14,15,77.93983592,0.298082221,77.53,3,45645.00969,1,0.226944244,11743,Significant_Damage_And_Serious_Injuries
31.91780822,12,14,75.11394713,0.227400649,82.53,4,37066.96224,0,0.06791806,2782,Highly_Fatal_And_Damaging
30.73059361,13,10,65.26891522,0.342799135,80.36,4,10813.84934,3,0.0198347,3112,Highly_Fatal_And_Damaging
72.32876712,10,2,62.26071103,0.427905517,79.58,7,35320.94545,1,0.002998567,11109,Significant_Damage_And_Fatalities
47.89954338,11,6,61.39471285,0.405186441,81.27,6,28542.00418,2,0.007347073,10728,Significant_Damage_And_Serious_Injuries
53.10502283,12,0,55.56061987,0.491374684,75.9,3,33372.81979,2,0.165002364,5018,Significant_Damage_And_Serious_Injuries
47.53424658,18,2,67.6390155,0.249759106,83.6,3,26859.19154,2,0.133480825,12100,Significant_Damage_And_Fatalities
38.40182648,13,3,77.02825889,0.297000361,76.89,6,29971.74446,2,0.007222059,12456,Significant_Damage_And_Serious_Injuries
45.70776256,11,9,59.5715588,0.473704291,81.06,3,32509.93126,1,0.162233573,4500,Significant_Damage_And_Serious_Injuries
51.46118721,13,2,65.54238833,0.344962856,78.63,1,51183.88256,2,1.843886062,896,Minor_Damage_And_Injuries
13.78995434,20,12,70.60164084,0.306376488,81,3,32269.06835,2,0.160643633,6,Significant_Damage_And_Serious_Injuries
40.54794521,20,2,74.06563355,0.302770285,76.94,7,33323.29099,1,0.003129141,1581,Significant_Damage_And_Fatalities
41.59817352,13,8,62.26071103,0.383909845,76.37,4,26277.03513,1,0.048175501,9032,Significant_Damage_And_Serious_Injuries
28.67579909,13,6,71.87784868,0.35001154,78.52,4,35527.97427,3,0.065277033,6721,Highly_Fatal_And_Damaging
11.50684932,18,0,64.5396536,0.256610891,78.99,6,23081.83983,3,0.005326978,10789,Highly_Fatal_And_Damaging
31.18721461,15,0,54.64904284,0.383188604,81.71,4,28203.48913,2,0.052308589,11973,Minor_Damage_And_Injuries
52.10045662,6,9,88.05834093,0.245431662,81.1,1,35377.24419,4,1.29944863,3959,Highly_Fatal_And_Damaging
54.84018265,9,6,74.02005469,0.238579877,78.56,5,36748.27037,3,0.024697132,848,Significant_Damage_And_Serious_Injuries
63.19634703,13,16,64.4484959,0.414201947,77.02,7,34740.43948,1,0.003072618,1069,Significant_Damage_And_Fatalities
44.47488584,8,0,52.68915223,0.433314821,81.74,4,38457.95012,3,0.070990535,8370,Highly_Fatal_And_Damaging
36.11872146,11,4,62.57976299,0.383909845,77.82,2,28248.20035,2,0.382297819,2152,Highly_Fatal_And_Damaging
95.25114155,4,3,78.07657247,0.30998269,78.31,7,28201.73534,2,0.002905961,11432,Significant_Damage_And_Fatalities
20.86757991,15,1,55.19598906,0.311425171,77.13,4,30363.14075,1,0.056073196,5434,Significant_Damage_And_Fatalities
66.39269406,9,7,49.40747493,0.444133429,78.06,5,6740.557054,2,0.00259798,5057,Highly_Fatal_And_Damaging
38.58447489,13,4,62.16955333,0.421774973,86.43,5,21612.75357,2,0.014808241,1982,Significant_Damage_And_Serious_Injuries
46.25570776,8,12,46.7183227,0.504717634,79.64,6,45343.98698,3,0.01194006,2100,Highly_Fatal_And_Damaging
28.85844749,16,7,52.46125798,0.389319149,79.54,3,18842.78867,0,0.096352297,2966,Minor_Damage_And_Injuries
28.99543379,20,7,52.55241568,0.280411828,87.65,1,37258.09685,1,1.377590414,10131,Highly_Fatal_And_Damaging
45.02283105,15,10,89.51686418,0.22920375,78.76,2,36834.78284,2,0.50126215,298,Minor_Damage_And_Injuries
74.70319635,6,0,42.06927985,0.584775334,78.03,2,22443.89357,2,0.306870693,11440,Highly_Fatal_And_Damaging
28.58447489,20,1,75.25068368,0.305294627,76.68,4,37164.64198,2,0.068057398,7953,Minor_Damage_And_Injuries
39.8173516,17,7,62.26071103,0.307818969,78.46,1,26989.61464,1,0.992974229,9314,Minor_Damage_And_Injuries
47.53424658,18,0,57.74840474,0.28221493,85.9,2,32108.89445,2,0.433461888,2102,Significant_Damage_And_Fatalities
42.51141553,16,0,84.68550593,0.192781103,79.98,2,33941.90305,3,0.459495412,1249,Minor_Damage_And_Injuries
42.32876712,12,4,61.89608022,0.381746123,80.22,6,39406.01297,3,0.009398348,12284,Significant_Damage_And_Serious_Injuries
47.48858447,14,2,41.8413856,0.745972593,78.37,5,21876.09992,2,0.013804617,5157,Highly_Fatal_And_Damaging
48.26484018,14,1,77.34731085,0.256610891,76.77,2,42688.63692,2,0.577208625,4954,Minor_Damage_And_Injuries
38.85844749,10,7,54.32999088,0.261659574,77.13,4,18614.26809,2,0.034404845,7283,Significant_Damage_And_Fatalities
32.87671233,15,5,79.53509572,0.267429499,76.9,6,38631.0172,3,0.009890619,1713,Significant_Damage_And_Serious_Injuries
43.24200913,19,4,62.57976299,0.288706094,80.96,2,37967.55132,1,0.512288113,7833,Significant_Damage_And_Fatalities
38.17351598,17,0,74.06563355,0.264905157,81.73,2,34379.30776,2,0.462641842,12063,Minor_Damage_And_Injuries
35.15981735,11,2,83.68277119,0.351093401,76.8,7,42374.47086,2,0.003839545,6269,Highly_Fatal_And_Damaging
27.85388128,13,2,47.26526892,0.444133429,87,2,30701.49036,1,0.413957737,3265,Significant_Damage_And_Fatalities
56.25570776,12,13,62.16955333,0.317916336,79.23,5,41329.44355,0,0.027194499,4377,Minor_Damage_And_Injuries
26.25570776,14,2,55.15041021,0.260938334,79.49,1,40987.10943,3,1.507345894,1906,Significant_Damage_And_Fatalities
68.35616438,8,2,64.99544211,0.33666859,78.13,4,15868.44394,3,0.029793486,12015,Minor_Damage_And_Injuries
72.46575342,10,10,60.57429353,0.474064912,78.31,7,29171.21137,2,0.002825237,5727,Significant_Damage_And_Fatalities
40.73059361,13,10,45.67000912,0.521306167,81.42,3,39380.29135,1,0.195566783,3515,Minor_Damage_And_Injuries
44.42922374,8,0,38.78760255,0.707746845,84.9,3,30129.02346,3,0.149678161,9130,Significant_Damage_And_Fatalities
59.8173516,14,15,48.81494986,0.560613776,79.54,7,28245.64126,3,0.002900879,3351,Significant_Damage_And_Serious_Injuries
70.3196347,11,4,66.1349134,0.278608727,78.52,7,40019.49687,4,0.003471402,2799,Significant_Damage_And_Fatalities
45.52511416,8,3,69.73564266,0.305294627,82.37,7,38872.67956,2,0.003453591,8514,Highly_Fatal_And_Damaging
50.2739726,16,0,51.91431176,0.480556076,77.27,7,35960.9764,3,0.003227581,2644,Significant_Damage_And_Serious_Injuries
50.1369863,13,6,73.47310848,0.288706094,82.52,1,32433.03649,1,1.183045268,2635,Minor_Damage_And_Injuries
46.11872146,15,3,72.33363719,0.302409665,77.56,2,31603.88168,4,0.424911513,892,Minor_Damage_And_Injuries
32.14611872,12,2,59.98176846,0.244349802,81.26,2,22730.47091,1,0.3052942,12046,Highly_Fatal_And_Damaging
46.16438356,11,3,72.10574294,0.351454021,78.03,3,32471.86678,3,0.162583863,10739,Significant_Damage_And_Serious_Injuries
72.55707763,7,19,47.40200547,0.438724125,83.5,6,39964.68826,1,0.009578553,5496,Highly_Fatal_And_Damaging
64.20091324,13,7,70.41932543,0.292312297,78.14,7,16229.72834,1,0.001418911,4179,Significant_Damage_And_Fatalities
56.66666667,11,14,70.69279854,0.378500541,79.23,2,26391.63169,2,0.356822655,9550,Highly_Fatal_And_Damaging
25.29680365,14,3,76.80036463,0.361190768,80.64,4,36539.89933,3,0.067701807,5330,Highly_Fatal_And_Damaging
43.19634703,9,22,73.60984503,0.40410458,80.83,4,49040.71611,3,0.090540253,10180,Highly_Fatal_And_Damaging
26.11872146,17,6,63.17228806,0.330898666,76.98,6,28164.6002,1,0.006872156,11328,Significant_Damage_And_Serious_Injuries
62.78538813,6,5,76.89152233,0.486686621,78.44,1,33179.916,1,1.225134717,7923,Significant_Damage_And_Serious_Injuries
49.7260274,10,7,71.96900638,0.362272629,78.14,6,35974.82174,2,0.009235359,6306,Significant_Damage_And_Serious_Injuries
40.2283105,13,9,56.79124886,0.564219978,81.71,4,36204.54099,3,0.065892713,9195,Minor_Damage_And_Injuries
21.87214612,15,24,47.08295351,0.804753696,78.59,1,46768.82219,1,1.734228799,8006,Significant_Damage_And_Fatalities
33.83561644,11,5,50.0911577,0.745972593,78.37,3,28135.91731,3,0.140526429,4585,Highly_Fatal_And_Damaging
45.70776256,11,9,67.41112124,0.312507032,79.17,3,26069.49687,2,0.129889248,9704,Significant_Damage_And_Serious_Injuries
44.88584475,8,12,52.82588879,0.366960692,79.39,1,15470.41089,1,0.561457355,4885,Significant_Damage_And_Fatalities
54.65753425,9,3,56.97356427,0.469376848,76.48,7,24997.87526,2,0.002346066,4889,Significant_Damage_And_Serious_Injuries
44.84018265,8,10,83.81950775,0.199632889,76.89,4,31213.75222,2,0.057752499,3879,Highly_Fatal_And_Damaging
61.23287671,10,1,52.18778487,0.40482582,75.98,7,33573.26994,3,0.0033047,5486,Significant_Damage_And_Serious_Injuries
34.61187215,11,5,59.38924339,0.39076163,80.27,2,32793.25715,1,0.442575446,4359,Highly_Fatal_And_Damaging
39.8173516,9,6,76.84594348,0.492456545,78.4,1,24314.56676,2,0.898387825,11951,Highly_Fatal_And_Damaging
37.53424658,10,1,64.3573382,0.204320952,81.26,4,39996.55482,1,0.073123348,5047,Highly_Fatal_And_Damaging
41.96347032,12,2,74.52142206,0.321883159,84.62,6,13740.01304,3,0.003392937,764,Significant_Damage_And_Serious_Injuries
68.03652968,12,5,68.04922516,0.527797331,77.62,7,21977.37757,4,0.001890972,1141,Significant_Damage_And_Fatalities
44.42922374,12,15,57.15587967,0.366960692,78.47,7,39241.56108,1,0.003717087,2019,Minor_Damage_And_Injuries
57.07762557,8,21,65.08659982,0.293394158,80.8,6,39242.1985,2,0.010080947,9271,Significant_Damage_And_Serious_Injuries
43.42465753,12,1,59.20692799,0.412038226,83.63,6,42442.88524,1,0.010586467,7450,Significant_Damage_And_Serious_Injuries
34.01826484,15,2,51.18505014,0.644998918,78.37,3,26385.04154,3,0.131340505,7057,Significant_Damage_And_Serious_Injuries
77.57990868,4,2,54.92251595,0.427905517,86.39,7,22753.27732,3,0.001668631,7148,Significant_Damage_And_Serious_Injuries
51.23287671,13,1,58.97903373,0.362633249,79.01,1,34626.88625,1,1.275979044,10552,Minor_Damage_And_Injuries
51.00456621,10,15,56.3810392,0.311785792,79.43,3,27384.80767,3,0.135825197,711,Significant_Damage_And_Serious_Injuries
36.07305936,14,3,82.90793072,0.372009376,80.64,3,15865.87217,2,0.080377208,3591,Significant_Damage_And_Serious_Injuries
54.01826484,12,17,54.46672744,0.388237288,75.8,1,47529.68677,2,1.720528817,11622,Highly_Fatal_And_Damaging
4.794520548,20,1,68.91522334,0.203960332,78.7,6,16238.58611,4,0.003405809,450,Highly_Fatal_And_Damaging
48.90410959,17,16,49.13400182,0.422496213,77.78,7,29289.65176,3,0.002579531,1735,Significant_Damage_And_Serious_Injuries
26.30136986,17,9,62.48860529,0.509405698,77.78,2,15019.86126,3,0.201188155,4826,Significant_Damage_And_Serious_Injuries
15.02283105,20,2,76.75478578,0.224876307,79.15,3,34522.34916,0,0.170645149,2382,Significant_Damage_And_Serious_Injuries
45.79908676,11,24,63.90154968,0.387516048,79.59,3,22420.84884,2,0.111288342,1588,Significant_Damage_And_Serious_Injuries
66.43835616,9,2,48.90610757,0.543664623,76.99,7,26531.17709,2,0.002489056,1970,Significant_Damage_And_Serious_Injuries
68.03652968,5,6,55.60619872,0.419611251,81.63,5,33757.00536,1,0.023817699,3427,Minor_Damage_And_Injuries