Safety_Score,Days_Since_Inspection,Total_Safety_Complaints,Control_Metric,Turbulence_In_gforces,Cabin_Temperature,Accident_Type_Code,Max_Elevation,Violations,Adverse_Weather_Metric,Accident_ID,Severity
33.92694064,12,1,55.10483136,0.2692326,79.28,4,40987.10943,3,0.075311747,846,Significant_Damage_And_Fatalities
25.15981735,14,10,75.25068368,0.335586729,79.81,2,31463.56857,3,0.427244633,7849,Highly_Fatal_And_Damaging
34.38356164,18,23,56.92798541,0.302770285,76.89,5,30742.72504,3,0.019488771,3816,Minor_Damage_And_Injuries
52.64840183,6,4,60.43755697,0.306376488,84.41,6,28379.66372,3,0.007430734,3481,Highly_Fatal_And_Damaging
42.96803653,15,3,77.89425706,0.362272629,81.63,1,26622.29174,4,0.979178722,5945,Minor_Damage_And_Injuries
50.3652968,10,12,54.9680948,0.605691309,82.2,3,38340.91776,0,0.1914681,6456,Minor_Damage_And_Injuries
48.31050228,10,7,100,0.303491525,83.07,6,41620.61868,3,0.009947029,10313,Significant_Damage_And_Serious_Injuries
36.57534247,14,5,57.88514129,0.35037216,83.92,3,38660.09595,1,0.192253395,10357,Significant_Damage_And_Serious_Injuries
19.40639269,16,0,51.45852325,0.421774973,79.07,2,36091.55277,2,0.488682348,293,Significant_Damage_And_Fatalities
32.14611872,12,0,49.54421149,0.49894771,77.66,1,24135.44337,0,0.905184704,8337,Significant_Damage_And_Fatalities
27.48858447,13,0,72.19690064,0.346765957,77.57,7,41401.72298,2,0.003846037,6866,Highly_Fatal_And_Damaging
40.54794521,20,0,60.16408387,0.375615579,78.09,7,32880.40967,1,0.003116459,2305,Significant_Damage_And_Fatalities
30.1369863,16,5,44.75843209,0.556286332,84.94,6,24604.46559,3,0.00613263,2490,Minor_Damage_And_Injuries
28.90410959,13,8,52.78030994,0.280411828,78.98,1,29232.82186,2,1.092579887,7295,Highly_Fatal_And_Damaging
59.543379,11,1,66.54512306,0.386794807,76.95,5,34274.99438,1,0.023571355,8121,Minor_Damage_And_Injuries
49.08675799,14,1,72.15132179,0.467213127,80.42,5,41870.02622,3,0.028789198,5741,Minor_Damage_And_Injuries
6.98630137,19,11,66.95533273,0.504717634,78.96,4,36354.48843,3,0.065771826,167,Highly_Fatal_And_Damaging
38.17351598,17,0,68.00364631,0.294115398,77.94,2,25093.12607,3,0.339886382,8630,Minor_Damage_And_Injuries
47.71689498,11,1,77.4840474,0.331980527,81.13,3,28145.04092,2,0.141031134,6563,Significant_Damage_And_Serious_Injuries
53.74429224,16,15,48.90610757,0.374533718,76.18,6,21287.79968,0,0.005255821,2390,Significant_Damage_And_Fatalities
33.60730594,18,1,50.82041933,0.562777497,83.57,3,33673.57878,1,0.167541354,8193,Highly_Fatal_And_Damaging
48.81278539,10,11,77.52962625,0.185568698,84.48,3,36736.29014,4,0.183423033,3981,Significant_Damage_And_Serious_Injuries
49.26940639,13,2,45.48769371,0.382106744,76.12,2,30732.53454,1,0.414941704,6181,Highly_Fatal_And_Damaging
29.6347032,16,7,66.77301732,0.357223945,83.64,3,33101.08572,2,0.166467316,11568,Significant_Damage_And_Serious_Injuries
34.65753425,11,5,57.52051048,0.28221493,76.66,4,38394.55093,0,0.071028764,5199,Highly_Fatal_And_Damaging
60.54794521,10,2,62.07839562,0.371288136,77.97,2,40101.82504,1,0.543740652,10392,Minor_Damage_And_Injuries
17.89954338,20,12,52.96262534,0.366600072,88.39,3,47592.31664,2,0.236948192,6841,Minor_Damage_And_Injuries
36.39269406,14,11,71.42206016,0.314310133,79.2,3,28973.30331,1,0.144311407,4186,Significant_Damage_And_Serious_Injuries
59.8173516,10,1,50.50136737,0.329095564,78.4,7,29213.84098,2,0.002906113,9895,Significant_Damage_And_Serious_Injuries
13.69863014,17,8,62.53418414,0.258413992,75.25,4,22535.73019,0,0.040894288,8692,Highly_Fatal_And_Damaging
38.72146119,13,0,52.32452142,0.32332564,82.43,3,27520.49248,1,0.136897974,9374,Minor_Damage_And_Injuries
27.26027397,20,3,71.23974476,0.446657771,79.58,7,40075.9287,1,0.00343974,6460,Minor_Damage_And_Injuries
38.85844749,17,7,55.05925251,0.338471691,77.44,4,39523.6658,0,0.072388521,3533,Highly_Fatal_And_Damaging
24.70319635,18,0,59.29808569,0.355420844,83.21,6,30063.57973,3,0.007066863,7648,Significant_Damage_And_Serious_Injuries
30.456621,16,5,83.36371923,0.337750451,78.78,3,20487.86748,1,0.102714291,10780,Significant_Damage_And_Serious_Injuries
62.37442922,13,13,63.26344576,0.321161918,78.01,7,43558.48316,3,0.003762409,5366,Significant_Damage_And_Fatalities
73.37899543,7,10,68.50501367,0.41744753,77.02,2,22472.16746,3,0.307623472,3849,Minor_Damage_And_Injuries
46.43835616,11,1,52.68915223,0.328374324,80.26,1,32468.86862,1,1.19173458,5784,Minor_Damage_And_Injuries
29.08675799,16,3,64.94986326,0.395810314,80.12,3,40669.4426,2,0.201223914,8275,Significant_Damage_And_Serious_Injuries
22.10045662,15,19,33.9562443,0.49930833,80.98,1,26597.15431,3,0.978454627,7985,Significant_Damage_And_Fatalities
38.17351598,17,3,67.13764813,0.414923188,76.05,2,32060.63407,1,0.432315046,8342,Minor_Damage_And_Injuries
48.35616438,11,2,79.76298997,0.317555716,81.13,3,29216.41599,3,0.144311407,12368,Significant_Damage_And_Serious_Injuries
33.74429224,18,1,95.07748405,0.256610891,79.6,6,22068.22223,1,0.005374088,12457,Minor_Damage_And_Injuries
33.10502283,15,0,76.80036463,0.383188604,80.64,3,37935.80165,1,0.189029307,5522,Significant_Damage_And_Serious_Injuries
54.65753425,9,7,88.46855059,0.40374396,80.75,2,45300.02702,1,0.619279393,12266,Significant_Damage_And_Serious_Injuries
44.93150685,18,21,49.45305378,0.52599423,77.78,7,29573.35219,3,0.002778057,7363,Significant_Damage_And_Serious_Injuries
43.60730594,12,1,61.39471285,0.510848179,83.24,3,26603.69433,2,0.132583631,5916,Significant_Damage_And_Serious_Injuries
27.16894977,17,2,73.47310848,0.463246304,79.77,3,21253.38852,2,0.106394034,11875,Significant_Damage_And_Serious_Injuries
36.71232877,14,3,60.30082042,0.40482582,78.04,4,39230.7768,3,0.07180187,2689,Significant_Damage_And_Serious_Injuries
41.64383562,19,6,62.62534184,0.427544897,80.76,7,17377.62731,1,0.001966385,7583,Significant_Damage_And_Fatalities
48.26484018,7,6,61.62260711,0.48524414,77.62,1,40353.55391,1,1.480342466,9215,Highly_Fatal_And_Damaging
59.8173516,14,1,59.7538742,0.474786152,76.19,6,30982.48581,2,0.007672797,484,Significant_Damage_And_Fatalities
27.57990868,13,30,58.47766636,0.494620267,77.83,4,38859.98557,2,0.071475002,11358,Highly_Fatal_And_Damaging
45.79908676,15,0,83.54603464,0.346405337,80.14,4,34727.77518,2,0.064498191,289,Minor_Damage_And_Injuries
49.22374429,14,6,63.94712853,0.246152903,81.34,2,17006.46116,2,0.23468904,7968,Minor_Damage_And_Injuries
39.45205479,17,4,78.94257065,0.321161918,80.5,1,35006.64787,2,1.29142485,7178,Minor_Damage_And_Injuries
42.46575342,16,1,42.57064722,0.432232961,78.99,5,8706.412078,3,0.00868878,91,Highly_Fatal_And_Damaging
33.92694064,12,7,52.55241568,0.389319149,81.89,4,33553.47828,3,0.061183671,11366,Significant_Damage_And_Fatalities
21.73515982,15,10,81.26709207,0.291230436,80.84,4,36065.20853,2,0.065992443,3387,Highly_Fatal_And_Damaging
61.00456621,10,8,72.74384686,0.272838803,81.81,2,36048.36682,2,0.484710456,51,Minor_Damage_And_Injuries
14.47488584,17,3,47.76663628,0.51193004,77.67,1,32227.71314,2,1.18372104,3846,Significant_Damage_And_Fatalities
41.32420091,13,8,64.99544211,0.321161918,81.2,3,22318.12172,2,0.111669094,2061,Significant_Damage_And_Serious_Injuries
34.10958904,11,0,81.72288058,0.29627912,80.66,7,27179.05196,0,0.002380374,1472,Highly_Fatal_And_Damaging
56.71232877,12,10,70.19143118,0.394007212,78.47,7,26424.95084,2,0.002236211,1852,Minor_Damage_And_Injuries
24.10958904,14,4,71.05742935,0.467213127,81.02,4,27009.59537,2,0.049086168,2274,Highly_Fatal_And_Damaging
46.48401826,11,1,72.33363719,0.416726289,78.75,3,28145.04092,1,0.139944845,9582,Significant_Damage_And_Serious_Injuries
25.25114155,14,13,47.17411121,0.438724125,76.61,4,29722.83991,3,0.054369686,9701,Significant_Damage_And_Fatalities
17.39726027,16,15,96.30811304,0.314310133,76.45,3,30415.65224,1,0.151840047,6974,Highly_Fatal_And_Damaging
20.86757991,19,7,48.95168642,0.582250992,79.2,5,28547.65842,4,0.017996512,487,Minor_Damage_And_Injuries
34.38356164,11,9,64.26618049,0.236416156,80.86,1,23362.5383,3,0.859867418,9371,Highly_Fatal_And_Damaging
72.32876712,10,10,59.52597995,0.423217454,76.37,7,30951.06339,2,0.002671148,5257,Significant_Damage_And_Fatalities
36.98630137,10,14,72.01458523,0.302409665,81.15,1,36377.51079,4,1.342193249,6320,Highly_Fatal_And_Damaging
24.74885845,14,0,46.03463993,0.599921385,82.72,1,31633.69064,2,1.163228518,1323,Significant_Damage_And_Fatalities
18.31050228,16,9,68.50501367,0.640671475,77.42,4,40424.93221,1,0.073595872,3955,Highly_Fatal_And_Damaging
35.29680365,11,0,60.16408387,0.231728092,79.7,1,20285.71129,2,0.744647606,6766,Highly_Fatal_And_Damaging
71.68949772,3,1,52.09662716,0.40482582,82.82,3,23861.03741,2,0.118795588,5110,Minor_Damage_And_Injuries
26.98630137,17,2,78.8969918,0.397974035,78.1,3,20487.86748,2,0.101519828,1360,Significant_Damage_And_Serious_Injuries
33.28767123,15,0,80.35551504,0.196387306,80.54,3,34791.75957,2,0.172539382,4701,Significant_Damage_And_Serious_Injuries
77.85388128,4,2,56.92798541,0.487768482,79.78,6,25094.35704,3,0.006183627,4252,Highly_Fatal_And_Damaging
30.77625571,20,2,56.28988149,0.633098449,80.13,4,24371.51422,1,0.044302591,1558,Highly_Fatal_And_Damaging
19.9086758,21,6,71.1030082,0.52635485,78.49,4,53455.04511,1,0.096182586,10296,Minor_Damage_And_Injuries
52.10045662,6,2,53.91978122,0.62083736,79.03,4,37292.12903,1,0.068210006,6636,Significant_Damage_And_Fatalities
52.64840183,6,4,80.03646308,0.224876307,79.76,1,9125.609626,2,0.387799082,5845,Highly_Fatal_And_Damaging
70.0913242,11,11,64.81312671,0.438002885,80.55,4,14139.90679,3,0.027935419,10971,Significant_Damage_And_Fatalities
21.73515982,15,9,67.50227894,0.343159755,81.1,4,27007.96639,2,0.049517866,7512,Highly_Fatal_And_Damaging
35.25114155,11,6,52.55241568,0.393285972,81.37,4,32666.80939,1,0.060177744,9526,Significant_Damage_And_Fatalities
41.55251142,9,6,57.56608933,0.2959185,83.32,4,32108.89445,2,0.059396626,9118,Highly_Fatal_And_Damaging
35.47945205,14,1,71.83226983,0.36371511,80.98,6,37935.80165,1,0.009906256,8409,Significant_Damage_And_Serious_Injuries
44.56621005,12,2,67.22880583,0.261298954,82.66,3,28945.18111,2,0.145971234,8891,Significant_Damage_And_Serious_Injuries
21.27853881,15,1,65.58796718,0.413120087,79.58,4,21762.5038,1,0.03965528,3753,Highly_Fatal_And_Damaging
45.20547945,11,3,71.42206016,0.247234764,84.75,3,36166.00391,1,0.178257539,7925,Significant_Damage_And_Serious_Injuries
46.48401826,15,3,63.35460346,0.452427696,80.98,2,34007.98567,1,0.458859034,3759,Minor_Damage_And_Injuries
47.44292237,11,1,60.43755697,0.355060224,80.13,3,32832.41769,2,0.163962378,6856,Significant_Damage_And_Serious_Injuries
59.31506849,14,4,61.48587056,0.220548864,78.95,7,44899.07051,4,0.003784553,2467,Significant_Damage_And_Fatalities
70.1369863,7,8,49.13400182,0.422496213,84.52,2,15521.1855,3,0.217882733,498,Highly_Fatal_And_Damaging
45.98173516,18,4,53.96536007,0.542582762,77.78,7,31087.67392,2,0.002627593,286,Significant_Damage_And_Serious_Injuries
31.23287671,12,10,62.16955333,0.44449405,79.3,2,37050.85688,2,0.499845233,5353,Highly_Fatal_And_Damaging
24.70319635,18,0,70.78395624,0.339192932,77.85,1,28955.34683,4,1.067633041,8222,Significant_Damage_And_Serious_Injuries
40.91324201,13,2,73.83773929,0.269953841,78.35,3,46794.80628,2,0.231845913,4215,Significant_Damage_And_Serious_Injuries
28.08219178,13,2,68.64175023,0.246874144,76.13,7,40589.518,1,0.003462771,8886,Highly_Fatal_And_Damaging
69.7260274,8,2,70.46490428,0.32296502,77.82,5,44362.5365,1,0.029774434,5839,Minor_Damage_And_Injuries
12.19178082,18,4,41.61349134,0.479113595,75.5,6,25175.00869,2,0.006390507,9744,Highly_Fatal_And_Damaging
26.39269406,14,1,45.67000912,0.40482582,80.23,7,36511.61432,2,0.003219267,9802,Significant_Damage_And_Fatalities
43.19634703,8,1,72.65268915,0.258413992,76.17,4,30465.08999,4,0.055390534,8381,Highly_Fatal_And_Damaging
42.19178082,16,7,72.78942571,0.317195096,77.17,7,29454.47156,2,0.002596598,11279,Minor_Damage_And_Injuries
51.23287671,13,14,64.85870556,0.48560476,76.48,7,34472.0838,0,0.002951247,7058,Minor_Damage_And_Injuries
31.73515982,23,5,75.61531449,0.316473855,80.47,7,26271.61464,1,0.002139921,8282,Significant_Damage_And_Fatalities
11.00456621,18,2,51.18505014,0.487407862,77.82,1,20348.90502,2,0.750477042,1336,Significant_Damage_And_Fatalities
42.10045662,19,9,53.96536007,0.63418031,79.39,6,47156.93843,2,0.011599273,2840,Significant_Damage_And_Serious_Injuries
48.72146119,10,10,79.89972653,0.234973675,77.93,3,32932.72392,2,0.162966111,1798,Significant_Damage_And_Serious_Injuries
31.36986301,12,12,69.2342753,0.331619906,79.83,4,22736.38233,1,0.041833791,4661,Highly_Fatal_And_Damaging
31.82648402,15,0,73.60984503,0.318276956,79.81,3,26632.01297,3,0.132638956,5633,Significant_Damage_And_Serious_Injuries
33.74429224,11,7,59.98176846,0.358305806,86.13,2,39765.51486,3,0.538862339,2773,Highly_Fatal_And_Damaging
70.1369863,7,2,66.1349134,0.346405337,79.65,2,50138.85333,2,0.668862533,7160,Highly_Fatal_And_Damaging
41.50684932,16,6,87.10118505,0.192781103,78.5,1,28834.57693,2,1.058850069,10695,Minor_Damage_And_Injuries
21.32420091,19,20,52.96262534,0.478392355,76.21,3,25239.66271,3,0.125144036,10725,Minor_Damage_And_Injuries
15.43378995,17,3,60.84776664,0.401940858,80.6,4,40808.47742,1,0.07553804,6838,Highly_Fatal_And_Damaging
14.33789954,17,1,69.14311759,0.290148576,75.07,3,26009.23275,2,0.128453569,9863,Highly_Fatal_And_Damaging
27.57990868,17,3,67.31996354,0.36407573,83.11,3,20743.33747,2,0.10348709,11543,Significant_Damage_And_Serious_Injuries
58.49315068,8,37,76.34457612,0.405547061,76.21,2,35730.45109,2,0.483695846,2659,Significant_Damage_And_Serious_Injuries
34.88584475,11,13,54.92251595,0.414923188,78.13,1,29989.02658,5,1.101318148,2694,Significant_Damage_And_Fatalities
39.6347032,17,8,69.4165907,0.191338622,77.91,2,27295.81652,1,0.367490582,172,Minor_Damage_And_Injuries
20.1826484,15,0,56.15314494,0.375976199,77.13,4,31533.39615,2,0.057497265,3910,Significant_Damage_And_Fatalities
46.16438356,11,3,72.33363719,0.351454021,76.87,6,32471.86678,3,0.007960442,393,Significant_Damage_And_Serious_Injuries
31.68949772,19,7,71.19416591,0.460361342,79.4,5,27487.6888,2,0.018520389,5869,Minor_Damage_And_Injuries
30.2283105,12,0,78.12215132,0.360469528,77.29,5,21744.27302,2,0.014130092,5333,Highly_Fatal_And_Damaging
46.66666667,11,0,69.87237922,0.41780815,79.32,3,40619.77897,3,0.202036111,2919,Significant_Damage_And_Serious_Injuries
21.55251142,15,0,63.81039198,0.556286332,78.41,4,40729.81478,2,0.074223934,7053,Highly_Fatal_And_Damaging
31.18721461,12,2,45.67000912,0.414923188,79.46,4,43852.84535,3,0.08016312,3226,Significant_Damage_And_Fatalities
35.15981735,11,0,63.90154968,0.401580238,76.56,5,46371.52752,2,0.031684809,7688,Highly_Fatal_And_Damaging
31.18721461,12,5,61.75934366,0.430429859,82.72,3,29319.10603,1,0.145497843,1985,Highly_Fatal_And_Damaging
29.40639269,16,19,60.98450319,0.420332492,76.07,2,32060.63407,2,0.433461888,11547,Significant_Damage_And_Serious_Injuries
30.59360731,16,0,72.15132179,0.413480707,82.25,6,23226.01487,1,0.005173934,9210,Significant_Damage_And_Serious_Injuries
35.52511416,14,6,65.86144029,0.236776776,81.34,6,22140.4259,3,0.005079611,3169,Significant_Damage_And_Serious_Injuries
54.15525114,12,1,87.69371012,0.316113235,88.74,2,23410.34229,2,0.317149267,6716,Minor_Damage_And_Injuries
19.9543379,16,13,72.01458523,0.302409665,76.9,7,30056.21522,2,0.002927105,4312,Highly_Fatal_And_Damaging
21.82648402,15,9,81.26709207,0.233891814,79.32,4,21267.70437,3,0.038575945,1183,Highly_Fatal_And_Damaging
17.71689498,16,1,54.9680948,0.311425171,85.9,4,33403.25512,1,0.060898366,4776,Significant_Damage_And_Fatalities
56.25570776,12,13,62.7620784,0.468294987,76.48,5,32937.21825,0,0.021224654,1017,Minor_Damage_And_Injuries
54.79452055,5,15,71.64995442,0.378500541,79.03,7,14552.73491,1,0.00145524,8334,Highly_Fatal_And_Damaging
36.02739726,14,3,48.90610757,0.662308691,79.14,6,38304.32592,2,0.010153212,3352,Significant_Damage_And_Serious_Injuries
29.9543379,16,0,68.00364631,0.294115398,80.46,6,36027.6632,2,0.009163566,1659,Significant_Damage_And_Serious_Injuries
42.05479452,12,2,69.5077484,0.409513884,79.42,3,23573.00673,2,0.117438328,2074,Significant_Damage_And_Serious_Injuries
45.02283105,15,3,57.70282589,0.387876668,81.43,4,43786.17336,0,0.080228792,1313,Minor_Damage_And_Injuries
22.00913242,15,10,65.36007293,0.316473855,76.79,4,32342.10935,2,0.059458512,9608,Highly_Fatal_And_Damaging
17.26027397,16,0,79.03372835,0.394367833,80.4,4,31164.45231,2,0.057672738,2787,Highly_Fatal_And_Damaging
43.65296804,12,10,62.62534184,0.419250631,78.85,4,39649.80768,3,0.073173201,3740,Significant_Damage_And_Serious_Injuries
41.68949772,19,6,66.68185962,0.340274793,76.92,2,46974.3904,2,0.637457087,1412,Significant_Damage_And_Fatalities
53.47031963,12,8,73.70100273,0.370927515,75.33,2,46273.24001,0,0.622444466,5422,Minor_Damage_And_Injuries
65.43378995,12,1,63.26344576,0.383188604,79.08,5,28815.05953,2,0.019927301,5,Significant_Damage_And_Fatalities
63.19634703,13,8,67.86690975,0.158882798,78.11,7,23665.66037,2,0.002293936,9765,Significant_Damage_And_Fatalities
32.92237443,11,1,49.63536919,0.470819329,81.08,1,33960.58158,3,1.256370837,11683,Significant_Damage_And_Fatalities
34.65753425,11,5,49.45305378,0.531042914,79.88,4,28875.58001,2,0.0536168,399,Significant_Damage_And_Fatalities
40.82191781,16,2,56.51777575,0.386434187,79.49,3,33055.49189,2,0.166419156,3641,Highly_Fatal_And_Damaging
38.81278539,13,30,68.14038286,0.253365308,87.51,6,15675.47478,4,0.003598106,6496,Significant_Damage_And_Serious_Injuries
34.38356164,11,5,74.74931632,0.369485034,82.2,4,17417.24824,2,0.032080508,2014,Highly_Fatal_And_Damaging
33.05936073,12,5,79.53509572,0.403022719,83.01,4,29660.01499,4,0.05443928,2518,Highly_Fatal_And_Damaging
46.84931507,7,15,88.46855059,0.2959185,75.35,2,40311.89652,1,0.546221487,11556,Highly_Fatal_And_Damaging
56.43835616,11,4,55.97082954,0.456394519,83.23,7,46010.30875,2,0.003846037,4781,Highly_Fatal_And_Damaging
40.73059361,16,7,55.87967183,0.317555716,79.73,2,41817.9806,2,0.56825592,7760,Highly_Fatal_And_Damaging
31.18721461,12,5,67.8213309,0.399055896,76.13,4,21651.04946,4,0.039788262,3006,Highly_Fatal_And_Damaging
32.87671233,18,11,54.19325433,0.32368626,81.49,1,28475.16001,3,1.050286812,4894,Minor_Damage_And_Injuries
32.37442922,15,13,76.02552416,0.307097728,76.75,6,40538.78082,2,0.009471383,10628,Significant_Damage_And_Serious_Injuries
35.93607306,11,2,62.57976299,0.426823657,81.21,2,12376.56137,3,0.162877093,5613,Highly_Fatal_And_Damaging
29.7260274,12,13,55.92525068,0.487407862,78.16,1,24135.44337,2,0.901972619,8557,Significant_Damage_And_Fatalities
31.59817352,12,5,61.94165907,0.321883159,82.12,3,27108.1286,0,0.133480825,11466,Highly_Fatal_And_Damaging
15.20547945,21,3,84.86782133,0.245071042,79.6,1,48513.29459,1,1.779344173,1964,Minor_Damage_And_Injuries
32.87671233,19,9,55.69735643,0.368403173,79.21,5,35834.15333,2,0.024095554,10176,Minor_Damage_And_Injuries
45.52511416,15,1,49.68094804,0.434396682,79.34,5,14874.34557,2,0.012184263,8720,Highly_Fatal_And_Damaging
29.08675799,16,7,42.023701,0.456033898,81.47,3,36093.8087,1,0.179528293,4193,Minor_Damage_And_Injuries
46.16438356,15,18,70.00911577,0.354699603,77.03,2,38183.18091,2,0.515462917,2688,Minor_Damage_And_Injuries
41.82648402,12,8,64.3573382,0.220188244,79.17,5,30878.79854,2,0.019411422,10088,Significant_Damage_And_Serious_Injuries
69.36073059,8,1,58.34092981,0.421053732,83.9,2,31288.34316,1,0.424285999,8069,Minor_Damage_And_Injuries
38.03652968,13,0,92.11485871,0.185208078,77.86,3,42630.00168,0,0.212243576,12098,Significant_Damage_And_Serious_Injuries
46.89497717,17,4,69.91795807,0.292312297,82.66,7,47182.81461,3,0.003802181,742,Significant_Damage_And_Fatalities
58.85844749,14,3,58.61440292,0.413480707,80.2,3,11809.79506,2,0.058797507,5813,Significant_Damage_And_Fatalities
70.50228311,11,5,40.15496809,0.461443202,76.05,7,26005.32299,2,0.002279511,6273,Significant_Damage_And_Fatalities
30.91324201,15,3,57.15587967,0.502553913,81.45,2,36109.01287,3,0.488682348,681,Minor_Damage_And_Injuries
41.59817352,19,12,55.97082954,0.717483592,81.06,6,46104.70299,0,0.011612324,7086,Significant_Damage_And_Serious_Injuries
43.42465753,12,11,58.52324521,0.511208799,78.86,6,43319.38364,3,0.011125288,11896,Significant_Damage_And_Serious_Injuries
59.9086758,11,17,79.58067457,0.292672917,77.99,2,17326.7709,3,0.232539482,8454,Minor_Damage_And_Injuries
52.28310502,6,20,91.20328168,0.326571223,79.96,3,14552.73491,3,0.071962069,10464,Significant_Damage_And_Serious_Injuries
57.07762557,15,16,57.976299,0.62047674,77.34,5,31988.19599,3,0.021984843,4009,Significant_Damage_And_Fatalities
14.47488584,17,1,52.82588879,0.407350162,77.53,2,34602.27754,0,0.466552141,8411,Significant_Damage_And_Fatalities
82.23744292,7,1,59.02461258,0.362633249,83.72,3,36104.85699,3,0.179067509,10049,Significant_Damage_And_Fatalities
23.19634703,18,5,50.59252507,0.44485467,76.87,6,25797.67668,2,0.006043116,10419,Minor_Damage_And_Injuries
32.37442922,15,1,52.91704649,0.416365669,77.35,3,20985.56407,2,0.104738442,3540,Significant_Damage_And_Serious_Injuries
32.14611872,12,0,49.63536919,0.470819329,77.9,1,38579.38594,3,1.428695679,6272,Significant_Damage_And_Fatalities
32.69406393,12,0,41.43117593,0.598118283,80.78,3,45075.27812,1,0.225684231,963,Significant_Damage_And_Fatalities
56.71232877,15,12,59.6627165,0.423217454,79.37,7,33387.84831,3,0.003266238,707,Significant_Damage_And_Fatalities
58.49315068,11,2,73.47310848,0.297360981,76.93,1,28185.91047,2,1.050286812,10693,Minor_Damage_And_Injuries
30.91324201,16,0,76.52689152,0.386434187,79.81,3,23102.25768,2,0.114217418,3770,Significant_Damage_And_Serious_Injuries
54.06392694,12,7,61.94165907,0.507241976,80.07,5,43914.07682,1,0.030324009,10642,Minor_Damage_And_Injuries
37.99086758,13,1,77.02825889,0.294476019,81.25,3,22597.09595,1,0.111428701,6017,Significant_Damage_And_Serious_Injuries
58.76712329,14,1,65.13217867,0.293033538,78.95,1,39242.1985,1,1.445692578,3418,Significant_Damage_And_Fatalities
17.35159817,16,6,69.55332726,0.224876307,80.92,1,32421.10812,1,1.194462924,10329,Highly_Fatal_And_Damaging
31.68949772,19,0,57.83956244,0.311425171,77.94,3,40114.36097,4,0.199589398,1023,Minor_Damage_And_Injuries
51.36986301,17,5,55.97082954,0.462525063,77.4,7,31087.67392,2,0.002670871,2358,Significant_Damage_And_Serious_Injuries
29.7260274,13,4,84.22971741,0.301327804,77.11,4,27037.41641,1,0.04891531,4570,Highly_Fatal_And_Damaging
30.50228311,12,0,64.17502279,0.5130119,77.56,4,35012.5426,0,0.063739608,7735,Highly_Fatal_And_Damaging
48.99543379,10,8,56.92798541,0.47190119,84.42,6,18675.63846,0,0.004280063,1760,Minor_Damage_And_Injuries
34.74885845,15,8,68.00364631,0.367321313,79.01,7,55360.35692,2,0.004804808,5279,Significant_Damage_And_Serious_Injuries
43.65296804,9,8,73.47310848,0.311064551,80.71,3,33257.59519,0,0.165002364,11131,Highly_Fatal_And_Damaging
50.2739726,10,4,48.72379216,0.384991706,78.06,3,32121.25593,2,0.160120932,11888,Minor_Damage_And_Injuries
61.64383562,10,0,83.54603464,0.237858637,79.83,2,44244.90346,3,0.59906899,1177,Minor_Damage_And_Injuries
66.11872146,12,5,60.16408387,0.306376488,78.36,7,30653.9244,5,0.002671148,6565,Significant_Damage_And_Fatalities
26.71232877,17,8,64.3573382,0.330538045,77.58,3,27480.06557,1,0.135850462,7908,Significant_Damage_And_Serious_Injuries
36.34703196,14,2,52.41567912,0.456033898,78.47,7,33289.17764,1,0.003116459,7015,Minor_Damage_And_Injuries
56.11872146,8,1,75.8887876,0.243989181,81.53,1,26632.01297,4,0.972402663,12047,Significant_Damage_And_Serious_Injuries
29.26940639,13,0,45.67000912,0.509405698,77.16,4,29502.76342,1,0.053398411,1344,Significant_Damage_And_Fatalities
11.87214612,18,4,61.30355515,0.407350162,78.96,7,31647.88432,2,0.002871009,2127,Highly_Fatal_And_Damaging
34.47488584,14,17,72.01458523,0.179438154,79.86,3,29310.95524,1,0.14544715,11993,Significant_Damage_And_Serious_Injuries
52.96803653,9,11,69.87237922,0.475146772,79,3,27563.66577,1,0.138218629,8758,Significant_Damage_And_Serious_Injuries
33.78995434,11,6,72.88058341,0.33666859,82.21,4,27780.21019,3,0.050651588,5327,Highly_Fatal_And_Damaging
48.90410959,14,7,37.64813127,0.605691309,86.59,5,41873.48841,2,0.028192033,9639,Minor_Damage_And_Injuries
25.98173516,14,4,60.34639927,0.281493689,76.4,4,43870.35704,2,0.079641622,9229,Highly_Fatal_And_Damaging
31.36986301,12,12,67.7301732,0.39040101,79.08,5,29273.78101,3,0.019846267,467,Highly_Fatal_And_Damaging
68.67579909,11,6,52.55241568,0.590184638,82.13,6,38340.91776,1,0.009714363,1373,Significant_Damage_And_Serious_Injuries
46.21004566,11,0,62.7620784,0.280051208,79.15,4,21402.76011,3,0.039250074,4968,Significant_Damage_And_Serious_Injuries
48.72146119,10,0,61.21239745,0.639950234,76.79,3,10393.05475,2,0.056017301,1086,Significant_Damage_And_Serious_Injuries
35.89041096,14,4,56.06198724,0.345323476,79.97,3,32121.25593,3,0.160237023,10505,Minor_Damage_And_Injuries
33.65296804,15,6,69.55332726,0.230646232,77.1,3,24386.64992,1,0.123395575,12459,Significant_Damage_And_Serious_Injuries