Safety_Score,Days_Since_Inspection,Total_Safety_Complaints,Control_Metric,Turbulence_In_gforces,Cabin_Temperature,Accident_Type_Code,Max_Elevation,Violations,Adverse_Weather_Metric,Accident_ID,Severity
49.45205479,17,5,86.23518687,0.333783628,79.81,7,28356.8132,1,0.002627593,108,Significant_Damage_And_Fatalities
30.59360731,19,1,64.31175934,0.438363505,78.63,5,30685.69822,3,0.019551683,1125,Minor_Damage_And_Injuries
18.76712329,16,2,74.15679125,0.238940498,80.78,1,35006.64787,3,1.295201557,5678,Highly_Fatal_And_Damaging
72.78538813,10,1,59.16134913,0.312507032,78.97,7,28183.32313,3,0.002775954,10531,Significant_Damage_And_Fatalities
76.66666667,6,21,74.33910665,0.274281284,75.94,1,33959.19162,3,1.257535214,6184,Minor_Damage_And_Injuries
42.42009132,12,15,53.60072926,0.524191129,83.73,3,34305.08534,2,0.170783216,11473,Minor_Damage_And_Injuries
40.68493151,13,6,75.47857794,0.39112225,77.65,6,49461.7986,2,0.012272565,9090,Significant_Damage_And_Serious_Injuries
49.7260274,7,0,78.07657247,0.281133069,79.01,4,41279.15695,2,0.075186324,8563,Highly_Fatal_And_Damaging
50.3196347,6,1,78.07657247,0.241104219,77.85,5,28684.06764,1,0.018701491,2193,Highly_Fatal_And_Damaging
69.9543379,11,1,64.26618049,0.319358817,81.85,6,28153.68356,2,0.006446075,12209,Significant_Damage_And_Fatalities
27.39726027,13,6,51.04831358,0.581529751,81.44,1,41465.64764,3,1.507831491,7984,Significant_Damage_And_Fatalities
67.30593607,12,3,72.74384686,0.390040389,78.56,5,42842.03827,3,0.028632141,11023,Minor_Damage_And_Injuries
51.23287671,13,1,57.38377393,0.303852146,77.2,2,37713.77228,3,0.513039501,12208,Minor_Damage_And_Injuries
41.68949772,19,8,72.88058341,0.259135233,80.06,7,33425.22558,2,0.003264625,11363,Significant_Damage_And_Fatalities
31.55251142,19,11,76.80036463,0.380303642,82.82,4,30719.49911,2,0.056055804,8844,Minor_Damage_And_Injuries
73.51598174,10,19,57.52051048,0.356863325,83.72,7,39189.47804,3,0.003531581,8250,Significant_Damage_And_Fatalities
50.4109589,10,0,73.06289881,0.272117562,82.58,6,39280.63845,3,0.00967034,2053,Significant_Damage_And_Serious_Injuries
28.94977169,13,4,62.26071103,0.443772809,82.72,4,24892.55613,2,0.046270675,4777,Highly_Fatal_And_Damaging
27.12328767,17,1,57.29261623,0.438724125,83.58,7,23842.43249,1,0.002346066,6376,Significant_Damage_And_Serious_Injuries
63.10502283,6,7,52.64357338,0.284739272,77.16,2,31487.55674,4,0.427069261,11731,Minor_Damage_And_Injuries
61.64383562,10,5,70.32816773,0.325849982,76.45,5,34292.35232,2,0.022836769,9601,Minor_Damage_And_Injuries
36.02739726,11,3,46.03463993,0.60677317,86.47,4,33871.58628,3,0.062135441,11860,Significant_Damage_And_Fatalities
22.32876712,15,14,81.76845943,0.355060224,89.19,4,47592.31664,2,0.086596342,12386,Highly_Fatal_And_Damaging
44.52054795,8,10,62.26071103,0.332701767,77.13,4,58297.48027,0,0.100579962,9786,Highly_Fatal_And_Damaging
47.48858447,14,8,49.81768459,0.346405337,78.32,2,36091.55277,2,0.489011563,92,Highly_Fatal_And_Damaging
54.24657534,5,2,55.65177758,0.604970069,81.79,3,27569.72084,3,0.137550418,1961,Significant_Damage_And_Serious_Injuries
43.28767123,12,10,70.14585232,0.410956365,78.31,3,33346.97171,1,0.166467316,8892,Significant_Damage_And_Serious_Injuries
30.82191781,16,14,57.01914312,0.53897656,80.92,5,43914.07682,3,0.029114544,5141,Minor_Damage_And_Injuries
30.59360731,12,1,68.64175023,0.413480707,79.7,6,40657.7634,2,0.010244545,2846,Highly_Fatal_And_Damaging
66.57534247,8,2,37.28350046,0.680339704,84.9,1,31618.56842,2,1.155226839,2456,Significant_Damage_And_Serious_Injuries
39.26940639,10,5,75.93436645,0.293394158,79.81,4,35683.77174,3,0.064897763,12408,Highly_Fatal_And_Damaging
56.57534247,11,14,70.19143118,0.4044652,80.42,2,41708.64183,3,0.567201133,5871,Highly_Fatal_And_Damaging
25.11415525,14,11,65.58796718,0.391843491,77.68,4,36305.793,1,0.065791916,6521,Highly_Fatal_And_Damaging
43.42465753,12,2,57.52051048,0.465770646,84.42,6,45002.00793,3,0.011408998,8032,Significant_Damage_And_Serious_Injuries
71.68949772,4,19,56.24430264,0.356863325,81.62,2,37411.15314,3,0.505802786,3017,Minor_Damage_And_Injuries
44.01826484,15,3,67.68459435,0.262741435,76.93,2,20061.5449,2,0.270944894,5431,Minor_Damage_And_Injuries
44.88584475,8,0,58.52324521,0.468655608,82.8,4,25050.0245,2,0.046270675,9814,Highly_Fatal_And_Damaging
40.63926941,9,3,41.02096627,0.543304003,80.15,1,34325.61508,3,1.263655082,8159,Significant_Damage_And_Fatalities
38.63013699,13,1,56.15314494,0.372369996,80.77,3,21268.83955,0,0.105814391,1640,Minor_Damage_And_Injuries
62.46575342,10,15,73.65542388,0.335947349,80.42,2,37297.0932,4,0.504117435,1032,Minor_Damage_And_Injuries
49.5890411,7,3,75.84320875,0.368763794,79.3,3,34132.24122,2,0.170899114,2326,Highly_Fatal_And_Damaging
10.86757991,18,2,44.02917046,0.432232961,81.14,2,27376.17224,2,0.369357073,11231,Significant_Damage_And_Fatalities
24.79452055,14,0,55.78851413,0.30926145,81.78,4,37014.21695,2,0.067279984,10738,Significant_Damage_And_Fatalities
26.57534247,17,8,82.08751139,0.221630725,79.83,2,42639.23444,2,0.577773876,7326,Significant_Damage_And_Serious_Injuries
26.11872146,17,11,70.55606199,0.293394158,79.75,7,47749.65422,4,0.004746738,255,Significant_Damage_And_Serious_Injuries
63.65296804,10,1,54.28441203,0.457476379,79.1,2,11806.55067,2,0.146846222,1134,Highly_Fatal_And_Damaging
55.93607306,12,1,88.60528715,0.151670393,82.45,2,12091.87438,2,0.163093376,323,Minor_Damage_And_Injuries
57.71689498,11,0,77.07383774,0.240022358,81.53,1,25956.9935,1,0.956487163,11127,Minor_Damage_And_Injuries
44.06392694,12,4,66.77301732,0.246513523,82.53,1,23291.3274,1,0.862834891,12226,Significant_Damage_And_Serious_Injuries
32.60273973,12,21,67.45670009,0.276084385,87.51,4,26813.18457,2,0.048984932,4943,Highly_Fatal_And_Damaging
63.15068493,6,6,48.13126709,0.560613776,78.31,6,32768.27946,2,0.007732087,1891,Significant_Damage_And_Serious_Injuries
40.86757991,13,0,64.22060164,0.331259286,78.71,2,39030.56545,2,0.524659159,5307,Significant_Damage_And_Serious_Injuries
56.30136986,8,1,80.85688241,0.232449333,77.08,3,28890.15257,2,0.141555438,4771,Significant_Damage_And_Serious_Injuries
37.21461187,10,4,60.39197812,0.343159755,75.21,4,30231.99932,2,0.0560106,12205,Highly_Fatal_And_Damaging
26.34703196,17,14,62.89881495,0.492095925,83.1,3,19618.54857,3,0.097707223,11884,Significant_Damage_And_Serious_Injuries
21.96347032,15,5,49.08842297,0.582250992,82.27,4,32372.42226,0,0.059016717,9268,Significant_Damage_And_Fatalities
57.07762557,11,22,51.04831358,0.581529751,79.75,3,10571.27058,3,0.053838986,3907,Highly_Fatal_And_Damaging
40.4109589,20,1,42.79854148,0.432232961,79.56,6,8706.412078,3,0.002792542,9019,Significant_Damage_And_Serious_Injuries
58.44748858,4,7,74.43026436,0.468655608,75.96,2,33309.94,3,0.449741029,7006,Significant_Damage_And_Serious_Injuries
44.56621005,15,7,48.22242479,0.660144969,79.06,1,38365.13105,1,1.411538428,3913,Highly_Fatal_And_Damaging
14.52054795,17,8,63.67365542,0.556286332,80.02,4,44977.61376,3,0.081070592,5867,Highly_Fatal_And_Damaging
48.35616438,11,0,79.85414768,0.358305806,88.47,6,831.6955534,2,0.001206359,7703,Significant_Damage_And_Serious_Injuries
15.84474886,17,3,88.05834093,0.279329968,78.23,1,38564.12923,2,1.426759956,6394,Highly_Fatal_And_Damaging
47.99086758,11,1,56.15314494,0.556646953,87.34,6,44189.17829,1,0.010519625,6732,Minor_Damage_And_Injuries
42.69406393,12,6,76.07110301,0.305294627,81.27,5,24377.04536,1,0.016709,4983,Significant_Damage_And_Serious_Injuries
38.44748858,17,3,59.29808569,0.439084746,79.56,2,32230.50007,0,0.437152374,2203,Minor_Damage_And_Injuries
4.657534247,20,0,65.31449407,0.312507032,83.73,4,25287.04579,3,0.045618295,1815,Highly_Fatal_And_Damaging
11.32420091,18,4,56.10756609,0.338111071,79.71,4,47245.23447,3,0.086596342,5961,Significant_Damage_And_Fatalities
54.70319635,12,1,40.29170465,0.590905878,79.35,2,44821.40067,4,0.605991663,12165,Highly_Fatal_And_Damaging
62.28310502,13,5,54.7857794,0.476589254,75.9,7,48071.56323,3,0.004383559,8432,Significant_Damage_And_Serious_Injuries
65.29680365,13,16,70.41932543,0.394007212,78.51,2,9065.404171,2,0.115046549,754,Significant_Damage_And_Fatalities
43.24200913,19,12,72.88058341,0.351814641,83.08,7,18487.78718,2,0.001588247,6810,Significant_Damage_And_Fatalities
78.67579909,9,5,63.26344576,0.49894771,77.62,3,23340.34701,3,0.116154201,3932,Significant_Damage_And_Fatalities
47.57990868,11,10,70.19143118,0.391482871,79.77,6,26277.03513,2,0.006715818,2797,Significant_Damage_And_Serious_Injuries
46.11872146,8,8,67.41112124,0.219827624,77.13,1,33848.16112,1,1.242204645,4647,Highly_Fatal_And_Damaging
32.05479452,15,3,62.07839562,0.344962856,81,2,48525.86034,2,0.653900333,3215,Significant_Damage_And_Serious_Injuries
82.78538813,7,21,82.1786691,0.199272268,84.83,6,42820.72134,2,0.010519625,3137,Significant_Damage_And_Fatalities
52.42009132,16,3,53.73746582,0.491374684,76.79,7,26534.35538,4,0.002338856,915,Significant_Damage_And_Serious_Injuries
20.86757991,19,2,77.34731085,0.344602236,76.75,1,19621.87595,2,0.723355682,2709,Significant_Damage_And_Serious_Injuries
59.6803653,14,12,54.83135825,0.607855031,76.19,2,40421.43339,0,0.545562193,11349,Highly_Fatal_And_Damaging
19.22374429,16,3,75.47857794,0.238219257,79.8,1,26701.6895,5,0.986401935,2042,Highly_Fatal_And_Damaging
45.20547945,11,16,72.24247949,0.493899026,77.59,6,43188.4587,1,0.01056921,11298,Significant_Damage_And_Serious_Injuries
76.84931507,9,16,63.53691887,0.321883159,82.14,5,26727.9541,0,0.018398826,2121,Significant_Damage_And_Fatalities
56.66666667,15,12,57.52051048,0.372009376,82,7,18487.78718,4,0.001777076,6311,Significant_Damage_And_Fatalities
48.81278539,10,7,68.32269827,0.162849621,79.08,3,25093.12607,3,0.123995002,2676,Significant_Damage_And_Serious_Injuries
60.3652968,10,0,57.65724704,0.399055896,78.11,2,28929.74467,2,0.390799415,3690,Minor_Damage_And_Injuries
22.92237443,23,4,67.95806746,0.386073567,79.58,4,12598.36415,0,0.023444554,10023,Minor_Damage_And_Injuries
52.92237443,9,3,73.33637192,0.434396682,85.72,4,26335.2238,2,0.048461958,10989,Significant_Damage_And_Serious_Injuries
23.10502283,14,15,54.28441203,0.416005049,77.9,4,28798.04809,2,0.054106566,12184,Significant_Damage_And_Fatalities
34.84018265,14,5,51.41294439,0.303130905,82.3,3,22539.71669,1,0.112198794,12001,Minor_Damage_And_Injuries
41.14155251,9,8,72.37921604,0.4311511,81.44,4,35683.71709,0,0.065037421,8308,Highly_Fatal_And_Damaging
45.47945205,15,5,66.86417502,0.263823296,79.47,2,51474.87118,3,0.715453969,5003,Minor_Damage_And_Injuries
32.37442922,12,21,47.17411121,0.721450415,83.58,4,43803.43611,3,0.080033485,1321,Significant_Damage_And_Fatalities
27.85388128,13,3,67.27438469,0.327292463,79.06,4,35500.56303,3,0.065318112,10441,Highly_Fatal_And_Damaging
37.53424658,14,4,63.67365542,0.320440678,78.09,4,24523.42154,2,0.044304207,8059,Significant_Damage_And_Serious_Injuries
33.01369863,18,2,74.93163172,0.222351965,77.47,7,28852.46558,2,0.002792163,2373,Minor_Damage_And_Injuries
37.76255708,14,4,54.46672744,0.372009376,82.99,2,26172.17823,3,0.355282942,9034,Minor_Damage_And_Injuries
27.85388128,13,5,67.27438469,0.304212766,76.33,4,34218.50192,1,0.062656264,12176,Highly_Fatal_And_Damaging
69.36073059,8,0,76.48131267,0.474425532,86.58,2,40898.70672,3,0.554227832,6238,Minor_Damage_And_Injuries
47.03196347,14,2,65.08659982,0.321883159,78.82,5,36656.54735,5,0.024540663,2520,Minor_Damage_And_Injuries
56.07305936,15,0,86.9644485,0.289066715,80.65,7,38986.28694,2,0.003665215,2762,Significant_Damage_And_Fatalities
63.69863014,6,0,58.84229717,0.492456545,79.39,2,26033.54538,2,0.352167585,7999,Significant_Damage_And_Serious_Injuries
51.55251142,17,8,59.79945305,0.474786152,78.87,7,31108.87857,3,0.002908779,2419,Significant_Damage_And_Fatalities
63.92694064,13,0,56.15314494,0.345323476,77.2,7,42105.72256,3,0.003804788,7802,Significant_Damage_And_Fatalities
29.8173516,16,6,47.17411121,0.491014064,81.45,1,19507.22393,4,0.728658038,4204,Minor_Damage_And_Injuries
49.36073059,7,8,70.00911577,0.251562207,81.1,4,21376.9967,3,0.039250074,7644,Highly_Fatal_And_Damaging
54.84018265,8,40,63.90154968,0.394007212,79.59,7,45751.98341,3,0.003950216,10772,Significant_Damage_And_Serious_Injuries
57.53424658,8,0,80.62898815,0.232449333,78.72,1,29451.42975,2,1.078689907,4304,Significant_Damage_And_Serious_Injuries
43.37899543,12,7,41.43117593,0.725417238,79.14,2,35589.59362,1,0.482865676,4110,Minor_Damage_And_Injuries
35.06849315,11,6,56.79124886,0.529600433,80.92,1,31787.11525,3,1.166774798,805,Significant_Damage_And_Fatalities
32.92237443,12,2,50.86599818,0.502553913,78.16,4,27296.49509,0,0.050222997,10070,Significant_Damage_And_Fatalities
29.40639269,13,5,52.32452142,0.280411828,77.92,4,18799.48957,4,0.034724489,7556,Highly_Fatal_And_Damaging
70.4109589,11,1,68.64175023,0.40482582,79.61,7,22248.33504,2,0.001584634,9625,Significant_Damage_And_Fatalities
38.44748858,17,22,67.36554239,0.324768121,78.18,6,42630.26185,1,0.011079494,8848,Minor_Damage_And_Injuries
41.18721461,13,3,94.07474932,0.261659574,83.65,5,39455.08099,2,0.025793732,6482,Significant_Damage_And_Serious_Injuries
9.360730594,19,9,58.56882407,0.478392355,77.51,3,34198.75696,3,0.170645149,8656,Highly_Fatal_And_Damaging
34.01826484,15,1,21.14858706,0.804753696,77.64,3,44182.83316,2,0.220238164,8993,Minor_Damage_And_Injuries
20.456621,15,2,65.90701914,0.588020916,79.58,4,22183.25721,2,0.041271889,11150,Highly_Fatal_And_Damaging
40.54794521,20,1,50.36463081,0.438002885,78.09,2,35845.56311,1,0.484430432,7515,Significant_Damage_And_Fatalities
43.33333333,15,4,49.81768459,0.408432023,82.66,2,36091.55277,3,0.490557059,7411,Highly_Fatal_And_Damaging
42.10045662,16,28,77.43846855,0.352535882,86.43,2,37806.18417,1,0.512288113,9554,Minor_Damage_And_Injuries
43.78995434,15,3,88.46855059,0.217663902,75.68,6,33027.73959,2,0.008116929,11006,Minor_Damage_And_Injuries
63.88127854,13,2,62.35186873,0.402662099,85.42,7,29247.49081,2,0.002719953,7289,Significant_Damage_And_Fatalities
54.52054795,8,6,55.65177758,0.503635774,75.67,2,35000.86211,1,0.47352544,11423,Significant_Damage_And_Serious_Injuries
44.56621005,8,7,49.63536919,0.33666859,80.4,7,40130.08667,2,0.00371164,7149,Significant_Damage_And_Fatalities
32.92237443,11,1,71.78669098,0.339914172,79.14,4,45031.08404,1,0.081535051,4955,Highly_Fatal_And_Damaging
4.292237443,21,0,73.10847767,0.267068878,84.78,1,24287.31335,0,0.894482923,1501,Highly_Fatal_And_Damaging
54.52054795,9,3,34.91340018,0.611100613,79.17,3,24626.23299,0,0.123159948,8648,Minor_Damage_And_Injuries
39.7260274,17,17,80.62898815,0.231006852,78.47,6,21267.70437,2,0.005335316,12252,Minor_Damage_And_Injuries
47.99086758,14,0,47.72105743,0.634901551,78.37,1,41504.7739,3,1.526875303,3788,Highly_Fatal_And_Damaging
6.98630137,19,5,69.64448496,0.199632889,79.07,6,38288.40401,3,0.009779937,1182,Highly_Fatal_And_Damaging
50.77625571,10,18,62.26071103,0.52527299,83.73,3,25800.58899,3,0.12803262,1105,Significant_Damage_And_Serious_Injuries
31.18721461,15,0,79.85414768,0.22884313,78.46,3,30009.46308,2,0.149641084,6070,Significant_Damage_And_Serious_Injuries
17.57990868,16,9,65.58796718,0.28257555,78,4,23004.89479,3,0.042283526,1721,Highly_Fatal_And_Damaging
22.92237443,15,0,59.38924339,0.391482871,83.41,1,26365.38632,2,0.978454627,1019,Highly_Fatal_And_Damaging
64.56621005,9,11,73.65542388,0.39112225,79.26,2,38977.28414,1,0.527487411,11970,Minor_Damage_And_Injuries
43.92694064,15,0,79.21604376,0.218385142,76.41,5,15282.22481,1,0.010807266,8302,Minor_Damage_And_Injuries
36.30136986,14,2,64.49407475,0.302409665,78.63,3,34827.81947,1,0.173410918,10766,Significant_Damage_And_Serious_Injuries
49.08675799,14,4,72.15132179,0.380303642,78.62,6,30270.45316,2,0.007428356,3798,Minor_Damage_And_Injuries
39.17808219,13,3,74.15679125,0.328734944,78.59,3,37415.3741,1,0.186511988,6002,Significant_Damage_And_Serious_Injuries
51.05022831,10,5,69.09753874,0.315752614,82.14,1,33523.70234,1,1.236389684,7147,Significant_Damage_And_Serious_Injuries
46.62100457,18,4,64.22060164,0.488850343,83.01,7,13790.87447,2,0.001431979,8102,Significant_Damage_And_Fatalities
69.543379,8,37,45.89790337,0.785640822,79.66,7,35730.45109,2,0.003019385,9367,Significant_Damage_And_Serious_Injuries
39.6347032,17,17,76.89152233,0.425020555,80.43,2,39903.49673,3,0.542924326,1942,Minor_Damage_And_Injuries
29.7260274,13,8,52.32452142,0.304573386,77.39,4,29232.82186,1,0.052585036,4187,Highly_Fatal_And_Damaging
52.37442922,13,0,68.14038286,0.280411828,84.29,5,38523.05864,3,0.026480979,2815,Minor_Damage_And_Injuries
28.90410959,13,0,48.72379216,0.520945546,81.44,3,38814.6941,3,0.193464832,435,Significant_Damage_And_Fatalities
41.09589041,16,5,53.69188696,0.619394879,79.61,2,29498.43012,4,0.398856117,8907,Highly_Fatal_And_Damaging
39.45205479,13,0,53.0993619,0.2692326,77.92,3,26685.29636,1,0.132638956,2242,Minor_Damage_And_Injuries
41.32420091,16,7,71.55879672,0.333423008,76.96,6,21154.85773,4,0.005395942,11910,Minor_Damage_And_Injuries
35.34246575,11,6,67.18322698,0.463967544,80.75,4,21270.90865,1,0.038953159,9897,Highly_Fatal_And_Damaging
60.1826484,14,9,39.88149499,0.459279481,77.62,4,34947.39628,2,0.06444701,8086,Significant_Damage_And_Serious_Injuries
34.84018265,14,9,58.75113947,0.445936531,83.64,6,29784.74647,2,0.007058452,6039,Significant_Damage_And_Serious_Injuries
62.00913242,10,2,66.49954421,0.386794807,80.72,5,30752.6338,4,0.020456608,9618,Minor_Damage_And_Injuries
31.68949772,15,11,53.64630811,0.388597908,81.68,5,23999.4411,3,0.015199357,4174,Minor_Damage_And_Injuries
39.8173516,9,0,75.38742024,0.375254959,80.21,5,25934.11849,1,0.016972183,11562,Highly_Fatal_And_Damaging
48.85844749,14,1,68.77848678,0.274641904,77.01,7,39093.61789,1,0.003493902,3478,Minor_Damage_And_Injuries
31.50684932,16,4,66.27164995,0.41744753,82.33,1,32337.3177,1,1.186768068,9224,Significant_Damage_And_Serious_Injuries
31.96347032,12,2,73.51868733,0.388958529,76.35,1,41633.65396,2,1.531136994,8827,Highly_Fatal_And_Damaging
62.00913242,13,1,56.83682771,0.572514245,82.64,7,27646.14645,2,0.002155988,4947,Significant_Damage_And_Serious_Injuries
51.64383562,9,3,88.92433911,0.276805626,77.53,4,29664.81179,2,0.054802469,804,Significant_Damage_And_Serious_Injuries
40.77625571,16,6,54.74020055,0.467213127,81.89,7,28284.38506,1,0.002836763,11931,Highly_Fatal_And_Damaging
60.54794521,14,11,80.5834093,0.293394158,77.41,7,48820.27336,2,0.004746738,452,Significant_Damage_And_Fatalities
20.2739726,15,2,65.99817685,0.55340137,80.44,4,22183.25721,2,0.040894288,7111,Highly_Fatal_And_Damaging
44.84018265,8,2,70.9206928,0.352535882,78.04,3,23340.34701,1,0.117866214,5980,Highly_Fatal_And_Damaging
24.79452055,14,7,40.29170465,0.72794158,82.49,1,48855.48982,1,1.78470437,10287,Significant_Damage_And_Fatalities
29.22374429,13,1,69.87237922,0.224876307,86.43,4,11328.56848,3,0.020194338,2990,Highly_Fatal_And_Damaging
33.92694064,11,7,69.09753874,0.462525063,82.73,4,35214.81917,2,0.063723766,3964,Highly_Fatal_And_Damaging
9.589041096,18,19,85.5515041,0.211893978,76.96,1,31250.15837,0,1.142419445,845,Highly_Fatal_And_Damaging
26.34703196,17,1,49.58979034,0.439445366,77.95,1,40347.88666,2,1.498155311,4249,Minor_Damage_And_Injuries
89.08675799,5,10,63.90154968,0.339914172,77.98,7,41242.37247,0,0.003749465,5893,Significant_Damage_And_Fatalities
30.3196347,12,1,48.90610757,0.514093761,78.63,1,31195.58135,3,1.147621303,10328,Significant_Damage_And_Fatalities
56.75799087,8,2,65.08659982,0.43151172,80.72,3,27093.54456,1,0.133100818,5035,Significant_Damage_And_Serious_Injuries
53.10502283,13,0,55.56061987,0.491374684,78.83,3,16039.40439,2,0.078991526,10586,Significant_Damage_And_Serious_Injuries
51.91780822,13,8,78.94257065,0.343159755,80.26,2,37142.30568,0,0.50126215,10272,Minor_Damage_And_Injuries
26.30136986,14,4,89.10665451,0.275002524,79.71,2,28568.16252,0,0.387182417,11305,Highly_Fatal_And_Damaging
40.82191781,9,20,49.45305378,0.515536242,77.9,1,39565.83448,1,1.459713058,6990,Significant_Damage_And_Fatalities
19.49771689,16,3,71.64995442,0.388958529,80.4,4,20106.73039,4,0.036868062,10943,Highly_Fatal_And_Damaging
47.53424658,11,6,66.40838651,0.395449693,81.69,3,39675.1875,1,0.197627289,9470,Significant_Damage_And_Serious_Injuries
58.31050228,11,1,50,0.752463758,76.01,2,35070.33319,1,0.475322666,3523,Highly_Fatal_And_Damaging
52.37442922,13,4,61.94165907,0.381746123,78.67,2,47251.58278,2,0.63974034,8518,Minor_Damage_And_Injuries
59.45205479,14,15,85.59708295,0.346405337,77.08,7,34472.0838,2,0.003212363,12333,Significant_Damage_And_Fatalities
45.15981735,11,6,71.42206016,0.450624594,79.53,6,43188.4587,1,0.010751682,1555,Significant_Damage_And_Serious_Injuries
55.43378995,12,8,64.67639015,0.425020555,81.12,1,33346.17487,2,1.228228173,9586,Minor_Damage_And_Injuries
22.37442922,18,5,59.02461258,0.335586729,75.59,2,32314.57738,0,0.436192386,9530,Significant_Damage_And_Serious_Injuries
35.43378995,11,34,60.02734731,0.527797331,74.82,2,46273.24001,1,0.62857432,281,Highly_Fatal_And_Damaging
17.48858447,16,1,45.80674567,0.514093761,81.05,4,36240.43788,2,0.065892713,9243,Significant_Damage_And_Fatalities
68.12785388,8,3,75.29626253,0.288345474,83.1,6,38792.57767,2,0.010438892,12202,Minor_Damage_And_Injuries
36.98630137,10,7,65.08659982,0.441969708,81.45,4,41695.97518,3,0.075829901,9741,Highly_Fatal_And_Damaging
71.68949772,7,0,60.84776664,0.328374324,78.17,2,28929.74467,2,0.39114073,279,Minor_Damage_And_Injuries
28.94977169,13,4,78.66909754,0.243989181,82.38,4,46445.7091,1,0.084201795,8010,Highly_Fatal_And_Damaging
25.57077626,14,0,48.58705561,0.850913091,82.99,1,22888.0825,3,0.832852166,8771,Significant_Damage_And_Fatalities
46.66666667,18,0,69.64448496,0.33702921,79.01,3,34758.93444,1,0.172520705,10741,Significant_Damage_And_Fatalities
41.68949772,19,11,82.86235187,0.436199784,76.69,2,28473.78615,3,0.384350598,6225,Significant_Damage_And_Fatalities
56.11872146,15,0,76.07110301,0.387876668,77.25,7,37351.50747,0,0.003546872,1367,Significant_Damage_And_Fatalities
72.92237443,10,7,67.45670009,0.427905517,76.13,7,28091.64011,4,0.002697681,11090,Significant_Damage_And_Fatalities
22.73972603,15,4,47.21969006,0.610739993,79.46,1,42565.85071,2,1.576973319,4758,Significant_Damage_And_Fatalities
36.57534247,14,7,79.21604376,0.254086549,83.41,5,31398.41154,3,0.021553358,8746,Significant_Damage_And_Serious_Injuries
34.88584475,11,5,43.07201459,0.518421204,82.7,1,34595.36334,2,1.279502423,5970,Significant_Damage_And_Fatalities
36.62100457,10,10,76.57247037,0.374533718,81.01,3,31239.85379,2,0.156527897,10165,Highly_Fatal_And_Damaging
37.21461187,10,2,57.83956244,0.2959185,82.31,7,44502.49662,3,0.004009417,639,Highly_Fatal_And_Damaging
80.3196347,8,20,53.00820419,0.481998558,78.33,7,39867.474,3,0.003665215,10449,Significant_Damage_And_Serious_Injuries
36.43835616,17,3,74.88605287,0.326571223,80.14,5,48535.65619,1,0.033163543,8622,Minor_Damage_And_Injuries
79.17808219,8,30,54.05651778,0.436199784,85.02,7,30637.07084,4,0.002852923,7941,Significant_Damage_And_Serious_Injuries
32.87671233,15,7,78.53236098,0.39112225,78.31,6,40714.30676,3,0.010247916,1624,Significant_Damage_And_Serious_Injuries
61.32420091,10,0,65.36007293,0.503635774,82.67,2,35580.6487,2,0.483125215,128,Minor_Damage_And_Injuries
19.9086758,16,3,65.90701914,0.236776776,83.17,4,27607.90091,3,0.050710543,11685,Highly_Fatal_And_Damaging
63.97260274,13,0,56.15314494,0.537534079,82.64,7,20265.04262,1,0.001753882,7962,Significant_Damage_And_Fatalities
18.90410959,19,14,66.49954421,0.380303642,79.59,3,33896.02326,2,0.168314611,11145,Significant_Damage_And_Serious_Injuries
27.89954338,13,2,65.95259799,0.422856834,78.63,5,21403.66992,2,0.013804617,2893,Highly_Fatal_And_Damaging
58.08219178,11,3,53.78304467,0.457476379,84.52,2,35695.81182,1,0.483695846,11307,Highly_Fatal_And_Damaging
36.07305936,17,1,72.78942571,0.219106383,76.8,7,50476.52682,3,0.004729735,3534,Minor_Damage_And_Injuries
21.23287671,15,4,62.16955333,0.380303642,81,6,28465.35424,3,0.007428356,8119,Highly_Fatal_And_Damaging
66.25570776,12,14,74.02005469,0.181962495,82,3,27658.72343,0,0.137841679,4784,Significant_Damage_And_Fatalities
20.2283105,15,3,41.56791249,0.735153985,81.45,4,31682.67094,2,0.057359255,8708,Significant_Damage_And_Fatalities
38.08219178,17,5,78.48678213,0.281133069,75.69,4,48882.99695,3,0.089532332,6154,Minor_Damage_And_Injuries
44.79452055,8,3,52.82588879,0.325849982,77.16,4,32722.02991,2,0.059669777,5114,Significant_Damage_And_Fatalities
44.38356164,15,1,48.04010939,0.516618103,78.29,2,27716.34617,2,0.375592449,786,Highly_Fatal_And_Damaging
21.78082192,15,0,69.96353692,0.240022358,81.87,4,32421.10812,1,0.0586746,10141,Highly_Fatal_And_Damaging
49.8173516,10,10,66.27164995,0.461082582,84.01,6,24783.15015,0,0.006181037,3349,Significant_Damage_And_Serious_Injuries
19.7260274,16,6,55.33272562,0.319358817,81.39,5,33914.11688,2,0.022836769,3433,Significant_Damage_And_Fatalities
37.67123288,14,0,74.74931632,0.249759106,77.08,3,37178.37697,1,0.184157787,9879,Significant_Damage_And_Serious_Injuries