Safety_Score,Days_Since_Inspection,Total_Safety_Complaints,Control_Metric,Turbulence_In_gforces,Cabin_Temperature,Accident_Type_Code,Max_Elevation,Violations,Adverse_Weather_Metric,Accident_ID,Severity
9.589041096,19,1,70.60164084,0.291230436,75.25,4,12642.68202,2,0.023566018,9714,Highly_Fatal_And_Damaging
37.26027397,14,5,65.67912489,0.267790119,80.22,6,38340.12169,2,0.010337571,142,Significant_Damage_And_Serious_Injuries
46.11872146,8,5,71.42206016,0.358666426,83.12,4,15088.78111,2,0.026315847,10949,Highly_Fatal_And_Damaging
22.19178082,18,4,68.04922516,0.240022358,80.98,6,42760.64013,3,0.010582328,12359,Significant_Damage_And_Serious_Injuries
42.78538813,9,1,85.18687329,0.304573386,82.74,1,32529.7644,1,1.194462924,9520,Highly_Fatal_And_Damaging
68.08219178,8,5,45.44211486,0.476589254,76.12,2,33595.01061,3,0.456408006,11062,Minor_Damage_And_Injuries
40.77625571,9,1,54.05651778,0.592348359,75.78,4,29502.76342,2,0.053900361,8699,Significant_Damage_And_Fatalities
69.7260274,8,15,70.23701003,0.395449693,77.91,5,36421.57363,2,0.025344491,1402,Minor_Damage_And_Injuries
19.45205479,19,0,64.5396536,0.272838803,81.48,3,24689.72019,0,0.1217547,3605,Significant_Damage_And_Serious_Injuries
67.44292237,12,6,61.66818596,0.314670754,77.09,7,30442.0287,2,0.002733575,7634,Significant_Damage_And_Fatalities
30.91324201,12,16,58.97903373,0.345323476,84.48,3,27007.96639,3,0.13428819,2679,Highly_Fatal_And_Damaging
24.88584475,14,5,82.90793072,0.199632889,79.33,4,32693.57769,2,0.059831348,10111,Highly_Fatal_And_Damaging
52.64840183,6,1,66.72743847,0.330538045,79.63,4,24317.56146,0,0.044928916,694,Highly_Fatal_And_Damaging
41.78082192,16,8,53.00820419,0.518781825,78.55,1,17945.36172,3,0.664870454,2685,Highly_Fatal_And_Damaging
44.47488584,15,0,80.03646308,0.218385142,76.41,2,31078.83336,3,0.417407396,2705,Minor_Damage_And_Injuries
31.09589041,12,3,56.28988149,0.463606924,84.8,4,36727.66458,1,0.06748373,4804,Significant_Damage_And_Fatalities
59.543379,14,2,72.4247949,0.386434187,76.79,7,23744.06931,2,0.002239088,6917,Significant_Damage_And_Fatalities
4.931506849,20,0,70.28258888,0.203960332,78.37,6,36566.39648,2,0.008317076,3783,Highly_Fatal_And_Damaging
37.76255708,10,12,64.12944394,0.319358817,77.51,4,38615.12656,2,0.070480184,6392,Highly_Fatal_And_Damaging
40.59360731,13,2,82.45214221,0.17438947,80.53,5,14519.24189,2,0.010951118,8180,Significant_Damage_And_Serious_Injuries
44.20091324,8,1,32.72561531,0.619394879,80.15,5,26706.85438,1,0.018701491,3636,Significant_Damage_And_Fatalities
49.26940639,7,7,62.71649954,0.409513884,83.73,3,44417.40704,1,0.217998521,12380,Highly_Fatal_And_Damaging
45.20547945,15,0,83.91066545,0.186650559,86.08,5,40745.76859,3,0.027294498,2760,Minor_Damage_And_Injuries
27.16894977,17,18,54.23883318,0.40410458,80.67,7,21763.4376,2,0.001952738,1118,Significant_Damage_And_Serious_Injuries
60.1369863,14,17,60.61987238,0.335586729,80.07,6,42860.16108,3,0.010623972,9835,Significant_Damage_And_Fatalities
44.93150685,15,2,60.71103008,0.318276956,78.95,2,36133.3387,2,0.492287323,420,Minor_Damage_And_Injuries
50.50228311,10,7,68.77848678,0.200354129,75.13,3,48288.14244,2,0.243055287,3016,Significant_Damage_And_Serious_Injuries
37.07762557,14,12,58.84229717,0.605691309,79.06,3,47156.93843,2,0.236948192,10770,Significant_Damage_And_Serious_Injuries
77.57990868,4,2,88.46855059,0.231367472,75.96,7,43442.14511,2,0.003967747,893,Significant_Damage_And_Serious_Injuries
40,20,4,70.55606199,0.232449333,81.61,2,38976.44191,1,0.524659159,5514,Significant_Damage_And_Fatalities
44.47488584,8,9,60.57429353,0.48524414,80.07,4,36056.32474,3,0.065992443,6265,Highly_Fatal_And_Damaging
52.37442922,9,14,50.91157703,0.645359538,76.63,6,21681.66127,3,0.00551074,9102,Minor_Damage_And_Injuries
20.50228311,19,0,66.40838651,0.523469888,77.4,3,36624.27963,2,0.182930119,9168,Significant_Damage_And_Serious_Injuries
47.48858447,7,6,61.62260711,0.48524414,77.62,4,52779.502,4,0.096676664,4117,Highly_Fatal_And_Damaging
53.51598174,12,8,80.674567,0.319358817,83.11,2,24809.90577,3,0.335627809,6449,Minor_Damage_And_Injuries
54.79452055,12,1,63.71923428,0.494620267,77.16,5,33372.81979,3,0.022134346,11597,Minor_Damage_And_Injuries
35.25114155,11,14,55.46946217,0.395089073,83.68,4,23999.4411,2,0.043062945,6889,Significant_Damage_And_Fatalities
52.64840183,6,4,58.47766636,0.29627912,82.04,7,24455.02501,2,0.002500161,3988,Highly_Fatal_And_Damaging
57.48858447,8,2,67.7301732,0.374894338,77.1,5,28602.60429,3,0.018364692,11179,Significant_Damage_And_Serious_Injuries
42.51141553,16,3,62.7620784,0.47190119,81.39,5,19433.6328,2,0.013493038,7315,Minor_Damage_And_Injuries
53.28767123,16,1,82.95350957,0.271396322,78.11,6,37253.90537,0,0.00880519,3808,Significant_Damage_And_Fatalities
25.66210046,21,2,67.95806746,0.395810314,82.2,7,35247.2888,3,0.003067314,11504,Minor_Damage_And_Injuries
53.15068493,13,0,71.37648131,0.247234764,81.61,5,24750.65116,4,0.017035891,6276,Minor_Damage_And_Injuries
31.96347032,15,1,63.71923428,0.334865489,84.1,3,47530.90621,3,0.234985281,11794,Significant_Damage_And_Serious_Injuries
43.65296804,15,4,53.0993619,0.311064551,77.33,4,24451.81962,1,0.044790941,5953,Highly_Fatal_And_Damaging
31.32420091,15,0,79.85414768,0.22812189,79.34,3,27724.25601,1,0.137228469,10456,Significant_Damage_And_Serious_Injuries
47.89954338,17,12,49.04284412,0.251201587,79.31,7,9966.281392,2,0.001431979,9490,Significant_Damage_And_Serious_Injuries
36.02739726,14,4,61.39471285,0.456033898,77.6,4,29589.38541,2,0.054106566,4126,Significant_Damage_And_Serious_Injuries
42.83105023,15,18,72.24247949,0.205042193,80.05,1,28923.90026,1,1.063964317,4398,Minor_Damage_And_Injuries
54.10958904,16,0,70.19143118,0.308900829,76.94,7,4203.266373,3,0.001152863,8396,Significant_Damage_And_Fatalities
39.40639269,10,2,89.24339107,0.266708258,79.17,4,9764.863991,4,0.017804095,934,Highly_Fatal_And_Damaging
41.46118721,9,1,72.37921604,0.421774973,79.93,4,49951.14276,0,0.090592444,8002,Highly_Fatal_And_Damaging
54.88584475,15,4,76.52689152,0.492095925,86.57,7,16629.63373,2,0.000502774,831,Significant_Damage_And_Fatalities
28.49315068,16,9,70.9206928,0.229924991,76.86,3,38759.51907,2,0.193589505,5040,Significant_Damage_And_Serious_Injuries
40.91324201,16,5,65.58796718,0.278969347,78.05,1,24895.08848,1,0.925208521,4801,Minor_Damage_And_Injuries
28.99543379,16,2,66.2260711,0.438724125,84.72,3,24242.43199,4,0.119911593,10071,Significant_Damage_And_Serious_Injuries
39.49771689,13,0,76.29899727,0.335226109,77.83,3,13134.80476,2,0.063996525,12466,Significant_Damage_And_Serious_Injuries
28.90410959,13,0,48.72379216,0.634901551,78.37,4,44182.83316,3,0.081070592,5320,Significant_Damage_And_Fatalities
25.25114155,17,0,76.80036463,0.20215723,80.78,4,29033.79042,0,0.052851711,12187,Significant_Damage_And_Serious_Injuries
29.40639269,13,19,85.96171376,0.216582041,85.3,4,21267.70437,2,0.038347765,4053,Highly_Fatal_And_Damaging
44.42922374,15,0,86.78213309,0.295197259,77.49,6,45783.52766,1,0.011328329,4953,Minor_Damage_And_Injuries
11.50684932,18,3,85.96171376,0.211893978,74.86,1,27464.48878,1,1.01040812,11852,Highly_Fatal_And_Damaging
47.16894977,11,9,65.77028259,0.578644789,78.31,3,29365.0115,2,0.147133673,7533,Significant_Damage_And_Serious_Injuries
44.84018265,8,0,58.38650866,0.488489722,83.33,4,23360.58611,2,0.042626969,11269,Highly_Fatal_And_Damaging
31.05022831,16,0,67.59343665,0.245071042,84.4,3,25170.33063,2,0.125717902,4716,Significant_Damage_And_Serious_Injuries
46.25570776,8,8,66.2260711,0.28329679,83.51,4,28222.68698,2,0.052254272,675,Highly_Fatal_And_Damaging
45.89041096,11,4,82.90793072,0.317916336,83.12,6,29272.47245,3,0.007594776,145,Significant_Damage_And_Serious_Injuries
38.85844749,17,9,52.73473108,0.433314821,83.43,2,28044.29546,1,0.38116485,10376,Highly_Fatal_And_Damaging
68.40182648,8,2,75.29626253,0.312867652,78.78,4,29157.10744,2,0.05310589,2256,Minor_Damage_And_Injuries
30.63926941,12,3,49.45305378,0.52635485,77.68,1,31619.82942,2,1.163182128,11385,Highly_Fatal_And_Damaging
18.94977169,16,6,70.51048314,0.29663974,79.49,4,48564.92833,3,0.087574819,10893,Highly_Fatal_And_Damaging
54.84018265,12,1,82.31540565,0.40374396,76.95,2,19525.85738,2,0.25611363,2258,Minor_Damage_And_Injuries
32.83105023,12,0,49.54421149,0.478392355,78.16,1,38579.38594,2,1.419256294,3309,Significant_Damage_And_Fatalities
59.45205479,14,9,74.61257976,0.33702921,79.39,7,37463.81578,4,0.003578486,3357,Significant_Damage_And_Fatalities
77.99086758,8,0,70.8295351,0.246513523,77.09,7,33693.91269,0,0.002960245,10849,Significant_Damage_And_Fatalities
49.5890411,7,0,73.74658159,0.357945186,78.91,1,26622.29174,2,0.978454627,4306,Highly_Fatal_And_Damaging
74.20091324,10,0,65.90701914,0.335586729,75.27,7,31282.03778,2,0.002776185,5977,Significant_Damage_And_Fatalities
55.25114155,12,9,48.72379216,0.610018752,78.46,2,29673.45967,3,0.400809769,2165,Highly_Fatal_And_Damaging
68.40182648,8,4,54.28441203,0.590184638,77.3,2,30536.53639,4,0.408642256,7906,Highly_Fatal_And_Damaging
49.7260274,7,0,72.97174111,0.4044652,78.27,4,45730.9775,1,0.08361055,4102,Highly_Fatal_And_Damaging
63.19634703,13,3,58.75113947,0.388237288,76.26,7,27034.8777,2,0.002483776,6701,Significant_Damage_And_Fatalities
41.82648402,12,15,62.07839562,0.32296502,78.01,4,38835.97504,2,0.070527103,9793,Significant_Damage_And_Serious_Injuries
48.53881279,17,0,64.90428441,0.354699603,77.41,3,34758.93444,3,0.172539382,5013,Significant_Damage_And_Fatalities
9.497716895,18,20,64.31175934,0.40374396,78.96,4,34956.47223,4,0.064150199,7524,Highly_Fatal_And_Damaging
24.88584475,14,5,72.01458523,0.331980527,78.52,1,16868.75078,2,0.655110147,1150,Highly_Fatal_And_Damaging
35.29680365,11,1,62.57976299,0.371288136,82.12,3,21200.88282,2,0.106394034,1051,Highly_Fatal_And_Damaging
63.65296804,10,2,63.58249772,0.225236928,80.41,2,26020.76342,4,0.352422366,3338,Minor_Damage_And_Injuries
43.97260274,12,10,72.78942571,0.326931843,80.03,3,17443.65487,2,0.086403737,4498,Significant_Damage_And_Serious_Injuries
50.2739726,10,1,50.31905196,0.411316985,79.62,3,29213.84098,2,0.145406245,9966,Minor_Damage_And_Injuries
80.95890411,8,20,56.19872379,0.475868013,79.26,7,39867.474,2,0.003578367,5807,Significant_Damage_And_Serious_Injuries
33.24200913,15,2,66.72743847,0.527076091,79.92,3,30175.04683,2,0.15146017,7897,Significant_Damage_And_Serious_Injuries
30.50228311,19,3,47.03737466,0.491014064,78.72,3,43627.79498,2,0.21476276,12460,Minor_Damage_And_Injuries
13.74429224,17,3,71.60437557,0.290148576,75.55,4,27801.68407,2,0.05088123,8140,Highly_Fatal_And_Damaging
38.44748858,17,23,67.6390155,0.25552903,80.04,7,33405.15256,1,0.003000485,10030,Minor_Damage_And_Injuries
16.48401826,20,2,59.61713765,0.518421204,85.07,6,12598.36415,3,0.003392937,10958,Significant_Damage_And_Serious_Injuries
69.543379,8,2,45.39653601,0.699813199,79.66,4,26661.0134,3,0.048828092,6736,Significant_Damage_And_Serious_Injuries
53.74429224,16,6,58.52324521,0.414923188,79.37,7,30627.02389,3,0.002620153,417,Significant_Damage_And_Fatalities
49.9086758,13,7,46.9006381,0.484522899,76.59,5,4866.798542,1,0.005659998,5863,Highly_Fatal_And_Damaging
51.73515982,10,4,39.88149499,0.645359538,78.39,3,32986.7833,2,0.163023626,1146,Minor_Damage_And_Injuries
43.60730594,12,1,59.20692799,0.430429859,82.13,6,18311.19206,3,0.004433201,1061,Significant_Damage_And_Serious_Injuries
53.74429224,9,2,58.02187785,0.312146412,80.71,3,45969.45269,3,0.227648144,11100,Significant_Damage_And_Serious_Injuries
37.30593607,14,2,55.24156791,0.502914533,77.04,4,29541.18411,1,0.0536168,932,Minor_Damage_And_Injuries
48.31050228,11,9,54.74020055,0.410235124,76.09,3,27222.89413,3,0.13461137,2888,Minor_Damage_And_Injuries
48.81278539,7,3,79.89972653,0.203960332,79.91,4,26382.38854,3,0.048670086,10013,Highly_Fatal_And_Damaging
30.1826484,12,10,74.93163172,0.245071042,79.45,6,30077.41619,3,0.00718264,6152,Highly_Fatal_And_Damaging
61.32420091,10,1,64.49407475,0.33666859,76.86,5,34274.99438,2,0.023799066,11919,Minor_Damage_And_Injuries
38.44748858,17,5,66.49954421,0.287263613,77.65,4,40973.90952,0,0.075128464,12217,Minor_Damage_And_Injuries
22.92237443,23,7,67.95806746,0.37741868,82.91,4,33735.86318,1,0.06199507,3256,Minor_Damage_And_Injuries
50.3196347,13,0,43.07201459,0.735153985,78.4,5,23381.59052,2,0.016059003,39,Highly_Fatal_And_Damaging
38.85844749,10,12,51.82315406,0.54005842,82.2,4,37882.52721,1,0.069358769,11392,Significant_Damage_And_Fatalities
55.43378995,12,1,55.51504102,0.491374684,78.34,2,42084.55625,3,0.569552534,1720,Highly_Fatal_And_Damaging
27.12328767,13,1,72.01458523,0.462525063,81.37,4,32075.99906,2,0.059381331,6542,Highly_Fatal_And_Damaging
41.27853881,13,8,71.96900638,0.313588893,77.86,5,23733.48632,0,0.01512687,3235,Significant_Damage_And_Serious_Injuries
17.89954338,20,8,67.09206928,0.469737468,79.59,3,33107.06461,4,0.166305015,9376,Significant_Damage_And_Serious_Injuries
20.456621,15,2,68.14038286,0.280411828,78.16,4,38472.69896,4,0.070106808,8714,Highly_Fatal_And_Damaging
46.48401826,14,19,40.3372835,0.637425893,76.77,2,42041.44746,2,0.571030414,4923,Highly_Fatal_And_Damaging
40.3652968,13,0,51.82315406,0.494620267,78.22,4,32243.55261,3,0.0586689,9909,Significant_Damage_And_Serious_Injuries
39.22374429,17,7,74.93163172,0.361551388,76.96,7,22231.91106,3,0.001800262,5938,Minor_Damage_And_Injuries
28.40182648,13,8,46.7183227,0.491014064,78.32,3,30281.73033,2,0.151103536,3652,Significant_Damage_And_Fatalities
28.72146119,13,1,62.67092069,0.443772809,82.72,1,24605.47132,1,0.894409699,3524,Highly_Fatal_And_Damaging
54.01826484,12,7,75.25068368,0.288345474,77.03,5,43907.20025,2,0.029708181,6447,Minor_Damage_And_Injuries
59.8173516,7,14,51.00273473,0.76869167,77.55,4,39152.99337,2,0.071475002,2226,Significant_Damage_And_Serious_Injuries
50.73059361,13,0,69.14311759,0.335947349,81.37,2,45878.87959,4,0.62857432,5059,Minor_Damage_And_Injuries
28.90410959,13,0,45.67000912,0.491014064,77.69,1,37034.40564,3,1.350050265,8712,Significant_Damage_And_Fatalities
38.49315068,17,13,52.41567912,0.461803823,79.39,1,21865.11196,2,0.799697656,3237,Highly_Fatal_And_Damaging
52.92237443,9,6,51.5041021,0.488850343,79.33,6,12660.98028,1,0.003889285,2296,Minor_Damage_And_Injuries
54.52054795,9,5,61.48587056,0.338832312,77.17,6,26915.0923,2,0.006527849,12331,Significant_Damage_And_Serious_Injuries
16.66666667,20,20,67.6390155,0.449903354,77.3,3,30360.39694,3,0.151103536,4071,Significant_Damage_And_Serious_Injuries
29.7260274,12,4,79.53509572,0.267429499,77,6,31758.92818,3,0.00811696,961,Highly_Fatal_And_Damaging
19.36073059,19,0,59.98176846,0.294476019,79.07,3,26116.13401,2,0.129039751,641,Significant_Damage_And_Serious_Injuries
32.42009132,12,8,70.8295351,0.331980527,78.08,4,39140.61137,1,0.071719022,7011,Highly_Fatal_And_Damaging
41.09589041,16,8,55.10483136,0.307097728,80.95,2,40987.10943,4,0.553503806,2434,Highly_Fatal_And_Damaging
38.03652968,14,4,72.15132179,0.314310133,78.3,6,29519.01023,2,0.007158239,8945,Significant_Damage_And_Serious_Injuries
36.39269406,11,1,79.35278031,0.275723765,81.25,7,46445.7091,2,0.003967747,8148,Highly_Fatal_And_Damaging
55.34246575,12,2,82.31540565,0.316113235,84.46,3,33268.45182,2,0.164695837,12392,Minor_Damage_And_Injuries
62.78538813,6,5,80.08204193,0.413120087,78.44,2,23026.62966,2,0.315041983,6704,Significant_Damage_And_Serious_Injuries
55.43378995,8,0,48.58705561,0.40410458,82.08,4,40296.81608,2,0.074492039,712,Minor_Damage_And_Injuries
46.66666667,14,4,78.44120328,0.386434187,76.89,2,31290.80933,3,0.423848265,2808,Minor_Damage_And_Injuries
32.55707763,15,1,64.72196901,0.438724125,77.63,4,30685.69822,2,0.055267526,8079,Significant_Damage_And_Serious_Injuries
47.21461187,11,1,78.07657247,0.394728453,88.67,6,31869.39797,2,0.007872251,6256,Significant_Damage_And_Serious_Injuries
60.456621,7,20,67.45670009,0.276084385,84.03,7,32555.64383,1,0.003134738,4672,Significant_Damage_And_Serious_Injuries
55.06849315,9,5,62.53418414,0.343159755,82.32,7,42528.13418,2,0.004016691,6009,Significant_Damage_And_Serious_Injuries
29.40639269,13,0,64.81312671,0.306376488,76.04,4,43870.35704,1,0.08016312,2178,Highly_Fatal_And_Damaging
41.91780822,13,8,54.9680948,0.362633249,81.17,3,32346.1543,2,0.159940824,5304,Minor_Damage_And_Injuries
23.10502283,14,14,50.22789426,0.411316985,76.86,7,45290.89147,2,0.003913329,4206,Highly_Fatal_And_Damaging
58.76712329,14,6,69.4165907,0.292312297,77.89,7,27295.81652,2,0.002124258,2247,Significant_Damage_And_Fatalities
29.26940639,13,5,49.68094804,0.368403173,81.23,2,37572.33494,2,0.508617991,12207,Significant_Damage_And_Fatalities
36.21004566,17,2,66.18049225,0.507963217,81.42,2,48525.86034,2,0.653318297,1859,Minor_Damage_And_Injuries
20.4109589,19,3,38.92433911,0.556646953,88.01,7,33289.17764,2,0.003342763,4838,Minor_Damage_And_Injuries
70,11,3,53.73746582,0.496423368,83.27,7,26661.0134,3,0.002302843,4368,Significant_Damage_And_Serious_Injuries
76.11872146,9,6,46.627165,0.453509556,87.08,7,46713.13088,3,0.004257461,3213,Significant_Damage_And_Serious_Injuries
24.84018265,14,22,74.33910665,0.300606563,80.55,7,28855.41867,1,0.00266818,5791,Highly_Fatal_And_Damaging
33.69863014,15,13,48.58705561,0.407710783,81.18,3,29784.74647,2,0.147509965,11548,Minor_Damage_And_Injuries
70.3196347,11,11,64.81312671,0.321161918,81.49,7,33111.57337,1,0.003076771,12129,Significant_Damage_And_Fatalities
43.24200913,15,0,64.49407475,0.265265777,85.88,2,17006.46116,1,0.225648057,2172,Minor_Damage_And_Injuries
20.95890411,15,9,88.24065634,0.226679409,79.32,3,46043.98581,1,0.227829389,9679,Highly_Fatal_And_Damaging
62.78538813,6,4,80.08204193,0.305294627,78.47,5,36295.10335,2,0.025110149,124,Significant_Damage_And_Serious_Injuries
30,22,2,53.23609845,0.385352326,76.64,2,42152.50214,2,0.571030414,12182,Highly_Fatal_And_Damaging
46.66666667,18,0,52.78030994,0.467573747,78.09,4,48814.08678,2,0.089532332,11744,Significant_Damage_And_Fatalities
20.3652968,15,1,56.74567001,0.710992427,79.66,4,36223.3119,4,0.066240347,5556,Significant_Damage_And_Fatalities
45.15981735,8,1,74.52142206,0.339192932,79.08,4,34971.73779,3,0.06372333,2820,Highly_Fatal_And_Damaging
70,8,1,55.69735643,0.546910206,83.42,2,20482.4787,3,0.275778719,11984,Highly_Fatal_And_Damaging
38.81278539,13,8,70.41932543,0.205402813,80.67,4,38426.20439,1,0.070222382,666,Significant_Damage_And_Serious_Injuries
60.1826484,7,28,38.14949863,0.759315543,86.52,2,24285.89193,3,0.325277767,5106,Minor_Damage_And_Injuries
52.73972603,13,0,68.14038286,0.276084385,82.14,7,56326.35024,2,0.004383559,9876,Minor_Damage_And_Injuries
45.70776256,11,9,68.50501367,0.41744753,76.13,1,27179.87288,2,0.998432425,11891,Significant_Damage_And_Serious_Injuries
55.57077626,12,14,63.94712853,0.448100252,79.3,5,38068.07041,1,0.025793732,4674,Minor_Damage_And_Injuries
24.88584475,14,17,53.1905196,0.479474216,76.58,7,36010.89648,2,0.003175886,4264,Significant_Damage_And_Fatalities
15.06849315,17,10,61.2579763,0.242907321,79.17,7,32516.66974,2,0.003035193,12288,Highly_Fatal_And_Damaging
64.15525114,9,9,86.23518687,0.351093401,83.19,7,42910.63802,1,0.003873997,12245,Minor_Damage_And_Injuries
18.72146119,16,7,70.51048314,0.279690588,79.49,7,51368.45994,4,0.00442897,3295,Highly_Fatal_And_Damaging
4.794520548,20,13,64.72196901,0.419611251,83.01,7,33327.06889,1,0.003143447,8869,Highly_Fatal_And_Damaging
45.29680365,11,2,58.61440292,0.256610891,78.43,3,11360.59792,2,0.054090554,6007,Significant_Damage_And_Serious_Injuries
45.52511416,11,35,55.78851413,0.438002885,81.89,6,21422.7868,4,0.00520289,2089,Minor_Damage_And_Injuries
37.94520548,10,1,80.62898815,0.233531194,79.71,4,38579.06661,2,0.07076495,3681,Highly_Fatal_And_Damaging
23.65296804,18,7,80.44667274,0.313588893,79.98,6,55177.52584,1,0.014935018,5996,Significant_Damage_And_Serious_Injuries
16.16438356,17,12,84.27529626,0.306737108,81.29,4,46609.67056,1,0.08458346,7144,Highly_Fatal_And_Damaging
45.93607306,15,0,58.1586144,0.414201947,77.35,4,48525.11071,1,0.087816735,2234,Minor_Damage_And_Injuries
55.66210046,12,4,51.54968095,0.380303642,80.13,7,28392.9148,3,0.002884408,4075,Highly_Fatal_And_Damaging
71.27853881,11,17,62.7620784,0.47190119,76.09,6,38068.07041,1,0.009947029,7742,Significant_Damage_And_Fatalities
45.75342466,11,24,72.28805834,0.316473855,81.9,6,31828.80375,2,0.007984977,12450,Significant_Damage_And_Serious_Injuries
15.75342466,19,23,59.38924339,0.300606563,79.05,6,31549.44734,1,0.007783435,5450,Significant_Damage_And_Serious_Injuries
33.33333333,15,2,63.90154968,0.502553913,79.46,2,27448.27638,1,0.37426005,4526,Significant_Damage_And_Serious_Injuries
18.12785388,16,5,62.89881495,0.491374684,77.42,4,52319.16629,2,0.093491646,11445,Highly_Fatal_And_Damaging
33.24200913,15,2,63.90154968,0.37741868,79.39,6,32275.9088,1,0.007994985,11635,Significant_Damage_And_Serious_Injuries
41.14155251,12,3,89.97265269,0.300606563,83.38,3,39455.08099,4,0.197841728,3572,Significant_Damage_And_Serious_Injuries
47.03196347,14,31,79.03372835,0.448821493,83.75,2,25265.93655,1,0.339886382,10745,Minor_Damage_And_Injuries
30.3196347,13,10,70.69279854,0.302409665,77.38,4,48080.11775,2,0.088497376,10874,Highly_Fatal_And_Damaging
55.43378995,16,33,60.75660893,0.448460873,80.29,7,14736.03298,3,0.001123464,5196,Significant_Damage_And_Fatalities
20.95890411,19,30,29.44393801,0.771576632,81.82,5,41252.48252,3,0.027578707,1844,Minor_Damage_And_Injuries
23.78995434,14,13,65.99817685,0.236776776,84.51,3,29492.5664,3,0.14641085,6687,Highly_Fatal_And_Damaging
27.57990868,13,2,32.45214221,0.584775334,79.22,7,37852.9382,1,0.003617362,12130,Significant_Damage_And_Fatalities
19.40639269,15,10,57.01914312,0.373451857,80.13,2,55535.51644,1,0.741478293,3296,Significant_Damage_And_Fatalities
76.62100457,6,0,63.90154968,0.297360981,76.28,7,33080.04314,4,0.003023338,5237,Minor_Damage_And_Injuries
34.42922374,15,1,62.35186873,0.382467364,81.09,5,35559.48497,3,0.024503095,5338,Significant_Damage_And_Serious_Injuries
33.24200913,15,2,63.90154968,0.41780815,79.8,3,41851.14446,3,0.206703229,5153,Significant_Damage_And_Serious_Injuries
39.36073059,17,4,67.41112124,0.374894338,80.96,2,38934.89592,2,0.529397253,7555,Minor_Damage_And_Injuries
27.12328767,13,2,74.79489517,0.451345835,77.57,4,27009.59537,1,0.048828092,10378,Highly_Fatal_And_Damaging
64.56621005,9,11,72.24247949,0.368403173,82.11,7,28566.63301,1,0.002716604,10498,Minor_Damage_And_Injuries
32.64840183,15,0,56.19872379,0.345684097,81.05,4,34458.29672,4,0.063102134,8500,Minor_Damage_And_Injuries
16.30136986,16,17,59.16134913,0.298803462,79.66,3,26116.13401,3,0.129039751,10888,Highly_Fatal_And_Damaging
52.51141553,9,14,54.74020055,0.436199784,77.08,3,20375.81543,1,0.10159794,8227,Minor_Damage_And_Injuries
62.51141553,6,5,73.01731996,0.341717274,82.19,3,42230.92024,0,0.20952489,10056,Significant_Damage_And_Serious_Injuries
55.34246575,8,10,66.27164995,0.346405337,80.23,6,37378.44026,0,0.009235359,235,Significant_Damage_And_Serious_Injuries
4.657534247,20,0,60.02734731,0.281493689,87.11,4,26492.38925,2,0.048241062,11262,Highly_Fatal_And_Damaging
52.51141553,13,7,85.09571559,0.260217093,77.22,2,40311.89652,2,0.545562193,10961,Minor_Damage_And_Injuries
31.09589041,16,1,86.9644485,0.240382979,76.8,3,29575.35166,3,0.147077299,90,Significant_Damage_And_Serious_Injuries
54.52054795,9,4,53.64630811,0.234252434,83.6,6,31187.34063,0,0.007972714,1778,Minor_Damage_And_Injuries
56.11872146,15,4,61.62260711,0.656538767,79.09,3,14274.05901,2,0.075139231,7788,Significant_Damage_And_Fatalities
37.57990868,11,2,48.22242479,0.695485755,83.44,1,36463.54538,1,1.329209211,5689,Significant_Damage_And_Fatalities
43.92694064,15,0,86.78213309,0.286542373,77.3,6,33027.73959,1,0.007698561,10761,Minor_Damage_And_Injuries
24.79452055,14,1,63.99270738,0.262741435,84.15,4,35260.13537,1,0.064536414,2146,Highly_Fatal_And_Damaging
18.72146119,19,12,60.02734731,0.407710783,77.44,2,38033.85421,3,0.515851432,4328,Significant_Damage_And_Serious_Injuries
32.55707763,15,1,48.63263446,0.407710783,80.59,1,17712.9698,2,0.651623743,1761,Minor_Damage_And_Injuries
75.20547945,9,4,78.66909754,0.245792283,79.88,1,26150.17972,1,0.957561434,11868,Significant_Damage_And_Fatalities
24.74885845,14,10,70.9206928,0.347126578,79.17,7,16360.96377,3,0.00145524,8752,Highly_Fatal_And_Damaging
28.85844749,13,12,62.26071103,0.375615579,80.53,3,33101.08572,2,0.165002364,8984,Highly_Fatal_And_Damaging
26.34703196,14,2,68.77848678,0.413480707,82.07,1,22087.48601,3,0.812553201,2128,Highly_Fatal_And_Damaging
42.87671233,12,3,76.98268004,0.33666859,80.43,3,30105.47428,3,0.149511411,8425,Significant_Damage_And_Serious_Injuries
13.78995434,17,5,67.77575205,0.206124053,77.29,4,29368.54965,2,0.053716373,4939,Highly_Fatal_And_Damaging
72.14611872,10,2,64.40291705,0.320801298,88.62,4,38007.53394,3,0.069226186,5147,Significant_Damage_And_Fatalities
14.47488584,17,1,50.63810392,0.479113595,78.13,4,35901.48037,5,0.066039462,10128,Significant_Damage_And_Fatalities