Safety_Score,Days_Since_Inspection,Total_Safety_Complaints,Control_Metric,Turbulence_In_gforces,Cabin_Temperature,Accident_Type_Code,Max_Elevation,Violations,Adverse_Weather_Metric,Accident_ID,Severity
52.42009132,6,4,60.61987238,0.548352687,77.55,6,22574.00336,3,0.00566656,7592,Significant_Damage_And_Serious_Injuries
11.59817352,18,3,89.60802188,0.219827624,77.63,1,36409.56778,1,1.323124286,8196,Highly_Fatal_And_Damaging
53.74429224,9,17,88.46855059,0.304573386,81.1,6,24101.14266,4,0.006375142,11831,Significant_Damage_And_Serious_Injuries
43.33333333,15,2,58.38650866,0.424659935,76.78,2,31569.34562,0,0.427609652,4221,Minor_Damage_And_Injuries
63.33333333,9,5,62.12397448,0.382106744,77.17,2,28985.25812,3,0.392070358,3538,Minor_Damage_And_Injuries
34.38356164,11,7,57.52051048,0.328734944,78.46,4,36519.07773,2,0.065986967,4632,Highly_Fatal_And_Damaging
24.15525114,18,5,59.61713765,0.47190119,79.09,1,37225.98628,0,1.379409622,8625,Significant_Damage_And_Serious_Injuries
46.11872146,11,15,63.90154968,0.245792283,78.54,3,32094.80418,3,0.159696996,2249,Significant_Damage_And_Serious_Injuries
37.07762557,14,6,66.63628077,0.246513523,81.34,6,36191.03222,2,0.008559038,5287,Significant_Damage_And_Serious_Injuries
19.22374429,16,0,74.24794895,0.428626758,82.12,4,24820.16737,1,0.045245346,2631,Highly_Fatal_And_Damaging
57.12328767,8,19,73.01731996,0.341717274,79.26,6,44143.7353,0,0.010525203,8465,Significant_Damage_And_Serious_Injuries
87.48858447,5,1,49.63536919,0.543664623,82.64,7,37386.79127,3,0.003628838,2521,Significant_Damage_And_Serious_Injuries
50.59360731,13,13,65.26891522,0.438002885,82.15,2,31967.82462,2,0.43131918,1823,Minor_Damage_And_Injuries
32.05479452,15,3,62.07839562,0.368763794,81,6,33651.58052,2,0.009146328,12421,Significant_Damage_And_Serious_Injuries
27.71689498,13,13,77.43846855,0.414562568,88.74,4,34859.8064,0,0.064052972,2571,Highly_Fatal_And_Damaging
44.33789954,15,19,69.46216955,0.440887847,76.98,2,40116.98301,2,0.542094436,7020,Minor_Damage_And_Injuries
36.66666667,14,22,71.23974476,0.385712946,81.85,1,39396.11662,3,1.43817383,4668,Significant_Damage_And_Serious_Injuries
38.31050228,13,2,58.70556062,0.312507032,81.92,3,13949.25417,1,0.065394342,12261,Significant_Damage_And_Serious_Injuries
29.08675799,16,3,64.94986326,0.439084746,81.76,6,34255.70436,1,0.008323577,9416,Significant_Damage_And_Serious_Injuries
33.74429224,12,14,61.48587056,0.469376848,78.42,1,33302.6144,3,1.225134717,10579,Highly_Fatal_And_Damaging
25.61643836,14,15,68.50501367,0.388237288,80.23,4,38271.18768,0,0.070707755,11084,Highly_Fatal_And_Damaging
40.82191781,16,4,55.87967183,0.286902993,81.62,4,40894.86627,2,0.07553804,575,Highly_Fatal_And_Damaging
38.63013699,13,1,47.21969006,0.416005049,80.13,2,41045.694,2,0.554227832,2855,Minor_Damage_And_Injuries
44.93150685,11,6,72.56153145,0.422135593,79.93,3,32803.7517,1,0.162966111,2947,Significant_Damage_And_Serious_Injuries
50.50228311,13,13,71.05742935,0.297000361,86.43,5,24211.35951,3,0.01771521,9278,Minor_Damage_And_Injuries
38.58447489,13,11,62.07839562,0.439445366,81.43,6,42190.15435,3,0.009292795,9402,Significant_Damage_And_Serious_Injuries
29.26940639,13,4,74.33910665,0.21550018,86.57,4,28432.1697,1,0.052254272,1277,Highly_Fatal_And_Damaging
43.33333333,15,15,60.52871468,0.516978723,81.71,5,38518.28593,4,0.02595545,3339,Minor_Damage_And_Injuries
30.1369863,12,2,32.45214221,0.584054093,79.22,7,49288.63551,1,0.004696116,11736,Significant_Damage_And_Fatalities
60.1369863,10,6,58.61440292,0.370927515,75.7,2,28904.69701,1,0.392319835,9233,Minor_Damage_And_Injuries
42.83105023,9,1,59.79945305,0.366960692,87.08,4,31228.50932,3,0.056899384,7560,Highly_Fatal_And_Damaging
45.57077626,11,1,62.71649954,0.425020555,79.32,6,27915.092,1,0.006687082,1053,Significant_Damage_And_Serious_Injuries
36.98630137,11,9,62.26071103,0.437281644,82.72,2,29839.63004,2,0.401586607,1396,Highly_Fatal_And_Damaging
42.32876712,9,3,81.72288058,0.29555788,79.51,4,20238.63788,2,0.037029031,2714,Highly_Fatal_And_Damaging
61.46118721,10,1,87.69371012,0.173668229,80.55,2,36962.13154,2,0.499785375,2759,Minor_Damage_And_Injuries
67.12328767,12,3,60.25524157,0.306376488,78.97,7,28153.68356,2,0.002918772,6495,Significant_Damage_And_Fatalities
45.29680365,11,2,58.61440292,0.468294987,79.29,7,29646.14993,1,0.002807228,10226,Significant_Damage_And_Serious_Injuries
33.78995434,11,0,89.60802188,0.270314461,79.83,1,28568.16252,1,1.048407536,6457,Highly_Fatal_And_Damaging
28.76712329,13,2,67.09206928,0.306015867,81.26,5,15436.04099,2,0.010807266,6117,Highly_Fatal_And_Damaging
35.70776256,14,5,65.86144029,0.247595384,82.01,6,26880.34219,2,0.006779076,5572,Significant_Damage_And_Serious_Injuries
43.01369863,16,9,67.68459435,0.344602236,82.46,2,43094.66108,3,0.585866639,5880,Minor_Damage_And_Injuries
51.27853881,13,13,62.21513218,0.343520375,82.56,2,46608.27201,2,0.637297327,10177,Minor_Damage_And_Injuries
69.36073059,8,4,75.38742024,0.354699603,76.28,2,31396.95008,2,0.427712028,10127,Minor_Damage_And_Injuries
17.99086758,16,7,62.07839562,0.494980887,81.18,4,19618.54857,3,0.035617203,4734,Highly_Fatal_And_Damaging
45.75342466,11,29,72.01458523,0.318637577,79.25,6,44036.81466,2,0.011125288,621,Significant_Damage_And_Serious_Injuries
39.7260274,10,6,50.18231541,0.483801659,77.95,4,35110.9407,3,0.064553842,10701,Significant_Damage_And_Fatalities
34.33789954,11,0,55.28714676,0.47154057,84.42,4,20793.41391,4,0.037591496,2143,Significant_Damage_And_Fatalities
38.08219178,10,4,74.15679125,0.400137757,78.65,4,27093.09727,2,0.050379357,12021,Highly_Fatal_And_Damaging
26.94063927,13,5,86.78213309,0.317916336,78.49,1,23796.47114,3,0.865874195,1926,Highly_Fatal_And_Damaging
57.67123288,11,11,83.91066545,0.294476019,81.35,7,39378.28389,2,0.003493902,8281,Minor_Damage_And_Injuries
35.47945205,14,0,79.1704649,0.275723765,87.62,7,36269.68016,1,0.003292337,1539,Significant_Damage_And_Serious_Injuries
27.07762557,13,1,55.60619872,0.506520736,78.29,1,28411.2232,1,1.032747503,4989,Highly_Fatal_And_Damaging
70.50228311,7,3,84.00182315,0.18809304,80.24,2,23758.02978,4,0.321537842,4860,Minor_Damage_And_Injuries
41.14155251,12,0,65.95259799,0.423938695,86.74,6,24421.65768,1,0.00640985,2251,Significant_Damage_And_Serious_Injuries
63.83561644,13,0,70.64721969,0.453509556,79.05,1,42821.51445,3,1.563651046,2265,Significant_Damage_And_Fatalities
32.10045662,12,14,85.59708295,0.25552903,79.45,4,37558.92683,1,0.068479774,9685,Highly_Fatal_And_Damaging
49.7260274,10,1,53.91978122,0.432232961,75.98,6,32942.21095,3,0.007845731,5793,Minor_Damage_And_Injuries
58.12785388,11,5,49.49863263,0.456755139,81.63,2,38406.93188,2,0.519476795,9826,Highly_Fatal_And_Damaging
52.73972603,9,14,54.74020055,0.474786152,77.08,3,29542.29355,1,0.147082419,11901,Minor_Damage_And_Injuries
57.48858447,8,19,64.99544211,0.334865489,79.26,7,30933.82774,2,0.002606083,9056,Significant_Damage_And_Serious_Injuries
72.00913242,10,3,84.86782133,0.298442842,78.64,2,42961.72877,1,0.581725543,7311,Significant_Damage_And_Fatalities
39.6347032,17,4,69.4165907,0.294476019,78.74,2,34207.94438,3,0.46117465,12425,Minor_Damage_And_Injuries
32.87671233,15,8,65.58796718,0.362272629,77.35,6,45290.89147,0,0.01194006,8279,Significant_Damage_And_Serious_Injuries
32.10045662,15,4,74.56700091,0.275723765,75.71,6,33861.5537,3,0.008740114,4183,Significant_Damage_And_Serious_Injuries
40.73059361,9,6,53.78304467,0.476589254,76.99,4,29538.27364,2,0.052845134,3144,Significant_Damage_And_Fatalities
23.92694064,14,6,71.05742935,0.276084385,78.52,1,15487.67017,1,0.569124611,7292,Highly_Fatal_And_Damaging
34.38356164,15,2,68.32269827,0.258774612,76.93,1,28202.75965,1,1.043719067,8669,Significant_Damage_And_Serious_Injuries
44.56621005,15,5,80.90246126,0.312507032,83.56,7,20238.63788,0,0.001876532,7620,Minor_Damage_And_Injuries
12.28310502,18,1,53.00820419,0.638507753,77.82,7,40580.03774,3,0.003567768,8448,Significant_Damage_And_Fatalities
43.01369863,12,0,57.42935278,0.465410025,82.02,3,37921.07399,2,0.188494927,825,Significant_Damage_And_Serious_Injuries
69.543379,11,13,57.33819508,0.466131266,78.1,1,25274.84447,2,0.9328825,5790,Significant_Damage_And_Fatalities
27.76255708,17,13,41.52233364,0.694764515,82.2,2,11503.38856,3,0.168418282,9886,Minor_Damage_And_Injuries
45.20547945,15,1,68.64175023,0.386794807,83.5,1,28817.10396,2,1.057537313,1824,Minor_Damage_And_Injuries
49.7260274,7,6,62.71649954,0.356142084,83.73,4,31974.06241,2,0.059458512,1070,Highly_Fatal_And_Damaging
27.30593607,13,3,78.76025524,0.338471691,78.49,4,27318.35843,3,0.050389694,9115,Highly_Fatal_And_Damaging
47.48858447,14,0,65.26891522,0.345684097,77.77,3,41646.52455,5,0.207361291,6557,Minor_Damage_And_Injuries
20.3196347,15,26,79.94530538,0.422135593,78.29,4,15175.13199,1,0.026315847,10079,Highly_Fatal_And_Damaging
34.38356164,11,8,73.65542388,0.40410458,77.65,5,18505.61688,1,0.012870065,6901,Highly_Fatal_And_Damaging
36.75799087,10,10,67.41112124,0.219827624,80.96,1,39269.05393,3,1.443530955,605,Highly_Fatal_And_Damaging
19.5890411,16,21,61.03008204,0.268150739,86.57,3,26492.38925,2,0.131944987,1851,Highly_Fatal_And_Damaging
50.50228311,13,4,44.39380128,0.702337541,80.25,4,35769.93378,0,0.065277033,8821,Highly_Fatal_And_Damaging
64.33789954,9,1,84.68550593,0.264183916,80.26,2,32397.80286,1,0.439042375,11111,Minor_Damage_And_Injuries
23.78995434,14,14,73.70100273,0.369485034,78.54,4,37949.72439,2,0.069603156,7014,Highly_Fatal_And_Damaging
38.76712329,13,5,64.67639015,0.370927515,77.5,3,31193.46611,0,0.155972033,5470,Significant_Damage_And_Serious_Injuries
58.12785388,15,4,61.62260711,0.491735305,80.98,5,15703.56056,2,0.010807266,2022,Significant_Damage_And_Fatalities
39.8173516,13,15,69.27985415,0.440887847,78.56,6,53323.67086,1,0.012983311,7352,Significant_Damage_And_Serious_Injuries
23.78995434,14,0,66.49954421,0.304573386,79.47,4,45120.2237,0,0.081120093,3162,Highly_Fatal_And_Damaging
41.82648402,13,4,74.52142206,0.587299675,85.1,3,19446.33391,1,0.097059186,5861,Significant_Damage_And_Serious_Injuries
39.22374429,17,5,66.49954421,0.416726289,78.75,1,21865.11196,2,0.804372517,10606,Minor_Damage_And_Injuries
55.11415525,9,21,71.55879672,0.388958529,76.21,7,47797.84674,2,0.005550603,2941,Significant_Damage_And_Serious_Injuries
15.98173516,17,13,61.53144941,0.476589254,77.75,1,40593.90886,2,1.493366451,6169,Highly_Fatal_And_Damaging
59.8173516,14,0,52.41567912,0.292312297,79.22,7,44372.36893,3,0.004052827,7152,Significant_Damage_And_Serious_Injuries
43.28767123,9,1,73.47310848,0.418529391,78.56,1,32195.21586,3,1.187492079,358,Highly_Fatal_And_Damaging
50.50228311,13,5,74.52142206,0.207205914,84.4,5,18800.88387,2,0.012559582,134,Minor_Damage_And_Injuries
73.42465753,7,10,80.40109389,0.33702921,77.04,2,41494.3685,2,0.55986212,2949,Minor_Damage_And_Injuries
44.56621005,15,3,68.00364631,0.338471691,83.5,7,30457.89176,2,0.002693542,10509,Minor_Damage_And_Injuries
40.82191781,13,1,64.3573382,0.303130905,76.04,2,28612.86959,2,0.387182417,9613,Significant_Damage_And_Serious_Injuries
48.21917808,14,2,77.34731085,0.243989181,82.28,2,35967.37552,1,0.487713656,7139,Minor_Damage_And_Injuries
46.43835616,15,4,69.87237922,0.338832312,83.5,2,40116.98301,2,0.542719185,7453,Minor_Damage_And_Injuries
15.98173516,17,5,72.01458523,0.398695276,82.45,4,40808.47742,1,0.075042933,5683,Highly_Fatal_And_Damaging
33.33333333,15,3,63.90154968,0.287624234,79.96,3,40724.08358,2,0.200477178,7777,Significant_Damage_And_Serious_Injuries
79.543379,8,1,74.52142206,0.478392355,79.3,3,22921.07733,2,0.114860899,8986,Significant_Damage_And_Fatalities
48.35616438,14,4,79.48951686,0.321522539,78,1,28364.61146,2,1.037197908,1714,Minor_Damage_And_Injuries
47.48858447,14,2,65.08659982,0.354699603,78.42,5,49250.69389,3,0.033163543,4822,Minor_Damage_And_Injuries
59.31506849,7,9,88.46855059,0.271756942,75.61,6,17927.33842,2,0.004829661,1959,Significant_Damage_And_Serious_Injuries
39.8173516,9,18,62.35186873,0.247234764,79.01,3,22999.94802,0,0.115148815,779,Highly_Fatal_And_Damaging
71.78082192,10,9,62.9443938,0.639589614,77.16,7,37608.90615,3,0.003531581,10769,Significant_Damage_And_Fatalities
37.67123288,14,0,68.04922516,0.240022358,78.21,3,20061.5449,2,0.098352269,1216,Significant_Damage_And_Serious_Injuries
29.17808219,12,1,79.53509572,0.281854309,77.26,1,25556.93881,2,0.936484556,6369,Highly_Fatal_And_Damaging
32.51141553,12,7,66.59070191,0.354338983,80.71,4,35111.52843,2,0.063681984,1387,Highly_Fatal_And_Damaging
75.43378995,10,3,49.22515953,0.662308691,81.81,7,24079.42436,2,0.00210445,5195,Significant_Damage_And_Serious_Injuries
44.52054795,15,2,48.04010939,0.585857194,76.27,2,30701.49036,1,0.414791699,4231,Highly_Fatal_And_Damaging
18.35616438,20,12,72.4247949,0.35001154,80.52,6,26501.39455,2,0.006788015,3569,Significant_Damage_And_Serious_Injuries
36.25570776,11,2,45.80674567,0.586939055,83.72,1,42207.89892,2,1.563651046,6715,Significant_Damage_And_Fatalities
0.913242009,21,3,60.98450319,0.395089073,81.93,3,36844.86827,1,0.182900975,3285,Highly_Fatal_And_Damaging
40.0456621,13,1,77.07383774,0.24218608,81.52,5,29216.41599,1,0.019926368,11586,Significant_Damage_And_Serious_Injuries
1.141552511,21,4,54.64904284,0.335226109,85.22,7,25720.91641,2,0.00246153,5437,Highly_Fatal_And_Damaging
47.89954338,7,1,67.50227894,0.267068878,77.42,4,33242.45803,1,0.061098782,3412,Highly_Fatal_And_Damaging
4.657534247,20,13,64.72196901,0.408432023,88.11,2,26266.13898,1,0.355282942,11386,Highly_Fatal_And_Damaging
24.70319635,18,1,77.75752051,0.397613415,78.75,1,29232.00684,1,1.090265981,8360,Significant_Damage_And_Serious_Injuries
19.17808219,16,20,67.09206928,0.351093401,81.26,2,45020.55435,2,0.613499623,5832,Highly_Fatal_And_Damaging
25.61643836,14,3,62.26071103,0.461803823,81.02,3,11809.79506,3,0.062723562,5682,Highly_Fatal_And_Damaging
82.78538813,8,4,56.83682771,0.331980527,79.64,7,30197.04997,2,0.002840716,9764,Significant_Damage_And_Fatalities
39.7260274,13,7,69.82680036,0.394007212,78.55,3,35704.47714,1,0.177465947,9676,Significant_Damage_And_Serious_Injuries
35.11415525,11,14,51.27620784,0.280411828,76.35,1,37726.63413,2,1.389579598,10868,Significant_Damage_And_Fatalities
68.76712329,8,1,70.46490428,0.272838803,77.82,2,14453.96797,1,0.178843572,6069,Minor_Damage_And_Injuries
57.07762557,8,21,64.99544211,0.360830148,78.38,2,23317.6699,2,0.317264638,3521,Significant_Damage_And_Serious_Injuries
29.13242009,16,14,72.37921604,0.324046881,79.73,1,29978.38207,3,1.103234634,10044,Significant_Damage_And_Serious_Injuries
47.94520548,14,8,80.08204193,0.234252434,77.36,5,45934.13348,3,0.030848698,4710,Minor_Damage_And_Injuries
25.25114155,17,16,57.52051048,0.375615579,88.39,7,47592.31664,4,0.005073611,1768,Significant_Damage_And_Serious_Injuries
17.71689498,21,9,60.16408387,0.438363505,77.75,3,27487.6888,3,0.135850462,5835,Minor_Damage_And_Injuries
61.73515982,10,0,70.32816773,0.279329968,76.14,2,6695.814751,1,0.122122401,12439,Minor_Damage_And_Injuries
95.25114155,6,17,81.22151322,0.234252434,80.54,2,36962.13154,2,0.501428821,9110,Significant_Damage_And_Fatalities
52.37442922,9,4,63.35460346,0.225958168,81.57,3,32094.80418,2,0.159982938,7075,Highly_Fatal_And_Damaging
32.37442922,12,11,62.9443938,0.312507032,78.38,4,25989.36306,1,0.048048244,1769,Highly_Fatal_And_Damaging
2.739726027,21,8,60.98450319,0.303852146,81.15,4,39706.93398,4,0.072643765,9483,Highly_Fatal_And_Damaging
45.61643836,15,1,65.81586144,0.375615579,78.94,1,27910.31755,3,1.017507572,8378,Minor_Damage_And_Injuries
30.73059361,19,1,67.8213309,0.386073567,76.1,6,46027.18141,2,0.011241529,3143,Minor_Damage_And_Injuries
60.54794521,14,25,70.10027347,0.384631085,83.23,7,30864.81099,4,0.002891241,10371,Significant_Damage_And_Fatalities
60.2283105,7,11,80.44667274,0.305294627,75.64,6,26194.68629,2,0.007016713,8332,Significant_Damage_And_Serious_Injuries
56.94063927,12,0,59.93618961,0.387155427,79.42,2,40360.61209,2,0.545990856,1888,Minor_Damage_And_Injuries
30.3652968,16,9,78.25888788,0.427544897,78.15,1,24605.47132,3,0.885838636,12012,Significant_Damage_And_Serious_Injuries
55.02283105,15,2,80.85688241,0.288706094,82.01,4,47583.74593,2,0.086596342,9065,Significant_Damage_And_Fatalities
55.06849315,12,1,80.40109389,0.234252434,80.34,5,37038.54145,2,0.024101313,7065,Minor_Damage_And_Injuries
60.54794521,10,10,66.08933455,0.300967184,76.56,2,32800.83687,2,0.442948592,493,Minor_Damage_And_Injuries
36.02739726,18,10,56.83682771,0.264183916,78.6,2,26930.37623,4,0.365529248,12372,Minor_Damage_And_Injuries
41.91780822,12,0,56.88240656,0.522748648,78.46,2,34473.79944,2,0.466552141,7166,Minor_Damage_And_Injuries
15.43378995,17,17,72.4247949,0.306737108,78.84,7,36662.28026,4,0.003201106,10860,Highly_Fatal_And_Damaging
50.0913242,13,1,73.42752963,0.421053732,81.56,2,59108.87717,3,0.773009611,2535,Minor_Damage_And_Injuries
60.54794521,7,21,49.95442115,0.357223945,75.94,2,12502.18175,1,0.141934385,354,Minor_Damage_And_Injuries
79.7260274,8,35,54.6946217,0.308540209,77.98,7,36219.52131,1,0.003158897,10103,Significant_Damage_And_Serious_Injuries
57.48858447,8,4,79.35278031,0.413120087,78.83,3,42230.92024,2,0.21005241,4567,Significant_Damage_And_Serious_Injuries
21.27853881,15,7,67.68459435,0.505078255,79.06,4,54914.79876,1,0.100005417,9743,Highly_Fatal_And_Damaging
32.87671233,15,5,95.48769371,0.245071042,80.65,6,24292.34261,3,0.005948585,8722,Significant_Damage_And_Serious_Injuries
35.75342466,18,8,80.94804011,0.298803462,80.43,2,41697.17492,4,0.564465085,11525,Minor_Damage_And_Injuries
50.1369863,13,8,68.36827712,0.339553552,80.03,6,17731.55428,1,0.004433201,2611,Minor_Damage_And_Injuries
42.32876712,12,1,57.42935278,0.466491886,84.8,1,42866.57918,1,1.578290541,3173,Significant_Damage_And_Serious_Injuries
36.39269406,14,13,63.35460346,0.460000721,77.78,6,34120.05902,3,0.008328997,1663,Significant_Damage_And_Serious_Injuries
29.6347032,20,4,76.48131267,0.264905157,78.36,7,39152.77003,1,0.003717087,9839,Minor_Damage_And_Injuries
76.11872146,10,6,46.627165,0.5396978,82.64,7,47232.02109,1,0.00394519,5796,Significant_Damage_And_Serious_Injuries
35.70776256,18,10,58.61440292,0.448100252,76.86,4,49350.33362,2,0.091488709,2067,Minor_Damage_And_Injuries
4.292237443,20,10,64.99544211,0.457115759,78.73,4,42476.36867,2,0.07768469,4569,Highly_Fatal_And_Damaging
42.46575342,16,5,61.66818596,0.51229066,80.29,5,39759.02259,3,0.026949467,9003,Minor_Damage_And_Injuries
36.07305936,11,1,78.07657247,0.241104219,81.82,2,24926.76721,2,0.335642631,4082,Highly_Fatal_And_Damaging
18.17351598,16,1,74.24794895,0.222351965,76.78,2,30384.11425,2,0.409147604,5410,Highly_Fatal_And_Damaging
48.40182648,11,4,68.36827712,0.397974035,79.22,3,43704.68597,0,0.21476276,6102,Significant_Damage_And_Serious_Injuries
28.94977169,13,8,69.59890611,0.35001154,86.57,4,11036.8282,2,0.019361957,5654,Highly_Fatal_And_Damaging
37.76255708,14,4,79.39835916,0.315752614,75.2,6,28801.5389,3,0.007076257,2827,Significant_Damage_And_Serious_Injuries
38.08219178,10,1,65.99817685,0.405907681,77.34,5,46371.52752,0,0.030950176,6628,Highly_Fatal_And_Damaging
56.94063927,11,39,80.26435734,0.318276956,81.9,2,44163.04812,2,0.600082621,7983,Minor_Damage_And_Injuries
54.10958904,12,6,57.52051048,0.370927515,79.42,2,43412.8879,2,0.586145252,1500,Minor_Damage_And_Injuries
73.60730594,10,13,60.57429353,0.385352326,84.01,7,42647.06331,4,0.004111192,2673,Significant_Damage_And_Fatalities
58.12785388,15,5,62.53418414,0.307458348,79.6,1,34328.0192,0,1.26281554,5436,Significant_Damage_And_Fatalities
50,13,2,73.47310848,0.463246304,78.12,2,17636.03041,2,0.249372544,5569,Minor_Damage_And_Injuries
58.99543379,14,7,57.52051048,0.470819329,77.51,7,22087.59628,5,0.00171824,11216,Significant_Damage_And_Fatalities
55.66210046,12,4,57.47493163,0.370927515,80.13,6,36617.72444,3,0.008327927,8632,Minor_Damage_And_Injuries
91.23287671,6,3,32.72561531,0.564219978,80.12,3,38888.75301,1,0.192011668,3787,Significant_Damage_And_Serious_Injuries
20.4109589,19,3,75.43299909,0.335586729,77.19,6,15487.53227,1,0.003598106,6577,Significant_Damage_And_Serious_Injuries
38.44748858,17,9,66.49954421,0.416726289,79.23,2,32739.24598,2,0.444553308,11367,Minor_Damage_And_Injuries
40.63926941,13,1,76.66362808,0.272117562,76.2,3,17927.33842,2,0.09206491,11761,Significant_Damage_And_Serious_Injuries
80.59360731,8,11,73.38195077,0.21441832,80.88,7,36493.19435,2,0.00313031,1455,Significant_Damage_And_Fatalities
48.53881279,14,2,71.0118505,0.522388027,76.92,7,24523.02714,1,0.002400873,3316,Minor_Damage_And_Injuries
39.45205479,13,2,74.47584321,0.321883159,77.83,6,26355.20774,2,0.006452921,4637,Significant_Damage_And_Serious_Injuries
36.75799087,10,5,56.88240656,0.483080418,79.99,1,27752.86709,1,1.026763202,732,Significant_Damage_And_Fatalities
61.41552511,10,1,57.24703737,0.421053732,80.47,2,47324.95278,2,0.640473589,3782,Minor_Damage_And_Injuries
48.53881279,10,1,79.67183227,0.240022358,83.37,3,12231.52533,4,0.058797507,3327,Significant_Damage_And_Serious_Injuries
44.20091324,8,20,87.0556062,0.245431662,76.74,7,45783.52766,2,0.003887149,4,Highly_Fatal_And_Damaging
8.03652968,19,0,68.91522334,0.271396322,77.01,6,18000.50563,2,0.004792302,9459,Highly_Fatal_And_Damaging
50.3652968,13,11,77.16499544,0.243989181,80.83,2,27941.93689,2,0.376057124,2339,Minor_Damage_And_Injuries
75.29680365,5,8,59.79945305,0.63418031,79.39,4,31988.19599,1,0.059458512,9241,Minor_Damage_And_Injuries
29.6347032,20,4,66.27164995,0.368403173,82.31,1,30966.15983,3,1.141857385,11403,Minor_Damage_And_Injuries
36.75799087,17,3,63.90154968,0.401580238,81.09,2,49106.35596,2,0.653900333,5086,Minor_Damage_And_Injuries
77.67123288,5,3,53.78304467,0.317916336,77.98,7,44372.36893,0,0.004260875,1817,Minor_Damage_And_Injuries
63.97260274,9,2,84.68550593,0.248316625,80.26,5,30107.34664,1,0.021075799,548,Minor_Damage_And_Injuries
26.21004566,14,0,82.45214221,0.17438947,79.7,4,32222.03588,1,0.05941457,10349,Highly_Fatal_And_Damaging
47.99086758,7,18,69.37101185,0.474425532,78.61,4,42414.40383,1,0.077150985,8723,Highly_Fatal_And_Damaging
19.9543379,16,0,74.06563355,0.238219257,79.16,4,40072.97662,1,0.073699076,5841,Highly_Fatal_And_Damaging
61.41552511,14,4,52.41567912,0.476589254,78.94,6,36969.19838,2,0.008313291,5706,Highly_Fatal_And_Damaging
20.1826484,15,0,85.5515041,0.280051208,78.15,4,30415.65224,3,0.055322646,5726,Highly_Fatal_And_Damaging
43.65296804,8,1,68.36827712,0.277526866,79.94,4,34302.72585,1,0.062980608,5192,Highly_Fatal_And_Damaging
48.85844749,14,23,71.55879672,0.339914172,78.04,7,43511.62897,2,0.004129995,2173,Minor_Damage_And_Injuries
27.85388128,17,1,55.60619872,0.547270826,79.21,7,28162.02042,2,0.0025508,12268,Significant_Damage_And_Serious_Injuries
40.86757991,13,0,58.52324521,0.312507032,81.92,3,35800.95566,2,0.178747299,5918,Significant_Damage_And_Serious_Injuries
46.62100457,11,1,61.21239745,0.430429859,76.67,3,32114.71558,2,0.160373892,11215,Significant_Damage_And_Serious_Injuries
23.69863014,18,15,74.74931632,0.532124775,81.82,3,34305.08534,0,0.170645149,1376,Significant_Damage_And_Serious_Injuries
43.24200913,19,12,75.38742024,0.333062387,79.81,7,31856.30338,2,0.002659088,11703,Significant_Damage_And_Fatalities
46.11872146,15,13,59.6627165,0.408071403,84.82,2,26158.05083,2,0.355224117,5051,Minor_Damage_And_Injuries
33.24200913,15,0,78.48678213,0.386073567,85.3,3,22592.55026,2,0.111813205,10842,Significant_Damage_And_Serious_Injuries
35.25114155,11,4,48.26800365,0.438002885,85.26,1,39723.56316,1,1.455545708,749,Significant_Damage_And_Fatalities
63.19634703,13,5,74.61257976,0.241104219,78.35,7,28201.73534,2,0.002885913,11489,Significant_Damage_And_Fatalities
22.64840183,15,3,71.0118505,0.267790119,75.71,4,38935.45459,4,0.071719022,9481,Highly_Fatal_And_Damaging
34.61187215,14,6,62.07839562,0.352175261,78.09,7,34128.12546,2,0.003067314,635,Significant_Damage_And_Serious_Injuries
25.89041096,14,2,49.17958067,0.402662099,77.39,6,26744.8668,2,0.006527849,1791,Significant_Damage_And_Fatalities
44.15525114,12,3,79.53509572,0.320440678,77.17,6,11622.01044,3,0.000436301,10169,Significant_Damage_And_Serious_Injuries
20.456621,15,8,92.98085688,0.159243419,80.14,4,16233.83322,2,0.029080212,4800,Highly_Fatal_And_Damaging
56.71232877,15,6,67.41112124,0.352535882,81.15,7,26424.95084,2,0.00218528,7749,Significant_Damage_And_Fatalities
57.07762557,11,22,64.49407475,0.277887486,79.99,5,39242.1985,2,0.026803844,5817,Highly_Fatal_And_Damaging
28.85844749,16,11,58.29535096,0.317555716,83.08,3,24455.02501,1,0.122543644,3284,Significant_Damage_And_Serious_Injuries
49.5890411,10,3,88.650866,0.173307609,80.98,6,46306.19207,3,0.011368593,7791,Significant_Damage_And_Serious_Injuries
32.55707763,12,5,64.26618049,0.209009016,81.1,2,22730.47091,1,0.305041894,12238,Highly_Fatal_And_Damaging
61.05022831,10,15,66.08933455,0.41744753,80.42,2,20083.32539,2,0.272486025,10502,Minor_Damage_And_Injuries
50.59360731,13,5,69.55332726,0.351454021,78.22,2,45878.87959,1,0.622165204,8110,Minor_Damage_And_Injuries
52.46575342,13,1,82.1786691,0.318276956,83.6,2,35377.24419,3,0.478763293,5617,Minor_Damage_And_Injuries