Safety_Score,Days_Since_Inspection,Total_Safety_Complaints,Control_Metric,Turbulence_In_gforces,Cabin_Temperature,Accident_Type_Code,Max_Elevation,Violations,Adverse_Weather_Metric,Accident_ID,Severity
49.45205479,14,6,64.3573382,0.406268301,76.13,2,37854.0579,3,0.512288113,10856,Minor_Damage_And_Injuries
59.17808219,11,10,49.58979034,0.444133429,79.6,7,48569.55629,3,0.004404294,1046,Significant_Damage_And_Serious_Injuries
12.69406393,17,3,41.52233364,0.556286332,79.03,4,44419.33762,2,0.082427704,2277,Significant_Damage_And_Fatalities
56.71232877,15,12,57.52051048,0.72794158,80.19,7,39152.99337,3,0.003578441,7378,Significant_Damage_And_Fatalities
12.69406393,18,6,52.32452142,0.438002885,83.9,2,33591.98082,2,0.453246293,2894,Significant_Damage_And_Fatalities
40.86757991,13,0,53.2816773,0.310703931,82.43,6,23192.15587,2,0.00566677,11207,Minor_Damage_And_Injuries
37.57990868,14,1,80.17319964,0.360830148,79.78,3,34176.12272,1,0.171753656,10426,Significant_Damage_And_Serious_Injuries
25.89041096,14,1,65.58796718,0.369845655,78.23,7,34971.73779,2,0.003326931,6941,Highly_Fatal_And_Damaging
50.86757991,13,10,45.89790337,0.668078615,80.8,7,33999.24976,2,0.00303558,6123,Highly_Fatal_And_Damaging
30.77625571,15,14,56.88240656,0.491735305,78.13,1,30282.77185,0,1.110903022,12267,Minor_Damage_And_Injuries
45.06849315,15,3,68.64175023,0.40482582,78.97,2,25854.95036,4,0.349996581,2655,Minor_Damage_And_Injuries
27.57990868,13,28,71.23974476,0.329095564,82.49,4,15658.68487,2,0.030473517,3717,Highly_Fatal_And_Damaging
37.76255708,14,0,73.15405652,0.223433826,79.09,3,24487.79195,3,0.1217547,2700,Significant_Damage_And_Serious_Injuries
60.91324201,7,6,62.07839562,0.297000361,84.41,2,43489.02078,1,0.58515605,2818,Highly_Fatal_And_Damaging
35.02283105,15,8,57.88514129,0.35037216,79.72,1,21202.40578,1,0.78641576,10705,Significant_Damage_And_Serious_Injuries
77.30593607,4,2,88.46855059,0.285099892,75.96,7,40762.81328,4,0.003717087,8258,Significant_Damage_And_Serious_Injuries
57.03196347,11,5,63.71923428,0.225236928,79.22,2,30194.80557,3,0.41108465,10721,Minor_Damage_And_Injuries
45.06849315,11,2,55.51504102,0.578644789,77.3,4,33896.51169,2,0.061897522,819,Minor_Damage_And_Injuries
18.17351598,16,3,62.89881495,0.369485034,77.65,7,25175.00869,1,0.002483776,10018,Highly_Fatal_And_Damaging
20.50228311,19,0,62.9443938,0.509405698,78.46,4,39698.85505,2,0.072930644,8259,Significant_Damage_And_Serious_Injuries
26.62100457,17,0,65.17775752,0.369845655,81.82,5,44701.64858,2,0.030696584,3658,Significant_Damage_And_Serious_Injuries
41.09589041,9,1,72.37921604,0.516978723,86.58,4,46938.70933,3,0.086513998,9395,Highly_Fatal_And_Damaging
77.30593607,4,2,51.82315406,0.509045078,79.78,7,25644.46842,1,0.002405762,3157,Significant_Damage_And_Serious_Injuries
41.50684932,13,2,55.92525068,0.469016228,79.1,3,45002.00793,2,0.2251048,4154,Minor_Damage_And_Injuries
44.06392694,12,14,66.77301732,0.319719437,79.17,3,34480.6632,1,0.170899114,5978,Significant_Damage_And_Serious_Injuries
35.20547945,11,0,81.72288058,0.29555788,80.43,7,13945.57287,1,0.001480334,12299,Highly_Fatal_And_Damaging
52.19178082,13,3,85.27803099,0.232088713,80.05,2,28885.57324,1,0.392272812,1571,Minor_Damage_And_Injuries
46.34703196,8,3,73.65542388,0.388958529,78.75,4,39274.99085,1,0.071211938,8774,Highly_Fatal_And_Damaging
28.03652968,13,10,79.21604376,0.361190768,76.89,6,29311.57258,3,0.007370431,3140,Highly_Fatal_And_Damaging
51.41552511,17,11,41.29443938,0.714238009,78.5,7,39222.40512,3,0.003700851,1101,Significant_Damage_And_Serious_Injuries
44.70319635,8,0,68.91522334,0.250840966,76.89,1,13938.95103,1,0.502479778,11469,Highly_Fatal_And_Damaging
53.78995434,12,17,50.68368277,0.495341507,77.6,2,35070.33319,2,0.47352544,10385,Highly_Fatal_And_Damaging
57.12328767,8,11,78.9881495,0.414201947,80.65,3,31143.04043,2,0.153788001,3868,Significant_Damage_And_Serious_Injuries
70.50228311,11,1,52.82588879,0.37705806,75.8,7,33573.26994,3,0.003079773,12108,Significant_Damage_And_Serious_Injuries
43.19634703,12,3,53.73746582,0.461803823,78.29,3,39901.75575,3,0.199585421,5328,Minor_Damage_And_Injuries
49.22374429,14,22,67.04649043,0.276084385,80.91,2,23787.7963,2,0.320229608,7565,Minor_Damage_And_Injuries
68.12785388,8,8,49.68094804,0.437281644,84.42,2,20482.4787,1,0.277200206,2153,Highly_Fatal_And_Damaging
44.06392694,8,6,85.18687329,0.212254598,76.3,4,48820.27336,1,0.088896155,2672,Highly_Fatal_And_Damaging
30,13,11,69.64448496,0.351454021,84.3,4,43635.75469,2,0.079811239,1813,Highly_Fatal_And_Damaging
25.89041096,14,0,91.79580675,0.223794446,80.79,4,53915.33299,1,0.10677556,4792,Highly_Fatal_And_Damaging
18.31050228,16,0,54.32999088,0.527797331,81.05,1,45027.38573,2,1.682724875,7142,Significant_Damage_And_Fatalities
35.25114155,18,3,67.68459435,0.340996033,80.82,4,24814.56957,0,0.04544947,6821,Minor_Damage_And_Injuries
27.30593607,13,0,65.58796718,0.414923188,82.02,4,40231.67954,3,0.074291332,3656,Highly_Fatal_And_Damaging
52.64840183,13,5,48.3135825,0.428987378,78.15,5,31846.91837,3,0.021356356,8687,Minor_Damage_And_Injuries
59.6347032,11,6,76.93710119,0.426823657,75.8,4,20761.98442,3,0.037591496,11682,Minor_Damage_And_Injuries
0.913242009,21,1,62.03281677,0.425381176,79.88,6,25720.91641,0,0.006183627,12177,Highly_Fatal_And_Damaging
25.57077626,14,0,49.27073838,0.582250992,80.12,4,36256.67803,1,0.066451261,12394,Significant_Damage_And_Fatalities
73.51598174,10,4,64.85870556,0.365518211,78.83,7,35320.94545,2,0.003273791,116,Significant_Damage_And_Fatalities
57.89954338,11,1,97.99453054,0.303491525,83.56,2,29255.42665,3,0.393439914,8040,Minor_Damage_And_Injuries
45.15981735,11,2,75.84320875,0.384991706,76.09,3,31091.67665,2,0.154092925,2652,Significant_Damage_And_Serious_Injuries
54.10958904,16,7,72.83500456,0.364796971,78.11,6,32746.15549,1,0.008126749,6824,Significant_Damage_And_Fatalities
42.19178082,12,0,56.88240656,0.47190119,79.79,3,15484.35508,2,0.077216928,120,Minor_Damage_And_Injuries
54.29223744,12,1,45.62443026,0.414923188,86.42,6,26633.96363,2,0.006491343,5801,Significant_Damage_And_Serious_Injuries
27.48858447,16,0,76.52689152,0.22884313,80.98,3,29033.79042,1,0.144784764,5493,Significant_Damage_And_Serious_Injuries
13.37899543,18,17,71.37648131,0.254447169,78.99,6,43767.58052,2,0.010959164,4247,Highly_Fatal_And_Damaging
42.46575342,16,0,62.7620784,0.47190119,77.65,2,43812.86573,3,0.59022175,11210,Minor_Damage_And_Injuries
28.94977169,20,8,56.83682771,0.303491525,78.84,2,23734.78472,2,0.321668685,3064,Highly_Fatal_And_Damaging
38.44748858,17,9,67.41112124,0.245431662,79.23,7,34641.51186,4,0.002951247,6045,Minor_Damage_And_Injuries
51.73515982,7,6,76.20783956,0.335226109,81.78,7,40526.0175,3,0.003654182,9413,Highly_Fatal_And_Damaging
9.086757991,18,19,79.58067457,0.268150739,76.42,1,38318.56777,1,1.410503591,10667,Highly_Fatal_And_Damaging
22.87671233,18,2,35.82497721,0.869304724,80.9,3,22888.0825,3,0.114141495,603,Minor_Damage_And_Injuries
42.96803653,9,24,82.3609845,0.395810314,80.83,7,25796.94853,0,0.002476522,5177,Highly_Fatal_And_Damaging
31.09589041,16,1,54.64904284,0.442330328,78.06,1,28193.96225,1,1.046003753,3801,Minor_Damage_And_Injuries
20.50228311,15,9,59.89061076,0.267429499,80.55,4,36059.22158,2,0.066531454,9029,Highly_Fatal_And_Damaging
36.84931507,14,13,55.24156791,0.541140281,85.61,2,48162.87229,4,0.65080304,8065,Minor_Damage_And_Injuries
59.04109589,7,5,49.95442115,0.543664623,79.92,6,27551.10353,2,0.006920266,3996,Minor_Damage_And_Injuries
63.19634703,13,12,75.75205105,0.388597908,83.29,7,17099.5184,5,0.001614115,9523,Significant_Damage_And_Fatalities
47.03196347,14,2,89.42570647,0.217663902,78.8,2,33395.50174,2,0.450817704,2630,Minor_Damage_And_Injuries
15.43378995,17,4,63.90154968,0.287624234,81.36,2,39760.76834,4,0.537889904,4893,Highly_Fatal_And_Damaging
36.25570776,11,5,48.22242479,0.680339704,79.74,1,29433.30072,1,1.090265981,3675,Significant_Damage_And_Fatalities
34.74885845,14,5,62.07839562,0.408071403,79.09,4,22429.33718,2,0.040926354,5641,Significant_Damage_And_Serious_Injuries
49.26940639,7,0,79.89972653,0.245792283,78.86,4,42329.01793,3,0.07768469,11987,Highly_Fatal_And_Damaging
34.29223744,15,0,80.35551504,0.196387306,76.11,2,16149.3177,2,0.209602823,4362,Significant_Damage_And_Serious_Injuries
33.24200913,12,9,65.58796718,0.193502344,78.71,4,27140.41453,3,0.050222997,634,Highly_Fatal_And_Damaging
76.66666667,6,12,65.90701914,0.338471691,76.28,2,42303.406,3,0.572514343,6140,Minor_Damage_And_Injuries
29.7260274,13,0,61.57702826,0.367321313,82.23,3,41940.40947,1,0.209889349,6292,Highly_Fatal_And_Damaging
47.03196347,14,13,76.98268004,0.324768121,80,2,49881.27037,2,0.668862533,1621,Minor_Damage_And_Injuries
47.12328767,11,9,66.1349134,0.337750451,78.14,5,14532.73839,2,0.012337984,3671,Significant_Damage_And_Serious_Injuries
48.85844749,14,23,71.28532361,0.190617382,75.99,2,29143.75455,3,0.394277173,7330,Minor_Damage_And_Injuries
14.47488584,17,2,65.67912489,0.520945546,80.07,4,36350.87515,1,0.06672159,5419,Highly_Fatal_And_Damaging
29.7716895,13,10,61.57702826,0.375976199,82.23,4,44952.51688,3,0.08203656,5358,Highly_Fatal_And_Damaging
46.48401826,15,7,60.98450319,0.279690588,76.75,5,30122.31936,2,0.020409747,4092,Minor_Damage_And_Injuries
53.19634703,16,3,40.83865087,0.456033898,77.25,5,39496.16002,3,0.026629536,9833,Highly_Fatal_And_Damaging
55.34246575,8,3,85.68824066,0.277526866,81.38,3,39455.08099,2,0.196654787,324,Significant_Damage_And_Serious_Injuries
37.30593607,10,2,57.83956244,0.333423008,80.37,4,30242.20669,1,0.055562655,10887,Highly_Fatal_And_Damaging
46.02739726,15,3,63.35460346,0.453509556,80.98,2,25874.96575,1,0.349438433,1302,Minor_Damage_And_Injuries
24.61187215,18,4,55.28714676,0.371288136,84.82,1,29321.83173,0,1.075385434,2228,Minor_Damage_And_Injuries
24.38356164,14,2,84.18413856,0.301327804,80.2,6,25111.1749,2,0.006375142,7170,Highly_Fatal_And_Damaging
44.56621005,15,0,80.85688241,0.358305806,79.54,4,37935.80165,3,0.069603156,62,Minor_Damage_And_Injuries
32.28310502,15,0,56.19872379,0.547270826,77.04,1,40226.47701,0,1.494719746,4798,Minor_Damage_And_Injuries
28.35616438,13,8,61.39471285,0.26851136,80.96,5,45084.54872,2,0.029708181,10192,Highly_Fatal_And_Damaging
24.97716895,14,9,59.79945305,0.382827984,79.99,6,39818.78238,2,0.009471383,4492,Highly_Fatal_And_Damaging
12.69406393,18,6,38.14949863,0.754627479,79.03,6,44048.36539,3,0.010519625,8338,Significant_Damage_And_Fatalities
17.07762557,16,19,69.18869644,0.325849982,78.04,4,34283.77462,1,0.062953935,7936,Highly_Fatal_And_Damaging
26.94063927,13,1,66.27164995,0.422856834,80.27,4,46371.52752,2,0.08458346,9046,Highly_Fatal_And_Damaging
36.84931507,14,11,91.20328168,0.271396322,84.48,6,25377.66481,2,0.006375977,8876,Significant_Damage_And_Serious_Injuries
36.07305936,14,4,62.16955333,0.496423368,76.58,6,36736.64282,0,0.009264392,9829,Significant_Damage_And_Serious_Injuries
39.26940639,13,3,69.00638104,0.253725929,81.83,3,19018.70511,4,0.096880539,8822,Significant_Damage_And_Serious_Injuries
36.39269406,11,2,79.35278031,0.199632889,76.89,4,29572.33173,3,0.052850543,7103,Highly_Fatal_And_Damaging
36.25570776,11,2,70.87511395,0.339914172,81.11,5,12666.7712,0,0.00868878,1535,Highly_Fatal_And_Damaging
18.35616438,20,3,65.63354603,0.28257555,79.37,6,23081.83983,1,0.005595536,2295,Significant_Damage_And_Serious_Injuries
62.37442922,6,1,73.01731996,0.279329968,79.19,1,16229.72834,2,0.569124611,7108,Significant_Damage_And_Serious_Injuries
19.13242009,16,6,74.61257976,0.238940498,79.32,1,20313.47617,2,0.741000086,11619,Highly_Fatal_And_Damaging
42.55707763,8,12,34.86782133,0.49930833,79.15,1,34325.61508,3,1.268472711,2012,Significant_Damage_And_Fatalities
45.75342466,11,4,74.88605287,0.233531194,77.6,3,29664.81179,0,0.147944221,7998,Significant_Damage_And_Serious_Injuries
58.44748858,4,20,76.34457612,0.292672917,78.28,4,32690.62577,2,0.059580342,12379,Highly_Fatal_And_Damaging
37.39726027,14,1,69.14311759,0.304573386,79.28,5,35553.18579,2,0.024404521,7976,Significant_Damage_And_Serious_Injuries
36.43835616,10,5,56.42661805,0.486326001,78.37,1,39396.11662,1,1.43817383,5379,Significant_Damage_And_Fatalities
18.76712329,16,7,72.15132179,0.279690588,84.53,3,32811.58251,3,0.163962378,11929,Highly_Fatal_And_Damaging
38.76712329,13,0,72.4247949,0.386794807,84.51,3,38521.30389,2,0.192253395,9337,Significant_Damage_And_Serious_Injuries
12.46575342,18,3,59.25250684,0.392204111,77.04,1,31491.27636,3,1.158499315,5521,Highly_Fatal_And_Damaging
52.92237443,9,0,82.08751139,0.271756942,77.8,3,37541.67637,4,0.187059501,12180,Significant_Damage_And_Serious_Injuries
38.58447489,13,11,63.35460346,0.298442842,79.56,6,30660.27529,2,0.007078022,572,Significant_Damage_And_Serious_Injuries
6.347031963,19,6,89.88149499,0.219827624,75.15,2,31250.15837,3,0.424482358,4897,Highly_Fatal_And_Damaging
77.30593607,4,2,39.88149499,0.406628922,76.12,3,35044.20884,2,0.174775776,2044,Significant_Damage_And_Serious_Injuries
21.23287671,15,2,62.16955333,0.337750451,80.5,1,26397.20312,3,0.977273486,9645,Highly_Fatal_And_Damaging
60.1369863,7,20,67.45670009,0.409513884,84.03,3,11265.91779,3,0.054090554,9671,Significant_Damage_And_Serious_Injuries
51.18721461,10,7,69.78122151,0.35037216,79.69,2,38384.43182,1,0.52019023,8403,Significant_Damage_And_Serious_Injuries
40.54794521,9,4,54.05651778,0.380303642,77.91,3,14353.58466,3,0.075139231,2437,Significant_Damage_And_Fatalities
54.88584475,15,2,74.02005469,0.237498017,80.45,6,24784.66387,1,0.00597945,6504,Significant_Damage_And_Fatalities
31.55251142,19,7,61.71376481,0.311425171,81.13,3,30406.02223,3,0.151931986,5364,Minor_Damage_And_Injuries
16.11872146,17,0,47.90337284,0.493899026,77.04,4,36683.45992,1,0.067847156,448,Significant_Damage_And_Fatalities
47.44292237,11,0,60.43755697,0.503635774,82.81,1,17786.07136,3,0.619400816,11545,Significant_Damage_And_Serious_Injuries
25.70776256,14,0,76.02552416,0.386434187,78.23,7,33945.4313,1,0.003101218,4044,Highly_Fatal_And_Damaging
44.01826484,8,1,60.66545123,0.476228633,79.34,4,24865.19608,2,0.04544947,8555,Highly_Fatal_And_Damaging
41.55251142,13,8,62.57976299,0.437281644,80.23,4,28542.00418,0,0.051350229,756,Significant_Damage_And_Serious_Injuries
33.97260274,15,2,68.32269827,0.134,82.97,3,26859.19154,4,0.13461137,3310,Significant_Damage_And_Serious_Injuries
62.00913242,10,1,66.49954421,0.400137757,78.49,2,42059.52891,0,0.572514343,10090,Minor_Damage_And_Injuries
44.47488584,15,0,86.78213309,0.240382979,83.51,5,30619.78737,0,0.019551683,11675,Minor_Damage_And_Injuries
42.28310502,16,7,57.47493163,0.662308691,79.61,5,34887.21721,2,0.023773883,533,Minor_Damage_And_Injuries
50.0456621,17,18,74.02005469,0.250840966,81.04,6,45934.13348,2,0.011699318,3241,Significant_Damage_And_Fatalities
40.54794521,9,7,54.05651778,0.592348359,77.21,4,47156.93843,2,0.086740473,9479,Significant_Damage_And_Fatalities
82.78538813,7,21,58.93345488,0.397252795,83.41,3,43564.09444,2,0.214244805,11917,Significant_Damage_And_Fatalities
0.913242009,21,1,54.64904284,0.333423008,85.22,3,43590.44521,2,0.217024048,9794,Highly_Fatal_And_Damaging
23.60730594,14,7,82.04193254,0.355060224,79.52,7,37519.01385,1,0.003673274,7995,Highly_Fatal_And_Damaging
25.25114155,17,3,76.93710119,0.355060224,76.75,1,42453.45272,1,1.555653829,7740,Significant_Damage_And_Serious_Injuries
30.91324201,16,1,67.59343665,0.251922827,82.14,3,33951.33867,3,0.167541354,9910,Significant_Damage_And_Serious_Injuries
71.64383562,11,17,84.86782133,0.168980166,81.1,7,28435.80371,3,0.002827191,3536,Significant_Damage_And_Fatalities
38.26484018,10,2,66.45396536,0.474064912,79.39,4,32677.20608,2,0.059580342,11663,Highly_Fatal_And_Damaging
29.7716895,12,3,66.90975387,0.355420844,82.3,4,43852.84535,2,0.080228792,4523,Highly_Fatal_And_Damaging
42.05479452,19,9,69.18869644,0.380303642,77.07,7,14342.69065,3,0.001035952,7585,Significant_Damage_And_Fatalities
24.88584475,14,19,58.52324521,0.508323837,76.67,1,25614.29953,3,0.938862345,5843,Highly_Fatal_And_Damaging
74.20091324,10,0,61.21239745,0.272478182,80.41,7,26727.9541,3,0.002534247,2857,Significant_Damage_And_Fatalities
63.19634703,13,1,72.97174111,0.364796971,79.77,4,19708.06881,0,0.036397697,1490,Significant_Damage_And_Fatalities
45.34246575,15,5,89.51686418,0.173307609,78.5,4,30792.69503,4,0.057508197,3050,Minor_Damage_And_Injuries
47.62557078,14,1,46.03463993,0.40482582,79.33,1,42902.38498,3,1.566207555,7690,Highly_Fatal_And_Damaging
46.11872146,15,0,59.98176846,0.517339344,76.95,1,17590.82705,3,0.647130362,6825,Minor_Damage_And_Injuries
37.99086758,13,0,59.29808569,0.492095925,79.23,3,24865.19608,2,0.123961615,10266,Significant_Damage_And_Serious_Injuries
41.00456621,9,10,46.08021878,0.545828345,85.58,3,37882.52721,2,0.189029307,12154,Significant_Damage_And_Fatalities
36.16438356,11,0,79.89972653,0.355060224,76.89,4,41401.72298,2,0.076017227,8503,Highly_Fatal_And_Damaging
42.10045662,12,2,69.14311759,0.380303642,79.46,3,37571.9051,3,0.187016357,4319,Significant_Damage_And_Serious_Injuries
30.73059361,12,1,64.03828624,0.514093761,77.6,1,37533.17511,0,1.381715701,1563,Highly_Fatal_And_Damaging
10.86757991,18,1,75.66089335,0.388237288,81.97,7,40231.67954,4,0.003625472,10163,Highly_Fatal_And_Damaging
36.57534247,14,7,61.30355515,0.344241616,79.43,6,34715.23615,2,0.008476701,10940,Significant_Damage_And_Serious_Injuries
26.25570776,17,4,78.76025524,0.398334656,78.54,6,21680.6166,2,0.005009797,5300,Significant_Damage_And_Serious_Injuries
36.25570776,11,5,52.96262534,0.286181753,76.35,3,34748.48773,2,0.173410918,11364,Significant_Damage_And_Fatalities
18.94977169,19,0,64.5396536,0.424299315,80.76,6,35557.67809,2,0.008917267,4013,Significant_Damage_And_Serious_Injuries
39.45205479,13,5,75.47857794,0.426823657,79.17,6,21680.6166,2,0.005326978,1200,Significant_Damage_And_Serious_Injuries
53.24200913,13,13,56.10756609,0.366960692,83.53,1,29033.29425,2,1.066359535,9768,Highly_Fatal_And_Damaging
45.15981735,11,4,60.16408387,0.633098449,79.64,1,41729.04072,0,1.5469248,8325,Significant_Damage_And_Serious_Injuries
49.5890411,10,38,69.59890611,0.215860801,80.65,4,24386.64992,2,0.044566011,8208,Significant_Damage_And_Serious_Injuries
69.7716895,8,2,71.0118505,0.233891814,77.82,5,45351.56632,3,0.02902201,3471,Minor_Damage_And_Injuries
27.85388128,13,3,51.27620784,0.422496213,87,2,32847.03796,2,0.444452039,11316,Significant_Damage_And_Fatalities
32.55707763,12,3,57.15587967,0.489932203,77.83,1,24135.44337,1,0.894409699,5675,Significant_Damage_And_Fatalities
30.82191781,16,0,72.15132179,0.413480707,84.72,6,36877.74755,3,0.008922525,6025,Significant_Damage_And_Serious_Injuries
63.65296804,6,7,52.68915223,0.317916336,78.06,4,30190.76531,2,0.055267526,11121,Minor_Damage_And_Injuries
33.74429224,15,6,79.85414768,0.313588893,81.08,3,30317.40377,1,0.152109025,8528,Significant_Damage_And_Serious_Injuries
34.84018265,11,19,60.25524157,0.367321313,78.64,2,28904.69701,1,0.391182536,7301,Highly_Fatal_And_Damaging
46.02739726,15,9,66.86417502,0.272117562,81.82,1,32555.64383,2,1.189738509,11022,Minor_Damage_And_Injuries
48.85844749,17,5,71.87784868,0.238940498,79.81,7,40703.06963,2,0.003553235,2380,Significant_Damage_And_Fatalities
32.37442922,15,1,76.02552416,0.286181753,78.8,3,38883.49145,3,0.19273268,5318,Significant_Damage_And_Serious_Injuries
35.70776256,14,2,82.31540565,0.221270105,75.68,3,16837.05984,1,0.083257487,4979,Significant_Damage_And_Serious_Injuries
21.87214612,15,0,55.19598906,0.240743599,76.49,1,47507.71687,2,1.748519461,1744,Significant_Damage_And_Fatalities
39.36073059,10,11,65.72470374,0.449903354,77.5,1,21489.47502,1,0.790553606,12352,Highly_Fatal_And_Damaging
38.03652968,10,1,54.05651778,0.384270465,78.47,4,35695.99017,1,0.065037421,8526,Significant_Damage_And_Fatalities
29.17808219,13,1,64.94986326,0.345684097,77.56,1,35104.56703,2,1.293845573,11976,Highly_Fatal_And_Damaging
42.87671233,12,14,70.14585232,0.326931843,83.01,3,30428.30313,3,0.150707712,4611,Significant_Damage_And_Serious_Injuries
37.26027397,14,2,58.93345488,0.44485467,78.85,7,42912.52443,1,0.004297175,8166,Significant_Damage_And_Serious_Injuries
39.45205479,17,2,59.93618961,0.349290299,84.1,1,29033.29425,3,1.066359535,7045,Minor_Damage_And_Injuries
47.12328767,11,9,66.1349134,0.337750451,78.5,3,24548.43219,0,0.122797459,9244,Significant_Damage_And_Serious_Injuries
31.23287671,12,2,74.74931632,0.20179661,76.27,1,31531.7962,1,1.162902068,2544,Highly_Fatal_And_Damaging
36.07305936,18,2,76.61804923,0.346405337,78.83,1,17085.51952,2,0.664870454,3819,Minor_Damage_And_Injuries
40.95890411,9,4,76.43573382,0.281854309,84.48,4,27206.77747,3,0.049622739,8854,Highly_Fatal_And_Damaging
47.89954338,18,2,46.03463993,0.495702128,81.55,7,30664.96845,3,0.002908779,8087,Significant_Damage_And_Serious_Injuries
41.36986301,9,0,47.17411121,0.456755139,82.08,1,38407.95471,2,1.407755268,1489,Significant_Damage_And_Fatalities
42.32876712,9,8,80.62898815,0.331619906,82.8,4,33680.09968,1,0.060911324,12014,Highly_Fatal_And_Damaging
41.14155251,9,5,80.90246126,0.291591057,83.38,1,27249.2882,3,1.006584369,2116,Highly_Fatal_And_Damaging
27.39726027,17,0,76.52689152,0.20215723,78.7,4,37623.17303,3,0.068521039,7302,Significant_Damage_And_Serious_Injuries
61.23287671,10,15,72.74384686,0.427905517,79.23,2,45300.02702,3,0.610441183,228,Minor_Damage_And_Injuries
28.81278539,16,1,54.32999088,0.375254959,81.57,1,30380.86152,2,1.117649436,10411,Minor_Damage_And_Injuries
56.30136986,8,1,60.43755697,0.51265128,76.99,3,38732.7087,1,0.192532112,10430,Significant_Damage_And_Serious_Injuries
43.33333333,12,1,57.42935278,0.442690948,83.9,2,37121.91547,3,0.503141111,8007,Significant_Damage_And_Serious_Injuries
34.79452055,11,0,74.24794895,0.198190408,80.49,6,37066.96224,1,0.008406733,9737,Highly_Fatal_And_Damaging
24.70319635,18,3,62.07839562,0.518421204,83.48,6,36405.03304,1,0.008317076,9455,Significant_Damage_And_Serious_Injuries
20.456621,15,26,58.43208751,0.467573747,77.48,4,25242.78955,1,0.045305004,11089,Highly_Fatal_And_Damaging
18.35616438,20,9,68.59617138,0.308540209,76.74,3,21890.57091,3,0.106939064,3392,Significant_Damage_And_Serious_Injuries
35.11415525,11,10,50.72926162,0.527076091,81.42,4,36601.5953,3,0.06789051,11613,Significant_Damage_And_Fatalities
68.49315068,11,3,59.11577028,0.365878832,79.21,7,35154.72726,2,0.003212363,3970,Significant_Damage_And_Fatalities
41.82648402,12,0,62.67092069,0.317555716,82.41,3,21402.76011,2,0.105168518,4147,Significant_Damage_And_Serious_Injuries
56.75799087,8,10,59.02461258,0.362633249,77.17,7,39867.474,1,0.003654452,11153,Significant_Damage_And_Serious_Injuries
26.71232877,13,25,63.90154968,0.264183916,80.96,1,23362.5383,2,0.859867418,6001,Highly_Fatal_And_Damaging
78.58447489,8,1,93.16317229,0.261659574,78.7,7,44434.08715,3,0.00394519,2289,Significant_Damage_And_Fatalities
21.27853881,15,5,45.16864175,0.699813199,79.06,1,48583.54863,2,1.781913839,7371,Significant_Damage_And_Fatalities
66.57534247,9,2,37.28350046,0.594512081,80.2,4,24079.42436,1,0.043855655,11166,Significant_Damage_And_Serious_Injuries
9.086757991,18,4,56.60893345,0.365878832,79.71,3,33783.78236,0,0.168758363,6552,Highly_Fatal_And_Damaging
72.00913242,9,2,45.39653601,0.520945546,78.67,7,25644.46842,0,0.002143519,9604,Significant_Damage_And_Serious_Injuries
46.89497717,14,6,66.08933455,0.30998269,78.3,1,24554.58551,2,0.887893342,3416,Minor_Damage_And_Injuries
47.76255708,14,1,71.0118505,0.522388027,79.89,2,42622.37152,3,0.579515445,7204,Minor_Damage_And_Injuries
50.2739726,13,11,69.64448496,0.460361342,83.08,2,16200.33643,2,0.214957085,10801,Minor_Damage_And_Injuries
18.12785388,16,5,57.83956244,0.330538045,78,5,31647.88432,3,0.021791943,12049,Highly_Fatal_And_Damaging
27.07762557,14,1,69.37101185,0.311425171,78.3,2,35553.18579,3,0.482865676,5121,Highly_Fatal_And_Damaging
46.34703196,8,2,72.01458523,0.302770285,79.76,2,39338.09069,1,0.532383165,3872,Highly_Fatal_And_Damaging
48.31050228,10,4,57.52051048,0.52635485,79.21,6,32656.99709,2,0.007844445,5704,Significant_Damage_And_Serious_Injuries
47.89954338,14,3,41.8413856,0.745972593,81.17,3,14274.05901,3,0.072851338,2117,Highly_Fatal_And_Damaging
44.29223744,15,9,76.70920693,0.281854309,82.53,2,23412.78228,2,0.315570346,10891,Minor_Damage_And_Injuries
27.94520548,17,1,57.24703737,0.441609088,76.58,7,32243.55261,2,0.003101218,2595,Significant_Damage_And_Serious_Injuries
79.40639269,8,1,74.52142206,0.478392355,82.26,1,30270.79367,0,1.113570002,3535,Significant_Damage_And_Fatalities
39.49771689,13,0,72.19690064,0.416726289,78.3,3,29135.86714,4,0.145497843,1063,Significant_Damage_And_Serious_Injuries
34.01826484,18,0,46.35369189,0.663029931,87.11,2,11344.02219,2,0.167498544,7700,Highly_Fatal_And_Damaging
58.03652968,11,6,68.91522334,0.254086549,83.45,2,36790.50081,3,0.499470696,6388,Minor_Damage_And_Injuries
50.3652968,13,11,77.16499544,0.234613054,80.61,2,40666.47071,2,0.550538134,6659,Minor_Damage_And_Injuries