Safety_Score,Days_Since_Inspection,Total_Safety_Complaints,Control_Metric,Turbulence_In_gforces,Cabin_Temperature,Accident_Type_Code,Max_Elevation,Violations,Adverse_Weather_Metric,Accident_ID,Severity
52.14611872,16,0,82.95350957,0.271396322,78.11,7,37253.90537,1,0.003640686,11606,Significant_Damage_And_Fatalities
43.24200913,12,10,52.14220602,0.522748648,79.89,1,21595.68715,1,0.801636301,7308,Minor_Damage_And_Injuries
37.57990868,14,9,61.89608022,0.275723765,79.05,6,33355.86404,1,0.008295639,10098,Significant_Damage_And_Serious_Injuries
24.61187215,14,2,62.07839562,0.452788316,81.09,4,24892.55613,1,0.045340764,2111,Highly_Fatal_And_Damaging
52.23744292,9,14,78.07657247,0.179438154,78.56,1,9759.362337,3,0.416754744,6244,Highly_Fatal_And_Damaging
42.51141553,12,13,79.58067457,0.222351965,79.18,6,27724.25601,2,0.006872156,7230,Significant_Damage_And_Serious_Injuries
22.78538813,15,13,73.01731996,0.333062387,88.57,2,23513.76332,2,0.3156387,6602,Highly_Fatal_And_Damaging
49.49771689,10,5,68.77848678,0.270675081,81.1,3,38968.23652,3,0.193995762,9668,Significant_Damage_And_Serious_Injuries
20.95890411,15,9,70.55606199,0.308900829,79.58,1,36818.98439,3,1.347849527,9927,Highly_Fatal_And_Damaging
20.1826484,15,3,65.81586144,0.193502344,78.99,4,27035.83879,2,0.049008374,10172,Highly_Fatal_And_Damaging
42.28310502,12,11,40.06381039,0.518781825,79.89,6,39871.18607,1,0.010025347,1223,Minor_Damage_And_Injuries
41.36986301,9,7,52.68915223,0.328374324,77.3,3,27243.15115,2,0.135825197,3473,Significant_Damage_And_Fatalities
30.59360731,16,4,53.55515041,0.310703931,76.92,6,8585.998104,1,0.000436301,8303,Minor_Damage_And_Injuries
55.66210046,12,2,80.85688241,0.219467003,81.04,2,47106.13538,1,0.637636245,872,Minor_Damage_And_Injuries
65.43378995,9,37,54.05651778,0.436560404,75.35,7,44574.06272,3,0.004076263,8380,Significant_Damage_And_Serious_Injuries
72.55707763,7,8,18.45943482,0.774822214,79.13,3,33579.70499,2,0.16732167,3822,Highly_Fatal_And_Damaging
63.69863014,13,0,45.62443026,0.496783988,79.64,1,35305.17414,0,1.297346425,1496,Significant_Damage_And_Serious_Injuries
38.99543379,10,2,62.80765725,0.328734944,80.53,4,42489.06774,1,0.077528301,7910,Highly_Fatal_And_Damaging
42.51141553,12,6,68.04922516,0.311064551,81.06,4,26755.00794,2,0.049008374,12257,Significant_Damage_And_Serious_Injuries
44.42922374,8,4,62.26071103,0.409513884,80.06,4,30372.7583,4,0.05576251,10261,Highly_Fatal_And_Damaging
51.32420091,13,0,54.28441203,0.467213127,75.97,3,37599.70963,3,0.187522601,5912,Highly_Fatal_And_Damaging
63.19634703,13,12,66.36280766,0.572514245,76.71,3,28354.12168,1,0.142232506,1593,Significant_Damage_And_Fatalities
29.08675799,16,0,42.57064722,0.447379012,83.27,4,22647.2609,3,0.041271889,6947,Minor_Damage_And_Injuries
15.15981735,17,0,78.03099362,0.247234764,79.51,4,33822.19862,3,0.062069959,6883,Highly_Fatal_And_Damaging
46.16438356,11,3,69.27985415,0.306376488,86.31,3,33523.70234,2,0.168586749,5774,Significant_Damage_And_Serious_Injuries
30.3196347,16,9,57.01914312,0.284739272,78.74,3,18917.97273,1,0.096619645,1232,Minor_Damage_And_Injuries
28.85844749,13,6,51.27620784,0.422496213,87,4,29784.74647,1,0.054642187,2811,Significant_Damage_And_Fatalities
62.78538813,6,4,80.08204193,0.502914533,79.28,3,33346.78557,3,0.166023869,5413,Significant_Damage_And_Serious_Injuries
45.34246575,15,1,72.83500456,0.329456185,81.26,2,49881.27037,2,0.678555592,8256,Minor_Damage_And_Injuries
35.98173516,11,7,67.54785779,0.344602236,80.96,1,35322.67598,3,1.304840743,11370,Highly_Fatal_And_Damaging
38.08219178,13,3,65.95259799,0.338832312,75.68,3,36742.99032,1,0.182502203,7606,Significant_Damage_And_Serious_Injuries
12.69406393,18,6,55.37830447,0.30998269,82.81,4,36830.54453,3,0.067308421,3054,Significant_Damage_And_Fatalities
11.50684932,18,1,88.28623519,0.179438154,77.63,2,30094.08924,2,0.408795984,6574,Highly_Fatal_And_Damaging
77.76255708,8,0,51.45852325,0.640310855,79.03,7,24122.82342,3,0.002217475,186,Significant_Damage_And_Serious_Injuries
40.3652968,13,5,70.69279854,0.372369996,78.23,4,28800.00586,2,0.052745465,1855,Significant_Damage_And_Serious_Injuries
28.90410959,13,2,68.36827712,0.398695276,81.48,4,32874.41186,2,0.060013009,11124,Highly_Fatal_And_Damaging
54.97716895,12,4,59.98176846,0.374894338,79.31,6,36365.81771,2,0.009197041,8598,Minor_Damage_And_Injuries
34.93150685,14,13,62.07839562,0.456033898,80.35,6,18816.72362,1,0.004280063,3926,Significant_Damage_And_Serious_Injuries
44.42922374,12,14,51.77757521,0.549795168,80.32,7,38896.17291,2,0.003654452,5446,Minor_Damage_And_Injuries
41.55251142,16,6,84.13855971,0.280411828,81.08,2,30336.18148,1,0.412117131,5755,Minor_Damage_And_Injuries
9.315068493,19,10,49.86326345,0.354699603,77.56,7,27972.92065,1,0.002902411,3122,Significant_Damage_And_Fatalities
39.9086758,13,4,82.22424795,0.318276956,81.53,3,23126.29197,1,0.114395822,11768,Significant_Damage_And_Serious_Injuries
62.37442922,6,2,57.42935278,0.466491886,79.1,5,43400.02761,3,0.030341706,3217,Significant_Damage_And_Serious_Injuries
27.16894977,13,4,67.7301732,0.252644068,89.13,4,25170.33063,0,0.045830423,8851,Highly_Fatal_And_Damaging
40.77625571,13,17,73.33637192,0.45819762,76.4,3,37862.91999,3,0.189583681,5322,Significant_Damage_And_Serious_Injuries
47.48858447,11,0,53.91978122,0.432232961,79.6,2,40360.61209,2,0.545562193,4091,Minor_Damage_And_Injuries
46.84931507,14,9,83.8650866,0.289427335,87.79,2,40622.72929,3,0.549198026,11872,Minor_Damage_And_Injuries
38.44748858,10,7,85.59708295,0.263823296,81.7,2,22068.22223,2,0.300683552,1952,Highly_Fatal_And_Damaging
46.11872146,11,0,46.03463993,0.602445727,81.42,3,39473.09504,0,0.198115802,10387,Significant_Damage_And_Serious_Injuries
77.67123288,2,14,64.76754786,0.371288136,82.49,2,28213.42762,3,0.381682847,6325,Minor_Damage_And_Injuries
31.96347032,15,0,61.57702826,0.483801659,83.57,2,36109.01287,2,0.488682348,3211,Significant_Damage_And_Serious_Injuries
50.50228311,13,9,47.72105743,0.351454021,77.92,2,29368.16755,2,0.399359326,7579,Highly_Fatal_And_Damaging
29.6803653,13,15,54.92251595,0.43079048,87,2,24744.15842,1,0.335627809,3274,Significant_Damage_And_Fatalities
29.49771689,16,2,62.8532361,0.321522539,85.26,5,36656.54735,3,0.025344491,11342,Significant_Damage_And_Serious_Injuries
56.02739726,12,18,56.06198724,0.388237288,77.74,6,27903.57087,1,0.00670008,10399,Highly_Fatal_And_Damaging
20.0456621,19,8,54.6946217,0.467213127,77.75,7,14240.57263,3,0.001395294,3880,Significant_Damage_And_Serious_Injuries
47.48858447,11,0,50.59252507,0.523469888,79.89,2,20134.14523,2,0.266623439,6337,Minor_Damage_And_Injuries
36.16438356,11,1,67.59343665,0.257332131,80.98,4,27412.26472,1,0.050389694,9532,Highly_Fatal_And_Damaging
52.96803653,9,3,66.72743847,0.311785792,88.62,6,23998.30486,3,0.006300939,3565,Significant_Damage_And_Serious_Injuries
10.86757991,18,2,54.46672744,0.484162279,78.13,4,34345.36342,4,0.062808634,1113,Significant_Damage_And_Fatalities
58.40182648,11,5,64.81312671,0.45891886,80.63,2,32702.14799,1,0.442948592,6138,Minor_Damage_And_Injuries
30.1826484,12,6,62.12397448,0.427905517,80.55,6,17869.27129,2,0.004774618,2925,Highly_Fatal_And_Damaging
50,16,19,48.95168642,0.43187234,76.48,7,22951.83593,3,0.002201649,2017,Significant_Damage_And_Serious_Injuries
40.77625571,13,0,70.19143118,0.546188965,78.23,3,29683.29636,4,0.147944221,11513,Significant_Damage_And_Serious_Injuries
30.77625571,19,2,44.39380128,0.339192932,79.57,3,21741.07941,2,0.107173258,11448,Highly_Fatal_And_Damaging
62.69406393,6,5,80.40109389,0.308540209,78.43,6,28627.91381,1,0.00752627,5193,Significant_Damage_And_Serious_Injuries
64.93150685,9,15,49.68094804,0.347487198,76.3,2,15521.1855,1,0.217882733,5994,Highly_Fatal_And_Damaging
36.75799087,14,10,72.83500456,0.237858637,79.58,1,44088.64526,0,1.605982308,1054,Significant_Damage_And_Serious_Injuries
55.43378995,12,1,50.18231541,0.564219978,77.9,5,44244.62918,2,0.029708181,7303,Highly_Fatal_And_Damaging
19.36073059,19,0,59.89061076,0.523469888,77.97,4,35901.48037,1,0.06657895,10207,Significant_Damage_And_Serious_Injuries
49.5890411,10,3,88.650866,0.173307609,80.98,6,46306.19207,2,0.011699318,7028,Significant_Damage_And_Serious_Injuries
48.72146119,18,19,44.34822242,0.621919221,79.37,6,22727.32152,2,0.005595536,4996,Significant_Damage_And_Serious_Injuries
46.48401826,11,13,45.85232452,0.355781464,78.68,3,24518.01247,4,0.121332213,7031,Minor_Damage_And_Injuries
27.94520548,20,6,76.48131267,0.264905157,83.54,5,23270.13309,3,0.01499081,11756,Minor_Damage_And_Injuries
20.1826484,15,0,85.5515041,0.263823296,78.15,3,33146.07003,1,0.165002364,9431,Highly_Fatal_And_Damaging
39.45205479,13,0,48.22242479,0.493899026,81.15,6,45332.30276,4,0.011517092,1954,Minor_Damage_And_Injuries
29.9543379,16,12,61.39471285,0.443051569,79.39,7,32666.80939,3,0.003086182,5384,Significant_Damage_And_Serious_Injuries
50.50228311,6,3,80.35551504,0.293394158,77.2,4,45606.55361,3,0.082792377,12135,Highly_Fatal_And_Damaging
19.9086758,16,0,64.12944394,0.368763794,78.46,4,55982.29272,2,0.114134652,1867,Highly_Fatal_And_Damaging
27.71689498,13,2,74.79489517,0.361190768,79.85,2,37435.5728,1,0.508617991,3505,Highly_Fatal_And_Damaging
33.83561644,11,1,73.60984503,0.412398846,84.4,1,33963.8106,1,1.249058097,3184,Highly_Fatal_And_Damaging
68.26484018,12,1,73.74658159,0.351454021,81.46,2,29887.80597,0,0.406933962,3713,Significant_Damage_And_Fatalities
47.89954338,11,0,74.88605287,0.306015867,81.13,3,33067.62441,2,0.165002364,7614,Significant_Damage_And_Serious_Injuries
81.46118721,7,3,79.94530538,0.235334295,81.38,7,21640.53466,3,0.001768882,11071,Significant_Damage_And_Fatalities
50.1369863,13,12,69.91795807,0.464328164,76.09,2,16200.33643,3,0.209602823,8924,Minor_Damage_And_Injuries
27.53424658,13,1,43.16317229,0.48596538,79.92,1,30233.19108,2,1.114040918,4270,Significant_Damage_And_Fatalities
25.98173516,14,3,59.61713765,0.426823657,77.25,4,21403.66992,3,0.039861126,11243,Highly_Fatal_And_Damaging
36.11872146,11,7,58.79671832,0.41816877,78.06,4,34804.22081,3,0.064538143,11075,Highly_Fatal_And_Damaging
18.53881279,16,7,62.07839562,0.425381176,81.18,4,26227.63774,3,0.048606633,4257,Highly_Fatal_And_Damaging
44.33789954,15,4,93.66453965,0.22920375,83.34,2,30619.78737,2,0.415749786,5394,Minor_Damage_And_Injuries
12.19178082,18,5,75.43299909,0.290509196,79.84,2,20313.47617,2,0.274727998,9998,Highly_Fatal_And_Damaging
45.20547945,15,1,83.91066545,0.231367472,78.02,2,34553.53351,1,0.468290903,7436,Minor_Damage_And_Injuries
83.65296804,7,1,64.17502279,0.273199423,77.55,7,33393.25319,4,0.003116459,9983,Significant_Damage_And_Fatalities
51.55251142,17,1,56.42661805,0.324768121,76.3,5,36324.943,3,0.024057487,8024,Significant_Damage_And_Fatalities
18.72146119,19,9,82.22424795,0.371648756,84.33,6,56224.44631,2,0.014474365,7320,Significant_Damage_And_Serious_Injuries
33.78995434,15,2,67.27438469,0.387516048,78.59,3,13375.35486,2,0.063996525,5815,Significant_Damage_And_Serious_Injuries
25.66210046,21,10,56.83682771,0.307818969,78.84,7,21723.65491,2,0.001922183,138,Highly_Fatal_And_Damaging
52.96803653,9,1,72.6071103,0.421774973,76.69,3,31688.28837,2,0.15796768,7645,Significant_Damage_And_Serious_Injuries
39.40639269,10,8,53.91978122,0.551598269,80.02,1,21865.11196,3,0.801636301,2564,Significant_Damage_And_Fatalities
13.74429224,17,5,70.73837739,0.324046881,77.92,3,31286.09685,3,0.155972033,4440,Highly_Fatal_And_Damaging
55.25114155,12,8,48.72379216,0.508684457,77.93,3,44516.62973,1,0.219711212,10352,Highly_Fatal_And_Damaging
66.57534247,5,14,48.13126709,0.625164803,79.75,3,42042.61793,2,0.209340193,5432,Significant_Damage_And_Serious_Injuries
38.44748858,17,3,70.14585232,0.370927515,80.96,5,31310.54672,2,0.021075799,11129,Minor_Damage_And_Injuries
15.66210046,17,3,60.16408387,0.281493689,85.9,6,16878.48431,2,0.004461879,12185,Highly_Fatal_And_Damaging
53.83561644,9,3,75.47857794,0.370927515,76.09,2,25019.92995,1,0.337996375,4789,Significant_Damage_And_Serious_Injuries
55.79908676,8,12,77.66636281,0.334865489,82.88,4,29115.93173,3,0.0536168,9514,Significant_Damage_And_Serious_Injuries
29.6347032,16,0,74.79489517,0.384631085,76.85,6,29135.86714,2,0.007092741,10532,Significant_Damage_And_Serious_Injuries
57.67123288,11,4,73.97447584,0.232809953,78.67,1,22336.4072,2,0.826575576,7793,Minor_Damage_And_Injuries
43.65296804,12,10,67.91248861,0.30926145,79.17,3,20822.30944,2,0.104738442,10804,Significant_Damage_And_Serious_Injuries
45.15981735,8,20,77.34731085,0.245792283,82.15,7,51867.84128,3,0.004696116,12124,Highly_Fatal_And_Damaging
22.19178082,15,4,71.0118505,0.334865489,81.26,1,13658.8165,2,0.518572471,9422,Highly_Fatal_And_Damaging
68.63013699,11,4,88.46855059,0.185208078,79.88,3,30107.34664,2,0.149678161,11459,Significant_Damage_And_Fatalities
59.40639269,11,16,76.93710119,0.428266138,78.18,2,29288.4481,1,0.393439914,4404,Minor_Damage_And_Injuries
55.79908676,15,5,80.35551504,0.246513523,79.23,7,5513.586528,3,0.001429418,9806,Significant_Damage_And_Fatalities
45.06849315,15,0,69.325433,0.298803462,83.74,2,37349.24946,3,0.503944599,10620,Minor_Damage_And_Injuries
62.19178082,6,1,73.01731996,0.352175261,79.79,4,34982.99273,2,0.064052972,94,Significant_Damage_And_Serious_Injuries
22.83105023,15,2,47.21969006,0.438724125,79.46,2,27716.34617,1,0.377819605,5799,Significant_Damage_And_Fatalities
41.68949772,13,2,73.97447584,0.414562568,81.02,3,19754.58124,3,0.098496104,7819,Significant_Damage_And_Serious_Injuries
37.30593607,14,7,79.21604376,0.224876307,78.08,6,34929.74042,2,0.008476701,9037,Significant_Damage_And_Serious_Injuries
39.45205479,13,21,69.4165907,0.462885683,79.07,3,44552.86883,4,0.219973374,7187,Significant_Damage_And_Serious_Injuries
53.78995434,9,2,80.674567,0.219827624,81.62,1,29328.14578,3,1.092579887,7343,Highly_Fatal_And_Damaging
29.31506849,16,5,74.33910665,0.232809953,76.16,3,35317.91194,3,0.175319533,8910,Significant_Damage_And_Serious_Injuries
35.38812785,18,1,66.18049225,0.430429859,82.31,2,41053.14487,1,0.556158162,1065,Minor_Damage_And_Injuries
31.50684932,16,5,58.11303555,0.330538045,79.72,6,20387.3562,4,0.005255821,7047,Significant_Damage_And_Serious_Injuries
47.12328767,11,7,61.39471285,0.330898666,82.14,5,39675.1875,2,0.025719249,5164,Significant_Damage_And_Serious_Injuries
48.44748858,14,3,48.08568824,0.441969708,77.69,2,27506.84893,3,0.372872915,10574,Highly_Fatal_And_Damaging
39.36073059,10,1,60.66545123,0.395089073,82.81,4,36221.85839,2,0.06668407,500,Highly_Fatal_And_Damaging
76.11872146,6,11,65.13217867,0.356142084,77.1,2,10487.6113,3,0.169198631,6200,Minor_Damage_And_Injuries
79.6803653,8,22,45.39653601,0.717844212,78.87,7,42042.61793,3,0.004052827,2899,Significant_Damage_And_Serious_Injuries
66.25570776,12,14,46.94621696,0.56602308,79.99,1,31864.08819,3,1.172214296,10367,Significant_Damage_And_Serious_Injuries
42.69406393,9,10,85.18687329,0.281854309,81.73,1,35115.52848,3,1.295201557,7961,Highly_Fatal_And_Damaging
19.543379,19,0,38.92433911,0.612543094,88.01,1,33952.91928,2,1.25816103,2392,Minor_Damage_And_Injuries
45.57077626,18,0,54.55788514,0.369485034,83.01,4,31450.5946,2,0.057707312,8474,Significant_Damage_And_Fatalities
33.74429224,18,6,54.19325433,0.592348359,79.2,3,31061.94666,4,0.154648326,12298,Minor_Damage_And_Injuries
22.73972603,15,2,54.46672744,0.357584565,81.32,4,27318.35843,3,0.050406015,6748,Significant_Damage_And_Fatalities
35.52511416,14,8,72.37921604,0.36371511,76.92,4,30163.10943,2,0.055629647,8813,Significant_Damage_And_Serious_Injuries
20.1826484,15,3,48.3135825,0.460000721,79.09,4,26548.89266,1,0.047663167,5976,Significant_Damage_And_Fatalities
48.99543379,14,3,58.47766636,0.387876668,82.99,2,37854.0579,2,0.512529006,11255,Minor_Damage_And_Injuries
52.55707763,13,2,82.1786691,0.26887198,79.54,2,32572.07315,2,0.440815075,9011,Minor_Damage_And_Injuries
33.60730594,18,12,56.70009116,0.605691309,81.66,5,38272.30046,2,0.025787673,2598,Highly_Fatal_And_Damaging
22.73972603,15,7,73.01731996,0.265987018,81.91,4,29660.96349,1,0.054865468,3693,Highly_Fatal_And_Damaging
49.45205479,14,14,67.31996354,0.192059863,88.11,7,34480.6632,2,0.003325821,4973,Minor_Damage_And_Injuries
61.87214612,13,13,69.5077484,0.246874144,77.27,7,27295.81652,3,0.002483776,1743,Significant_Damage_And_Fatalities
16.52968037,16,4,59.16134913,0.382827984,78.72,1,35522.81412,4,1.307928612,10096,Highly_Fatal_And_Damaging
39.543379,9,2,52.64357338,0.456033898,77.48,4,30820.20887,4,0.05632954,9312,Significant_Damage_And_Fatalities
50.1369863,13,12,69.59890611,0.303852146,79.62,4,36389.91282,1,0.066766997,4424,Minor_Damage_And_Injuries
39.543379,9,1,38.33181404,0.671324198,88.18,4,22647.2609,1,0.041271889,10668,Significant_Damage_And_Fatalities
63.65296804,9,12,67.7301732,0.374533718,80.13,5,36375.7755,2,0.024227215,6902,Minor_Damage_And_Injuries
23.47031963,14,6,53.50957156,0.264544537,76.93,1,18799.48957,2,0.691708669,7880,Significant_Damage_And_Fatalities
24.84018265,14,21,62.03281677,0.527797331,76.07,4,21212.0283,3,0.038347765,8992,Highly_Fatal_And_Damaging
61.78082192,13,13,64.4484959,0.320801298,79.17,7,16545.07182,3,0.00135807,11785,Significant_Damage_And_Fatalities
32.37442922,15,6,63.26344576,0.448460873,76.56,6,24411.82913,2,0.005929593,8068,Significant_Damage_And_Serious_Injuries
64.42922374,13,10,60.16408387,0.542582762,77.61,7,35509.22852,2,0.003214794,6108,Significant_Damage_And_Fatalities
57.12328767,8,10,77.43846855,0.414201947,78.05,3,31378.04283,2,0.155473833,259,Significant_Damage_And_Serious_Injuries
40.63926941,13,8,65.90701914,0.30998269,78.29,2,23123.37793,0,0.309756513,2464,Significant_Damage_And_Serious_Injuries
53.74429224,16,4,53.69188696,0.551598269,83.94,4,30195.73922,1,0.055658724,8488,Significant_Damage_And_Fatalities
16.48401826,16,1,82.1786691,0.144818608,82.97,4,45084.69164,3,0.081120093,6937,Highly_Fatal_And_Damaging
33.51598174,18,12,56.70009116,0.605691309,82.69,3,52378.41562,3,0.257153814,4437,Highly_Fatal_And_Damaging
32.73972603,12,16,73.10847767,0.290148576,79.63,1,43611.81624,0,1.629170565,12008,Highly_Fatal_And_Damaging
54.10958904,12,1,59.16134913,0.355060224,83.12,2,41368.5261,3,0.558462255,747,Minor_Damage_And_Injuries
66.57534247,5,4,58.20419325,0.307458348,80.71,3,20292.70582,1,0.10150267,6926,Significant_Damage_And_Serious_Injuries
56.52968037,12,0,39.83591613,0.486326001,77.25,2,49762.79706,1,0.674011436,6465,Highly_Fatal_And_Damaging
33.74429224,15,16,70.14585232,0.299885323,81.85,6,28793.16869,3,0.007330248,4396,Significant_Damage_And_Serious_Injuries
37.07762557,14,16,77.93983592,0.298082221,82.75,6,22637.52467,1,0.005761944,5012,Significant_Damage_And_Serious_Injuries
28.72146119,20,5,56.5633546,0.351093401,88.39,4,18640.07253,2,0.03389422,4412,Highly_Fatal_And_Damaging
43.65296804,15,7,49.81768459,0.408432023,77.75,4,14515.79515,2,0.026105531,5897,Highly_Fatal_And_Damaging
31.14155251,12,5,85.59708295,0.29663974,83.01,1,27037.41641,4,1.006584369,43,Highly_Fatal_And_Damaging
28.90410959,13,6,50.68368277,0.481277317,77.74,4,36010.89648,3,0.066531454,5574,Significant_Damage_And_Fatalities
64.24657534,6,4,64.6308113,0.356863325,78.28,3,33773.40314,3,0.167541354,3999,Significant_Damage_And_Serious_Injuries
40.63926941,9,6,54.05651778,0.551958889,75.9,4,37524.25422,2,0.068229449,7787,Significant_Damage_And_Fatalities
33.69863014,15,6,69.55332726,0.30926145,77.52,3,16902.3487,1,0.084151839,2084,Significant_Damage_And_Serious_Injuries
22.05479452,15,19,79.94530538,0.268150739,78.92,4,20146.91725,2,0.036900366,3223,Highly_Fatal_And_Damaging
38.17351598,17,0,71.69553327,0.367681933,80.14,5,37047.55116,2,0.025219565,471,Minor_Damage_And_Injuries
30.4109589,12,6,74.93163172,0.227400649,77.29,6,30077.41619,2,0.007077648,12395,Highly_Fatal_And_Damaging
51.41552511,9,16,64.08386509,0.44521529,84.19,6,30147.90544,3,0.007158239,9982,Significant_Damage_And_Serious_Injuries
42.51141553,12,4,76.07110301,0.293033538,83.38,6,34032.096,1,0.009142216,8501,Significant_Damage_And_Serious_Injuries
0,21,14,63.90154968,0.3226044,88.11,3,24144.01153,2,0.119252737,12038,Highly_Fatal_And_Damaging
38.44748858,17,23,52.82588879,0.247956004,83.43,7,24506.96974,1,0.002307668,6626,Highly_Fatal_And_Damaging
35.29680365,14,2,64.99544211,0.507963217,80.9,3,25272.12489,0,0.125490502,5009,Significant_Damage_And_Serious_Injuries
53.78995434,12,10,56.79124886,0.279690588,77.3,1,21723.65491,3,0.790553606,10516,Highly_Fatal_And_Damaging
57.16894977,15,2,74.79489517,0.224876307,80.45,7,16008.61327,3,0.000763559,312,Significant_Damage_And_Fatalities
34.01826484,11,1,50.86599818,0.481277317,77.67,4,32749.97793,0,0.060223054,4581,Significant_Damage_And_Fatalities
51.78082192,9,11,61.62260711,0.371288136,82.52,3,32509.93126,1,0.161857417,933,Significant_Damage_And_Serious_Injuries
47.12328767,11,7,69.91795807,0.316834475,79.86,6,19100.87039,3,0.004920492,9406,Significant_Damage_And_Serious_Injuries
35.43378995,17,8,50.82041933,0.438002885,77.62,5,49350.33362,1,0.033080119,12316,Highly_Fatal_And_Damaging
36.21004566,14,3,51.09389243,0.37741868,79.97,2,36091.55277,1,0.494990147,7440,Minor_Damage_And_Injuries
43.33333333,12,1,90.15496809,0.298803462,83.82,5,48141.34855,1,0.033163543,9458,Significant_Damage_And_Serious_Injuries
50.4109589,13,1,72.01458523,0.334865489,84.96,2,20228.12287,1,0.277637543,7680,Minor_Damage_And_Injuries
38.08219178,13,13,70.10027347,0.354699603,81.37,3,18673.7669,2,0.089813358,5959,Significant_Damage_And_Serious_Injuries
29.22374429,13,11,66.90975387,0.355420844,81.72,1,27087.62336,2,1.000881409,8445,Highly_Fatal_And_Damaging
42.00913242,16,13,81.03919781,0.234252434,78.76,2,22102.03854,3,0.292872789,12475,Minor_Damage_And_Injuries
77.30593607,4,1,39.88149499,0.502914533,78.37,7,32364.35222,3,0.003045071,8245,Significant_Damage_And_Serious_Injuries
32.23744292,12,4,66.2260711,0.463967544,81.76,4,27511.84047,3,0.050222997,7357,Highly_Fatal_And_Damaging
52.92237443,9,0,80.44667274,0.262380815,81.04,3,29216.41599,1,0.14544715,1438,Significant_Damage_And_Serious_Injuries
56.89497717,8,10,68.41385597,0.397974035,79.89,3,37489.81256,0,0.186096296,5150,Significant_Damage_And_Serious_Injuries
68.31050228,8,12,45.44211486,0.584054093,78.61,4,19721.15734,3,0.035617203,6871,Minor_Damage_And_Injuries
27.67123288,13,1,55.60619872,0.479113595,78.31,4,27139.30343,2,0.049709403,345,Highly_Fatal_And_Damaging
23.01369863,15,15,73.65542388,0.388958529,89.19,6,48169.64106,2,0.011215686,9331,Highly_Fatal_And_Damaging
27.76255708,16,3,49.86326345,0.360469528,81.72,2,36091.55277,1,0.488446052,1395,Minor_Damage_And_Injuries
34.24657534,15,5,37.83044667,0.605691309,84.51,4,30889.14569,2,0.05793462,12451,Minor_Damage_And_Injuries
31.14155251,12,8,57.52051048,0.478392355,77.83,2,47090.25698,1,0.633815557,7422,Highly_Fatal_And_Damaging
67.53424658,12,8,80.03646308,0.34965092,78.47,1,34183.3512,3,1.24852839,6191,Significant_Damage_And_Fatalities
68.21917808,8,2,56.70009116,0.469376848,83.58,7,27551.10353,2,0.002246824,9628,Significant_Damage_And_Serious_Injuries
65.43378995,12,1,51.27620784,0.598118283,80.17,7,42768.50948,0,0.004244527,1930,Significant_Damage_And_Serious_Injuries
37.57990868,14,6,72.4247949,0.294836639,79.99,1,28770.87501,3,1.058850069,12175,Significant_Damage_And_Serious_Injuries
4.931506849,20,2,59.38924339,0.267429499,87.11,1,21997.4295,0,0.815688882,7825,Highly_Fatal_And_Damaging
25.25114155,17,9,66.63628077,0.366239452,80.67,3,22804.75449,3,0.112754073,385,Significant_Damage_And_Serious_Injuries
29.08675799,16,3,82.22424795,0.287624234,82.59,2,36366.15301,1,0.488682348,1014,Significant_Damage_And_Serious_Injuries
32.42009132,12,8,54.28441203,0.590905878,76.99,4,31988.19599,0,0.058339823,1319,Significant_Damage_And_Fatalities
17.07762557,16,6,75.25068368,0.330538045,76.77,3,34283.77462,1,0.171426427,7461,Highly_Fatal_And_Damaging
33.97260274,11,4,69.55332726,0.324046881,77.2,4,32150.91088,2,0.059249695,455,Highly_Fatal_And_Damaging
27.57990868,17,0,61.2579763,0.47117995,80.76,6,30323.3418,2,0.007365801,3953,Significant_Damage_And_Serious_Injuries
46.02739726,8,8,67.41112124,0.31034331,83.51,3,33784.95372,3,0.168140869,6008,Highly_Fatal_And_Damaging
56.43835616,11,0,55.97082954,0.456394519,83.31,2,20574.54872,1,0.278446238,1492,Highly_Fatal_And_Damaging
20.456621,15,8,63.94712853,0.199632889,81.86,1,20584.32399,2,0.754724921,6194,Highly_Fatal_And_Damaging
58.08219178,11,5,68.91522334,0.199632889,81.69,2,30479.98025,2,0.408795984,1762,Minor_Damage_And_Injuries
57.89954338,11,1,74.88605287,0.334504868,88.47,1,24312.57633,0,0.905184704,1029,Minor_Damage_And_Injuries
44.79452055,8,6,52.59799453,0.392564731,77.91,4,37446.25097,1,0.068479774,1042,Significant_Damage_And_Fatalities
35.15981735,11,2,79.21604376,0.317555716,74.86,7,48882.99695,4,0.004696116,971,Highly_Fatal_And_Damaging
53.78995434,5,5,63.35460346,0.301688424,81.3,4,36722.33357,3,0.067382659,10831,Highly_Fatal_And_Damaging
82.23744292,7,3,73.38195077,0.295197259,84.62,3,38792.57767,2,0.19273268,7799,Significant_Damage_And_Fatalities