Safety_Score,Days_Since_Inspection,Total_Safety_Complaints,Control_Metric,Turbulence_In_gforces,Cabin_Temperature,Accident_Type_Code,Max_Elevation,Violations,Adverse_Weather_Metric,Accident_ID,Severity
46.66666667,15,4,57.06472197,0.308900829,77.69,2,29894.42595,2,0.406933962,10462,Highly_Fatal_And_Damaging
28.53881279,13,0,48.81494986,0.438002885,81.78,3,40797.96021,3,0.204090221,8802,Significant_Damage_And_Fatalities
44.70319635,8,0,62.57976299,0.409513884,77.3,1,8335.480494,3,0.306645191,5939,Highly_Fatal_And_Damaging
60.54794521,14,3,70.41932543,0.368042553,76.19,7,36343.41649,2,0.003173757,143,Significant_Damage_And_Fatalities
36.02739726,14,25,72.698268,0.233531194,82.46,3,35684.88277,1,0.176919346,9379,Significant_Damage_And_Serious_Injuries
15.89041096,17,0,51.91431176,0.493538406,79.81,1,13860.57832,2,0.518572471,8400,Significant_Damage_And_Fatalities
56.89497717,8,21,60.61987238,0.371648756,90.65,2,39765.51486,1,0.537374916,1248,Significant_Damage_And_Serious_Injuries
66.57534247,8,1,72.65268915,0.467213127,84.4,7,41870.02622,3,0.004000459,9908,Minor_Damage_And_Injuries
31.73515982,23,17,70.00911577,0.198190408,80.54,7,47182.81461,2,0.003878869,4017,Significant_Damage_And_Fatalities
62.51141553,13,22,45.89790337,0.804753696,76.81,7,42042.61793,4,0.003784553,4200,Significant_Damage_And_Serious_Injuries
40.77625571,13,2,82.1786691,0.176553191,80.53,6,14519.24189,3,0.00309339,9074,Significant_Damage_And_Serious_Injuries
64.65753425,13,19,72.65268915,0.388958529,80.35,1,21079.16911,2,0.773383505,8696,Significant_Damage_And_Fatalities
54.06392694,9,1,59.02461258,0.345323476,79.55,3,22475.12587,2,0.112198794,11862,Highly_Fatal_And_Damaging
77.76255708,8,1,49.22515953,0.541140281,87.34,4,37436.73221,4,0.067978271,7912,Significant_Damage_And_Serious_Injuries
63.19634703,13,16,64.4484959,0.339192932,79.89,7,27787.34644,3,0.002414052,8597,Significant_Damage_And_Fatalities
61.55251142,10,2,52.41567912,0.47226181,78.28,7,30305.51648,1,0.002886358,12274,Significant_Damage_And_Serious_Injuries
47.80821918,14,1,48.90610757,0.556286332,77.92,2,38375.43748,3,0.51935507,8340,Highly_Fatal_And_Damaging
48.72146119,11,1,84.54876937,0.20143599,82.45,3,39961.82076,1,0.19895819,5036,Significant_Damage_And_Serious_Injuries
55.11415525,12,2,78.76025524,0.335586729,83.6,2,25265.93655,3,0.343286521,2725,Minor_Damage_And_Injuries
6.347031963,19,6,74.15679125,0.221270105,77.79,4,26198.21584,2,0.048461958,11600,Highly_Fatal_And_Damaging
43.01369863,12,0,57.61166819,0.468655608,83.45,6,20265.04262,3,0.005030199,2244,Significant_Damage_And_Serious_Injuries
37.12328767,11,0,73.70100273,0.291591057,78.7,6,21036.14873,3,0.005695697,3506,Highly_Fatal_And_Damaging
61.32420091,10,1,61.2579763,0.395449693,80.72,4,31639.1855,3,0.05719701,3804,Minor_Damage_And_Injuries
29.36073059,13,13,78.30446673,0.243989181,84.32,1,32806.28957,1,1.211024263,11527,Highly_Fatal_And_Damaging
60.0913242,10,7,81.35824977,0.365157591,81.78,2,29150.1822,3,0.394504816,11325,Minor_Damage_And_Injuries
27.26027397,13,9,86.9644485,0.21441832,80.27,2,33570.29637,3,0.453246293,10007,Highly_Fatal_And_Damaging
51.05022831,13,10,0,0.60641255,78.39,2,23758.61155,2,0.321668685,2085,Highly_Fatal_And_Damaging
19.6803653,15,3,54.55788514,0.335226109,74.82,2,61815.49829,0,0.836581797,7628,Highly_Fatal_And_Damaging
54.52054795,8,5,73.29079307,0.244349802,79.31,1,24609.03355,3,0.887893342,10661,Significant_Damage_And_Serious_Injuries
64.01826484,13,2,53.46399271,0.392564731,77.08,7,42110.17765,4,0.004168662,12370,Significant_Damage_And_Serious_Injuries
32.87671233,15,4,95.48769371,0.172946989,83.7,6,14287.47546,2,0.003031892,7249,Significant_Damage_And_Serious_Injuries
30.91324201,12,3,74.61257976,0.20143599,76.42,1,30726.56447,3,1.136947655,6635,Highly_Fatal_And_Damaging
22.28310502,15,7,70.78395624,0.379582402,78.52,4,39792.62264,4,0.073235561,2231,Highly_Fatal_And_Damaging
34.47488584,14,17,75.29626253,0.3226044,82.75,6,41468.3975,2,0.009724337,7039,Significant_Damage_And_Serious_Injuries
32.14611872,12,1,48.3135825,0.511569419,77.16,4,29502.76342,1,0.052845134,11716,Significant_Damage_And_Fatalities
31.82648402,12,2,80.35551504,0.22920375,79.83,1,31922.10032,2,1.172214296,10274,Highly_Fatal_And_Damaging
36.25570776,11,10,53.87420237,0.416365669,80.44,4,31239.85379,3,0.058028836,4201,Significant_Damage_And_Fatalities
69.543379,8,2,70.46490428,0.330538045,76.27,2,44265.54378,0,0.597413022,4051,Minor_Damage_And_Injuries
41.32420091,13,6,62.26071103,0.437281644,77.1,6,20637.7837,2,0.005269257,10099,Significant_Damage_And_Serious_Injuries
55.84474886,5,7,67.95806746,0.399055896,80.35,1,23295.84061,2,0.859867418,2425,Highly_Fatal_And_Damaging
27.48858447,13,0,67.09206928,0.587299675,80.71,1,38032.81389,1,1.39011858,8662,Highly_Fatal_And_Damaging
22.32876712,15,4,45.16864175,0.478392355,81.45,6,12866.61005,1,0.003556877,11802,Significant_Damage_And_Fatalities
29.49771689,16,2,49.13400182,0.4311511,81.39,1,32337.3177,1,1.189738509,3939,Minor_Damage_And_Injuries
23.65296804,18,7,80.44667274,0.346765957,81.23,6,19201.50213,1,0.004278344,2856,Significant_Damage_And_Serious_Injuries
39.7260274,16,7,53.00820419,0.311064551,80.14,2,32008.21936,2,0.431251475,9438,Highly_Fatal_And_Damaging
68.99543379,11,1,56.60893345,0.231728092,81.26,3,21723.65491,4,0.107908405,6100,Highly_Fatal_And_Damaging
44.52054795,8,3,52.91704649,0.410235124,77.36,2,29202.56773,3,0.395213777,8521,Significant_Damage_And_Fatalities
17.44292237,16,4,69.55332726,0.247234764,85.77,3,11940.76848,2,0.059449586,7193,Highly_Fatal_And_Damaging
25.29680365,14,3,76.80036463,0.229564371,80.64,3,33358.8046,1,0.166023869,5208,Highly_Fatal_And_Damaging
15.47945205,17,4,67.50227894,0.231367472,76.63,4,46674.08695,1,0.08458346,11656,Highly_Fatal_And_Damaging
31.87214612,15,6,63.21786691,0.448460873,76.22,6,31721.44615,1,0.008100385,3267,Significant_Damage_And_Serious_Injuries
44.42922374,12,20,51.77757521,0.510848179,77.9,6,47882.56666,2,0.011494352,7521,Minor_Damage_And_Injuries
56.66666667,11,1,55.97082954,0.335226109,85.61,5,49270.67061,3,0.032437386,11871,Highly_Fatal_And_Damaging
72.96803653,7,0,60.84776664,0.461082582,81.26,3,33640.83004,2,0.167165431,8690,Minor_Damage_And_Injuries
72.00913242,10,7,75.7976299,0.287263613,84.92,7,34239.84979,3,0.003214794,6437,Significant_Damage_And_Fatalities
47.89954338,11,9,79.89972653,0.29555788,80.55,3,24906.04024,2,0.12433665,3038,Significant_Damage_And_Serious_Injuries
49.5890411,10,8,55.24156791,0.264905157,83.6,7,37713.77228,2,0.003578425,3653,Minor_Damage_And_Injuries
52.73972603,13,3,48.3135825,0.414923188,78.15,7,33950.88275,3,0.003185578,11345,Minor_Damage_And_Injuries
55.02283105,16,34,64.81312671,0.551598269,78.85,6,10313.8778,3,0.002792542,9942,Significant_Damage_And_Fatalities
11.82648402,18,9,47.76663628,0.510126938,78.9,4,28451.0147,2,0.052136115,4297,Significant_Damage_And_Fatalities
40.63926941,9,13,74.2935278,0.338832312,79.37,4,37862.91999,0,0.069784362,7001,Highly_Fatal_And_Damaging
79.40639269,8,0,70.00911577,0.481637937,78.91,7,22921.07733,1,0.002236211,5138,Significant_Damage_And_Fatalities
45.98173516,15,3,63.35460346,0.594151461,83.32,7,25648.66761,2,0.0023283,8267,Minor_Damage_And_Injuries
51.18721461,10,0,62.26071103,0.52527299,83.76,3,24973.68369,3,0.12462921,5407,Significant_Damage_And_Serious_Injuries
46.43835616,11,13,38.78760255,0.635622791,78.9,3,22727.32152,2,0.113705263,2500,Minor_Damage_And_Injuries
40.82191781,9,2,68.73290793,0.250840966,81.53,1,38968.23652,2,1.445692578,11430,Highly_Fatal_And_Damaging
25.57077626,14,2,51.04831358,0.628410386,78.99,4,24188.39484,1,0.044483766,12283,Significant_Damage_And_Fatalities
80.95890411,8,12,87.2379216,0.264544537,76.87,7,19262.18401,3,0.001654836,5844,Significant_Damage_And_Fatalities
59.04109589,11,2,69.37101185,0.294476019,80.44,2,48088.20172,0,0.65080304,7938,Minor_Damage_And_Injuries
28.21917808,13,0,64.99544211,0.422856834,79.51,7,46371.52752,2,0.003837084,5060,Highly_Fatal_And_Damaging
22.96803653,15,0,66.54512306,0.306737108,78.36,4,30605.43215,2,0.0560106,10475,Highly_Fatal_And_Damaging
72.46575342,9,2,48.90610757,0.662308691,82.86,5,25644.46842,2,0.017351912,8151,Significant_Damage_And_Serious_Injuries
55.66210046,12,21,55.51504102,0.568186801,83.71,2,20204.64898,0,0.273440189,10459,Highly_Fatal_And_Damaging
65.43378995,12,12,77.75752051,0.308179589,76.56,2,32690.62577,1,0.442575446,6880,Minor_Damage_And_Injuries
33.74429224,18,10,62.26071103,0.375254959,84.29,1,43422.95232,1,1.605982308,1829,Minor_Damage_And_Injuries
33.69863014,15,7,66.0437557,0.354699603,78.75,3,40491.88624,1,0.202363111,2573,Significant_Damage_And_Serious_Injuries
28.67579909,16,11,52.46125798,0.32368626,81.39,1,30063.40507,2,1.107264599,6585,Minor_Damage_And_Injuries
30.73059361,19,2,59.38924339,0.427184277,79.66,1,32337.3177,1,1.189623436,12056,Minor_Damage_And_Injuries
52.37442922,9,19,82.08751139,0.462885683,78.52,3,32746.15549,1,0.163526333,6903,Significant_Damage_And_Serious_Injuries
51.27853881,10,9,71.19416591,0.424299315,77.7,3,37477.50746,2,0.185836722,8930,Significant_Damage_And_Serious_Injuries
52.92237443,9,5,54.74020055,0.500390191,78.34,6,39274.13673,2,0.00967149,10708,Minor_Damage_And_Injuries
60.0913242,10,5,66.54512306,0.410956365,77.02,4,31387.73033,2,0.057508197,1643,Minor_Damage_And_Injuries
20.2739726,15,5,60.71103008,0.360830148,88.04,4,31864.78987,2,0.0592112,7502,Highly_Fatal_And_Damaging
47.99086758,11,0,73.01731996,0.223433826,83.34,3,35121.55445,3,0.174153414,11510,Significant_Damage_And_Serious_Injuries
27.12328767,17,3,56.92798541,0.356142084,84.82,6,24122.30663,1,0.006234471,7088,Minor_Damage_And_Injuries
91.23287671,6,3,55.05925251,0.508684457,78.25,7,31318.3161,1,0.00266818,9754,Significant_Damage_And_Serious_Injuries
45.43378995,11,3,59.48040109,0.514093761,78.37,2,28436.74142,0,0.384621351,5695,Significant_Damage_And_Serious_Injuries
40.68493151,16,9,55.60619872,0.433314821,79.6,7,29538.27364,2,0.002775954,1487,Highly_Fatal_And_Damaging
12.96803653,17,6,59.29808569,0.338111071,83.9,3,24897.44116,0,0.124435001,2884,Highly_Fatal_And_Damaging
27.85388128,17,6,76.57247037,0.233531194,83.94,7,32213.696,3,0.003115493,2350,Significant_Damage_And_Serious_Injuries
47.89954338,14,29,70.8295351,0.339914172,75.99,2,30684.67256,2,0.415271885,9009,Minor_Damage_And_Injuries
63.65296804,10,1,63.58249772,0.482359178,78.31,2,38165.42072,1,0.516512802,2898,Minor_Damage_And_Injuries
35.43378995,11,6,63.35460346,0.321161918,75.95,4,35490.47604,2,0.065277033,6295,Highly_Fatal_And_Damaging
45.20547945,15,3,72.24247949,0.268150739,78.31,2,30465.08999,1,0.41326708,278,Minor_Damage_And_Injuries
24.93150685,18,6,65.04102097,0.439084746,79.09,6,27487.6888,3,0.006916604,1996,Significant_Damage_And_Serious_Injuries
20.95890411,19,20,73.97447584,0.334865489,78.12,3,33896.02326,3,0.16789319,6112,Significant_Damage_And_Serious_Injuries
49.45205479,17,5,70.00911577,0.341717274,83.08,5,11025.73474,3,0.003755497,12122,Significant_Damage_And_Fatalities
73.33333333,7,6,80.40109389,0.243628561,75.76,2,48352.0148,4,0.653014214,7202,Minor_Damage_And_Injuries
29.40639269,16,19,84.86782133,0.421053732,76.18,6,29311.57258,3,0.007052301,4165,Significant_Damage_And_Serious_Injuries
63.69863014,6,4,75.38742024,0.238940498,86.32,3,36736.29014,3,0.183405433,4681,Significant_Damage_And_Serious_Injuries
31.59817352,15,8,72.74384686,0.186650559,76.9,3,40239.88026,3,0.202521399,12385,Significant_Damage_And_Serious_Injuries
34.42922374,15,1,68.32269827,0.258774612,76.93,3,29763.18416,2,0.147969485,3279,Significant_Damage_And_Serious_Injuries
48.31050228,10,5,57.47493163,0.392925352,79.56,1,37933.399,0,1.399149032,7604,Significant_Damage_And_Serious_Injuries
52.87671233,13,1,67.77575205,0.251922827,82.59,7,37772.6897,1,0.003539786,2345,Minor_Damage_And_Injuries
29.17808219,13,4,79.53509572,0.294836639,77.26,1,36048.48236,2,1.325258967,11170,Highly_Fatal_And_Damaging
48.40182648,11,2,48.26800365,0.428987378,86.36,3,42615.83892,4,0.211728167,3785,Minor_Damage_And_Injuries
36.66666667,10,11,83.40929809,0.289427335,78.2,4,35048.02659,2,0.06372333,8582,Highly_Fatal_And_Damaging
48.72146119,17,3,66.18049225,0.376336819,79.81,7,20106.73039,3,0.00189627,7134,Significant_Damage_And_Fatalities
19.04109589,16,4,73.24521422,0.238940498,78.7,1,27823.45615,1,1.016072216,2839,Highly_Fatal_And_Damaging
32.73972603,19,7,51.09389243,0.630213487,81.66,5,48338.77861,2,0.033080119,3234,Highly_Fatal_And_Damaging
47.48858447,11,13,43.5278031,0.48560476,79.89,6,40442.72815,3,0.010108419,2903,Minor_Damage_And_Injuries
45.29680365,15,1,72.83500456,0.274281284,78.8,6,23536.9009,2,0.006077408,1391,Minor_Damage_And_Injuries
56.02739726,12,2,88.60528715,0.289066715,76.18,5,24842.6499,2,0.016468912,12489,Minor_Damage_And_Injuries
16.34703196,16,0,72.24247949,0.398695276,76.85,1,34544.14446,2,1.276659279,53,Highly_Fatal_And_Damaging
42.87671233,12,14,58.52324521,0.416005049,82.13,6,26640.10908,2,0.006459519,8357,Significant_Damage_And_Serious_Injuries
39.36073059,17,0,76.57247037,0.335226109,78.83,2,22106.59646,2,0.300113617,12393,Minor_Damage_And_Injuries
41.36986301,9,20,39.88149499,0.735153985,79.88,4,22065.88317,3,0.040877066,12123,Significant_Damage_And_Fatalities
28.49315068,16,9,79.21604376,0.26851136,79.3,6,30586.40724,3,0.007161153,3594,Significant_Damage_And_Serious_Injuries
22.28310502,15,12,59.70829535,0.556646953,79.06,1,35966.24702,2,1.342193249,7671,Highly_Fatal_And_Damaging
28.90410959,13,3,41.24886053,0.757151821,78.51,3,51535.36625,1,0.252486007,9575,Significant_Damage_And_Fatalities
23.15068493,14,9,74.97721057,0.326571223,81.48,1,13658.8165,2,0.518572471,7694,Highly_Fatal_And_Damaging
55.02283105,12,1,73.42752963,0.356142084,78.02,5,40674.11266,1,0.027316802,10977,Minor_Damage_And_Injuries
41.64383562,9,1,58.52324521,0.333423008,81.97,7,39848.68931,2,0.003380565,9541,Highly_Fatal_And_Damaging
37.30593607,14,7,66.63628077,0.372730617,80.26,3,31993.45889,2,0.159286052,376,Significant_Damage_And_Serious_Injuries
52.73972603,13,2,68.14038286,0.261659574,82.43,5,38087.84413,2,0.026380929,5301,Minor_Damage_And_Injuries
21.18721461,15,2,59.89061076,0.424299315,82.45,1,33771.09479,1,1.246314392,7528,Highly_Fatal_And_Damaging
45.06849315,11,6,75.84320875,0.37669744,78.09,3,21154.85773,3,0.106394034,4318,Significant_Damage_And_Serious_Injuries
41.00456621,13,21,69.4165907,0.3226044,77.11,3,32990.91494,2,0.163199734,1700,Significant_Damage_And_Serious_Injuries
12.96803653,17,0,53.73746582,0.273199423,80.74,3,26026.02897,1,0.128896402,9652,Highly_Fatal_And_Damaging
65.43378995,12,7,85.27803099,0.325489362,79.63,5,18965.28295,2,0.013031361,3757,Minor_Damage_And_Injuries
68.40182648,8,3,56.19872379,0.546910206,79.21,2,35004.05412,1,0.473371437,724,Highly_Fatal_And_Damaging
13.37899543,17,14,71.37648131,0.419611251,79.63,4,15175.13199,2,0.026315847,463,Highly_Fatal_And_Damaging
65.98173516,9,15,65.22333637,0.254807789,77.64,2,26020.76342,1,0.352349973,6087,Minor_Damage_And_Injuries
37.39726027,14,9,56.92798541,0.467213127,82.3,6,29640.20943,1,0.007366924,5770,Minor_Damage_And_Injuries
42.10045662,12,2,69.14311759,0.380303642,81.23,3,35291.79789,1,0.175624748,11135,Significant_Damage_And_Serious_Injuries
45.06849315,11,6,73.38195077,0.238579877,81.1,3,36882.33191,2,0.183405433,4833,Significant_Damage_And_Serious_Injuries
31.18721461,15,7,54.6946217,0.371648756,77.99,3,36305.793,1,0.181817782,4510,Minor_Damage_And_Injuries
20.0913242,15,10,49.08842297,0.590545258,82.2,4,34985.72171,2,0.063932188,7973,Significant_Damage_And_Fatalities
30.86757991,19,6,47.03737466,0.675291021,80.65,2,26816.75198,2,0.3585355,1856,Minor_Damage_And_Injuries
51.68949772,9,4,71.37648131,0.3226044,80.03,6,52189.53654,3,0.01279394,6790,Significant_Damage_And_Serious_Injuries
13.78995434,17,3,65.17775752,0.457115759,79.71,4,28036.27509,0,0.051566363,86,Highly_Fatal_And_Damaging
49.17808219,7,0,79.89972653,0.134,78.64,4,22331.87513,1,0.040877066,10742,Highly_Fatal_And_Damaging
21.23287671,15,4,69.05195989,0.325849982,79.48,4,50517.11991,3,0.094957321,283,Highly_Fatal_And_Damaging
100,4,0,63.90154968,0.245431662,80.44,7,36722.33357,4,0.003168519,3261,Significant_Damage_And_Fatalities
61.41552511,10,1,82.90793072,0.256610891,80.55,3,45302.30371,1,0.225236461,7674,Minor_Damage_And_Injuries
30.77625571,16,3,70.46490428,0.341356653,82.73,6,24242.43199,2,0.006319492,7547,Significant_Damage_And_Serious_Injuries
34.79452055,14,0,72.56153145,0.312146412,78.03,3,28770.87501,1,0.143241752,7017,Significant_Damage_And_Serious_Injuries
18.72146119,19,3,59.11577028,0.47117995,78.25,4,44292.00726,3,0.082415748,7657,Significant_Damage_And_Serious_Injuries
16.98630137,20,15,65.99817685,0.380303642,76.79,1,42504.44224,3,1.575609222,6384,Significant_Damage_And_Serious_Injuries
44.93150685,15,0,80.85688241,0.358305806,80.14,4,38973.16475,2,0.071570765,8373,Minor_Damage_And_Injuries
30.50228311,12,0,68.64175023,0.413480707,81.07,4,40657.7634,2,0.073650921,9738,Highly_Fatal_And_Damaging
23.42465753,14,0,80.08204193,0.220188244,75.68,2,32539.8451,1,0.440110495,2637,Highly_Fatal_And_Damaging
64.56621005,9,2,70.00911577,0.381746123,75.58,2,28473.78615,2,0.384849445,6498,Minor_Damage_And_Injuries
50.0456621,10,2,68.50501367,0.416005049,83.81,5,37002.51928,4,0.025110149,4268,Significant_Damage_And_Serious_Injuries
21.64383562,15,13,81.26709207,0.20107537,79.66,4,28994.83338,2,0.053163562,3283,Highly_Fatal_And_Damaging
40.0913242,16,4,59.89061076,0.381746123,83.22,2,49106.35596,3,0.653900333,33,Minor_Damage_And_Injuries
43.83561644,12,2,64.81312671,0.389679769,87.34,6,36468.42922,3,0.00892827,2788,Significant_Damage_And_Serious_Injuries
30.1826484,12,0,51.18505014,0.640671475,83.58,4,33673.57878,1,0.061124831,4080,Significant_Damage_And_Fatalities
30.77625571,16,18,67.22880583,0.409513884,83.64,3,27506.19665,2,0.136897974,4387,Significant_Damage_And_Serious_Injuries
40.3652968,13,9,54.9680948,0.303491525,77.92,3,36219.52131,2,0.179167189,9440,Minor_Damage_And_Injuries
52.92237443,9,5,69.14311759,0.396892175,79.45,3,32266.13623,2,0.159982938,6305,Significant_Damage_And_Serious_Injuries
50.77625571,13,8,45.89790337,0.657981248,83.44,4,35387.67007,3,0.064814779,12230,Highly_Fatal_And_Damaging
54.01826484,12,8,61.94165907,0.391482871,79.17,2,26040.29909,2,0.351388022,1317,Minor_Damage_And_Injuries
40.73059361,13,6,79.03372835,0.232088713,78.68,7,43717.2844,1,0.004016103,5881,Significant_Damage_And_Serious_Injuries
44.47488584,8,14,71.19416591,0.346765957,79.62,1,21782.81755,3,0.790553606,12213,Highly_Fatal_And_Damaging
44.84018265,8,2,88.24065634,0.17475009,81.82,1,26663.96084,3,0.987286045,1171,Highly_Fatal_And_Damaging
32.19178082,12,0,85.59708295,0.263823296,79.31,2,42885.39068,0,0.576831072,2563,Highly_Fatal_And_Damaging
16.16438356,17,12,84.27529626,0.218745763,79.88,2,41380.20066,2,0.559006908,8466,Highly_Fatal_And_Damaging
35.02283105,11,1,59.16134913,0.39076163,84.72,4,31228.50932,2,0.057752499,2058,Highly_Fatal_And_Damaging
49.6803653,7,1,78.94257065,0.207205914,78.86,4,41910.80988,3,0.075816075,10443,Highly_Fatal_And_Damaging
54.29223744,16,24,56.97356427,0.438002885,81.43,3,39759.02,2,0.196540558,4244,Significant_Damage_And_Serious_Injuries
44.33789954,8,19,57.83956244,0.303130905,80.63,7,44502.49662,2,0.003878064,11208,Highly_Fatal_And_Damaging
31.23287671,12,13,66.49954421,0.405547061,81.2,1,35522.81412,2,1.311663918,3513,Highly_Fatal_And_Damaging
39.8173516,9,2,65.36007293,0.272478182,78.97,4,20390.80249,3,0.037029031,5306,Highly_Fatal_And_Damaging
39.13242009,13,0,53.91978122,0.619394879,79.76,3,42065.38243,3,0.209890974,6013,Significant_Damage_And_Serious_Injuries
70.63926941,11,0,86.82771194,0.18845366,79.71,2,46540.24679,3,0.637457087,1145,Significant_Damage_And_Fatalities
40.86757991,13,1,64.3573382,0.301327804,77.36,6,40487.04608,4,0.009906256,755,Significant_Damage_And_Serious_Injuries
75.20547945,9,1,73.47310848,0.368763794,76.69,7,28815.05953,2,0.002911251,12181,Significant_Damage_And_Fatalities
53.19634703,16,0,82.95350957,0.179438154,81.83,7,22861.38366,2,0.002064275,6999,Significant_Damage_And_Fatalities
37.53424658,11,3,49.45305378,0.515536242,80.07,4,29518.61292,2,0.052536702,8837,Significant_Damage_And_Fatalities
19.5890411,15,3,67.04649043,0.416365669,79.58,4,26744.8668,1,0.048762101,12440,Highly_Fatal_And_Damaging
28.63013699,16,11,51.18505014,0.375615579,79.65,4,18842.78867,0,0.035089083,10562,Minor_Damage_And_Injuries
72.00913242,10,3,75.7976299,0.342077894,80.43,5,12666.7712,3,0.003755497,3995,Significant_Damage_And_Fatalities
50.50228311,10,0,80.674567,0.240022358,78.84,3,36748.27037,4,0.182599553,10363,Significant_Damage_And_Serious_Injuries
44.74885845,12,1,73.29079307,0.257692752,79.03,6,37541.67637,0,0.010124938,12109,Significant_Damage_And_Serious_Injuries
36.34703196,14,5,35.91613491,0.455673278,84.87,3,25032.8277,3,0.12463111,10108,Minor_Damage_And_Injuries
56.94063927,11,5,64.4484959,0.453870177,82.73,2,31122.64585,2,0.4225296,858,Minor_Damage_And_Injuries
42.64840183,9,0,74.79489517,0.338471691,84.62,1,33963.8106,3,1.249339977,947,Highly_Fatal_And_Damaging
24.79452055,14,16,62.03281677,0.357945186,77.03,1,26397.20312,1,0.977273486,11314,Highly_Fatal_And_Damaging
39.45205479,17,2,69.2342753,0.343880995,80.2,2,18466.43025,4,0.238677717,10205,Minor_Damage_And_Injuries
47.80821918,7,6,67.6390155,0.2692326,77.33,4,20822.30944,3,0.038830771,4608,Highly_Fatal_And_Damaging
29.7260274,12,0,68.64175023,0.412038226,81.48,2,27975.79944,1,0.377819605,9559,Highly_Fatal_And_Damaging
13.65296804,17,12,63.30902461,0.306737108,79.67,1,44290.07023,2,1.616434652,6275,Highly_Fatal_And_Damaging
6.347031963,19,5,75.7976299,0.394367833,79.69,7,23042.4621,2,0.002229717,8700,Highly_Fatal_And_Damaging
32.00913242,15,7,64.3573382,0.414562568,80.59,2,39482.94183,2,0.532383165,8484,Significant_Damage_And_Serious_Injuries
63.65296804,10,11,54.05651778,0.528518572,78.86,2,42365.06106,0,0.576201429,1291,Highly_Fatal_And_Damaging
65.43378995,4,2,50.63810392,0.479474216,78.18,3,28135.91731,4,0.141031134,3736,Significant_Damage_And_Fatalities
36.89497717,14,0,70.87511395,0.205402813,83.03,1,47358.69351,2,1.73952818,6038,Significant_Damage_And_Serious_Injuries
76.39269406,9,9,66.95533273,0.463246304,77.4,7,39189.47804,2,0.003480723,3322,Significant_Damage_And_Fatalities
43.65296804,12,8,52.18778487,0.568186801,79.58,2,22671.81721,1,0.302231914,581,Significant_Damage_And_Serious_Injuries
21.27853881,15,17,74.74931632,0.412759466,81.15,2,33730.63638,1,0.453693975,10558,Highly_Fatal_And_Damaging
69.9543379,11,3,66.1349134,0.29627912,78.63,6,37123.46712,2,0.008994242,5443,Significant_Damage_And_Fatalities
35.38812785,18,4,80.40109389,0.33702921,79.85,2,39903.49673,1,0.542971582,1627,Minor_Damage_And_Injuries
52.28310502,9,4,62.67092069,0.461803823,88.74,6,34501.86148,2,0.009197041,4185,Significant_Damage_And_Serious_Injuries
44.84018265,8,2,88.24065634,0.199632889,78.93,3,34610.76061,4,0.173066681,5786,Highly_Fatal_And_Damaging
45.34246575,8,1,78.9881495,0.30962207,84.62,4,28364.61146,3,0.051494904,10115,Highly_Fatal_And_Damaging
44.79452055,8,22,57.29261623,0.475868013,77.08,3,36411.92668,1,0.181817782,10189,Highly_Fatal_And_Damaging
39.45205479,13,4,62.16955333,0.496423368,79.89,5,21612.75357,1,0.014549465,7129,Significant_Damage_And_Serious_Injuries
72.10045662,9,7,40.83865087,0.406628922,82.97,5,6543.689337,4,0.004511604,976,Significant_Damage_And_Serious_Injuries
41.09589041,16,5,55.10483136,0.30998269,77.27,3,35794.83638,2,0.178841695,10277,Highly_Fatal_And_Damaging
14.52054795,17,12,38.14949863,0.705583123,76.61,1,48855.48982,2,1.787288872,9466,Significant_Damage_And_Fatalities
37.48858447,10,3,51.77757521,0.60641255,79.37,5,28875.58001,1,0.019522058,1707,Significant_Damage_And_Fatalities
40.2739726,9,6,69.05195989,0.408071403,79.27,1,22002.72783,2,0.819092325,12291,Highly_Fatal_And_Damaging
70.0456621,4,1,55.60619872,0.380303642,82.02,3,30551.91447,2,0.151840047,7417,Minor_Damage_And_Injuries
40.54794521,20,6,59.7538742,0.334865489,77.22,6,40846.9169,4,0.009307813,5635,Significant_Damage_And_Fatalities
52.92237443,9,3,74.2935278,0.587299675,97.51,3,35921.31471,1,0.179231173,8960,Significant_Damage_And_Serious_Injuries
76.66666667,6,21,65.08659982,0.461082582,75.41,2,43310.60148,4,0.587649265,3386,Minor_Damage_And_Injuries
33.10502283,15,2,76.80036463,0.380303642,85.3,3,25735.80475,2,0.128711313,9131,Significant_Damage_And_Serious_Injuries
55.06849315,12,1,63.71923428,0.482359178,77.6,2,25730.22075,2,0.349502745,7219,Minor_Damage_And_Injuries
12.46575342,18,2,74.15679125,0.223433826,82.5,5,21954.47166,2,0.014719042,11733,Highly_Fatal_And_Damaging
54.10958904,12,4,63.67365542,0.225236928,79.65,2,23570.77998,3,0.321537842,2763,Minor_Damage_And_Injuries
58.67579909,11,1,78.94257065,0.268150739,78.72,2,25486.82546,1,0.34765632,4928,Minor_Damage_And_Injuries
36.62100457,11,4,73.74658159,0.2959185,80.26,4,17735.21444,3,0.031700452,4309,Highly_Fatal_And_Damaging