Safety_Score,Days_Since_Inspection,Total_Safety_Complaints,Control_Metric,Turbulence_In_gforces,Cabin_Temperature,Accident_Type_Code,Max_Elevation,Violations,Adverse_Weather_Metric,Accident_ID,Severity
54.47488584,9,23,71.55879672,0.173307609,82.64,3,35684.88277,3,0.177623325,8333,Significant_Damage_And_Serious_Injuries
24.88584475,17,0,42.61622607,0.663751172,80.9,5,36061.43246,2,0.023959793,9763,Minor_Damage_And_Injuries
51.55251142,13,11,77.52962625,0.298082221,77.22,5,37388.68971,2,0.024503095,9878,Minor_Damage_And_Injuries
25.61643836,14,8,63.99270738,0.20143599,80.22,2,23362.5383,4,0.317264638,1498,Highly_Fatal_And_Damaging
40.77625571,16,6,56.51777575,0.40410458,81.89,2,44363.18912,0,0.600390476,6843,Highly_Fatal_And_Damaging
19.13242009,16,6,74.61257976,0.222351965,79.32,4,20146.91725,2,0.037829265,11819,Highly_Fatal_And_Damaging
98.40182648,6,0,41.56791249,0.634901551,80.12,3,47433.01624,2,0.236464525,10162,Significant_Damage_And_Serious_Injuries
59.04109589,7,5,39.74475843,0.41780815,74.74,6,38880.40073,1,0.009779937,4586,Minor_Damage_And_Injuries
58.90410959,14,8,81.26709207,0.289427335,82.49,7,31529.76232,1,0.002884408,3411,Significant_Damage_And_Fatalities
36.75799087,10,4,56.15314494,0.453509556,76.48,4,37570.12189,3,0.068636161,2975,Significant_Damage_And_Fatalities
76.84931507,9,0,73.70100273,0.20143599,79.85,7,22336.4072,2,0.002072463,2468,Significant_Damage_And_Fatalities
46.48401826,11,0,45.76116682,0.374894338,76.53,3,40296.81608,2,0.199990449,11911,Minor_Damage_And_Injuries
57.12328767,8,19,73.15405652,0.290148576,88.4,6,43611.81624,3,0.011088061,1209,Significant_Damage_And_Serious_Injuries
62.00913242,10,0,61.21239745,0.461082582,76.67,2,35679.21571,3,0.482942372,4380,Minor_Damage_And_Injuries
52.37442922,9,1,55.19598906,0.454591417,79.62,3,25562.60347,1,0.128303571,1777,Minor_Damage_And_Injuries
17.07762557,16,15,75.66089335,0.394367833,76.44,1,33393.59309,1,1.23244148,685,Highly_Fatal_And_Damaging
37.48858447,10,1,56.88240656,0.529600433,83.42,4,23157.29823,2,0.041745067,10492,Significant_Damage_And_Fatalities
33.88127854,11,3,69.55332726,0.368042553,76.86,4,20937.17051,0,0.038408982,9976,Highly_Fatal_And_Damaging
22.96803653,18,3,80.44667274,0.313588893,85.04,3,33656.04647,2,0.168758363,9881,Significant_Damage_And_Serious_Injuries
22.19178082,15,1,55.97082954,0.55268013,76.43,4,20993.96223,1,0.038451783,6249,Significant_Damage_And_Fatalities
30.59360731,12,5,68.41385597,0.37705806,78.78,5,38735.75134,4,0.026380929,5176,Highly_Fatal_And_Damaging
31.41552511,12,2,56.28988149,0.276805626,78.37,4,45399.19457,2,0.083991795,7013,Significant_Damage_And_Fatalities
72.96803653,7,1,70.05469462,0.439805986,78.46,2,19380.34444,3,0.254442294,2929,Minor_Damage_And_Injuries
68.26484018,12,35,72.65268915,0.29663974,80.58,7,40780.27346,1,0.003672815,11482,Significant_Damage_And_Fatalities
58.08219178,11,9,78.07657247,0.343880995,81.81,2,35354.64915,3,0.478306032,12103,Minor_Damage_And_Injuries
22.92237443,14,2,60.48313582,0.366239452,83.19,1,16391.20156,1,0.563737504,3441,Highly_Fatal_And_Damaging
69.45205479,8,0,68.00364631,0.369845655,78.13,1,41060.42587,0,1.507345894,8249,Minor_Damage_And_Injuries
17.07762557,16,6,69.18869644,0.455673278,77.48,4,26748.20702,1,0.049031446,2338,Highly_Fatal_And_Damaging
42.28310502,12,8,56.92798541,0.47190119,84.27,7,18272.72848,2,0.001981072,8634,Minor_Damage_And_Injuries
45.75342466,15,0,72.92616226,0.386073567,78.91,6,24530.35683,1,0.006380526,4237,Minor_Damage_And_Injuries
79.40639269,8,13,58.47766636,0.543664623,88.39,4,35254.49349,3,0.063847963,5295,Significant_Damage_And_Fatalities
57.39726027,8,2,89.24339107,0.294476019,82.19,3,48141.34855,1,0.236847336,9568,Significant_Damage_And_Serious_Injuries
55.15981735,9,18,82.08751139,0.22848251,77.95,3,32880.83758,2,0.163199734,1513,Significant_Damage_And_Serious_Injuries
42.42009132,12,4,74.52142206,0.400137757,78.09,2,20683.22452,1,0.279249741,5130,Significant_Damage_And_Serious_Injuries
36.43835616,17,1,60.16408387,0.302409665,79.3,2,38976.34068,0,0.527487411,383,Minor_Damage_And_Injuries
36.80365297,11,5,49.45305378,0.52635485,81.15,4,38055.69038,2,0.069236804,5331,Significant_Damage_And_Fatalities
30.77625571,12,0,73.33637192,0.432593581,82.21,1,29989.02658,2,1.101318148,10762,Highly_Fatal_And_Damaging
32.46575342,15,7,47.90337284,0.429708619,81.18,3,25131.3222,1,0.125144036,1087,Minor_Damage_And_Injuries
40.63926941,9,1,49.86326345,0.361551388,76.3,4,37915.6428,1,0.069784362,840,Significant_Damage_And_Fatalities
29.49771689,13,13,75.47857794,0.271035701,86.47,5,29518.33153,2,0.020720962,7945,Highly_Fatal_And_Damaging
27.30593607,13,9,79.21604376,0.283657411,76.89,4,31758.92818,3,0.056666427,531,Highly_Fatal_And_Damaging
41.00456621,13,21,68.14038286,0.212975838,80.61,3,32374.95193,4,0.160237023,473,Significant_Damage_And_Serious_Injuries
40.3652968,9,1,75.38742024,0.293394158,79.98,5,28024.97631,3,0.018356291,5426,Highly_Fatal_And_Damaging
29.6347032,16,12,59.02461258,0.219106383,76.49,3,45972.13598,2,0.227829389,3952,Significant_Damage_And_Serious_Injuries
39.45205479,13,3,59.29808569,0.316834475,79.24,7,26226.19622,2,0.002340587,195,Significant_Damage_And_Serious_Injuries
24.93150685,17,4,72.01458523,0.312146412,80.46,6,29519.01023,2,0.007160406,8443,Significant_Damage_And_Serious_Injuries
40.82191781,13,2,56.15314494,0.345323476,76.95,4,39740.02012,0,0.072325347,8926,Minor_Damage_And_Injuries
50.0456621,16,7,59.79945305,0.465770646,78.5,7,21725.97448,0,0.001654836,6746,Significant_Damage_And_Fatalities
58.12785388,11,5,76.89152233,0.491014064,78.91,2,40494.31587,4,0.548030971,10773,Minor_Damage_And_Injuries
66.21004566,12,0,78.62351869,0.326210602,79.94,7,22248.33504,4,0.001979077,7626,Significant_Damage_And_Fatalities
32.64840183,15,4,53.372835,0.234252434,85.24,4,24506.96974,2,0.044928916,8174,Minor_Damage_And_Injuries
60.54794521,10,19,66.08933455,0.530321673,78.52,5,33228.46213,2,0.021686553,9730,Minor_Damage_And_Injuries
48.90410959,18,22,50.18231541,0.505799495,79.37,7,47232.02109,0,0.00383214,1295,Significant_Damage_And_Serious_Injuries
61.41552511,10,2,54.92251595,0.496423368,75.9,2,35000.86211,4,0.473371437,10717,Highly_Fatal_And_Damaging
39.7260274,13,2,60.66545123,0.52635485,77,2,28456.00737,2,0.384350598,9151,Significant_Damage_And_Serious_Injuries
34.47488584,14,0,58.47766636,0.4044652,78.03,3,43915.36281,3,0.221481273,2854,Significant_Damage_And_Serious_Injuries
70.50228311,11,5,62.7620784,0.315391994,83.45,7,43296.07115,4,0.004190557,8686,Significant_Damage_And_Fatalities
53.74429224,16,20,72.83500456,0.39112225,78.27,7,29289.65176,2,0.002763505,10167,Significant_Damage_And_Fatalities
32.87671233,15,7,62.67092069,0.307818969,78.09,3,26989.61464,1,0.134484837,153,Significant_Damage_And_Serious_Injuries
46.89497717,14,21,49.81768459,0.347487198,79.28,3,24563.9883,2,0.122219447,7300,Highly_Fatal_And_Damaging
17.44292237,16,2,76.75478578,0.284378651,83.74,1,35006.64787,1,1.285879116,10067,Highly_Fatal_And_Damaging
30.3196347,16,5,70.46490428,0.382467364,76.48,3,34255.70436,2,0.170698496,1204,Significant_Damage_And_Serious_Injuries
24.38356164,14,6,59.61713765,0.267429499,76.93,4,28921.61765,2,0.052987804,2159,Highly_Fatal_And_Damaging
17.99086758,16,14,83.54603464,0.230646232,79.94,2,30415.65224,2,0.411158532,1383,Highly_Fatal_And_Damaging
4.657534247,20,8,58.75113947,0.360108907,78.73,4,38630.47568,2,0.070322073,4881,Highly_Fatal_And_Damaging
61.18721461,7,10,66.45396536,0.410956365,80.03,6,28426.25986,3,0.007265612,2167,Significant_Damage_And_Serious_Injuries
29.7260274,12,17,75.75205105,0.381746123,76.75,1,55683.74448,0,2.057714104,1601,Highly_Fatal_And_Damaging
53.74429224,16,13,60.75660893,0.385352326,76.1,3,38011.02122,2,0.18906238,4382,Significant_Damage_And_Fatalities
33.74429224,11,2,61.75934366,0.367321313,82.23,3,34132.24122,2,0.171426427,2665,Highly_Fatal_And_Damaging
63.65296804,10,1,71.1030082,0.375254959,79.93,2,29887.80597,2,0.40457706,9108,Minor_Damage_And_Injuries
32.87671233,12,9,65.13217867,0.439084746,82.02,4,45769.78183,0,0.083045449,1264,Highly_Fatal_And_Damaging
15.70776256,17,3,73.29079307,0.315391994,80.8,4,13953.6566,3,0.02554895,6875,Highly_Fatal_And_Damaging
61.27853881,10,3,60.48313582,0.505799495,79.6,5,36323.60297,1,0.025353861,6969,Minor_Damage_And_Injuries
50.2283105,16,9,70.00911577,0.573596105,78.58,7,26697.17509,2,0.002267412,1795,Significant_Damage_And_Fatalities
43.24200913,19,19,58.65998177,0.784558961,77.78,7,47156.93843,4,0.003917603,8359,Significant_Damage_And_Fatalities
34.74885845,15,3,83.27256153,0.346405337,79.78,3,31091.67665,0,0.154535328,1986,Significant_Damage_And_Serious_Injuries
30.77625571,19,2,56.83682771,0.378139921,84.8,4,31812.00399,1,0.058588425,10835,Highly_Fatal_And_Damaging
45.25114155,18,4,49.68094804,0.49930833,81.8,7,30664.96845,2,0.00268596,3390,Significant_Damage_And_Serious_Injuries
48.99543379,14,3,68.14038286,0.212975838,80.06,2,25093.12607,2,0.339470395,11258,Minor_Damage_And_Injuries
46.80365297,14,4,55.97082954,0.286902993,83.28,4,39521.7363,3,0.072860466,7627,Highly_Fatal_And_Damaging
70.54794521,4,14,87.83044667,0.180880635,75.96,7,43717.2844,3,0.003961411,6931,Significant_Damage_And_Serious_Injuries
30.77625571,19,3,57.24703737,0.426102416,82.38,3,38671.1085,2,0.192477284,6666,Minor_Damage_And_Injuries
13.37899543,18,17,68.00364631,0.254447169,78.99,2,42760.64013,2,0.576823928,9021,Highly_Fatal_And_Damaging
46.07305936,8,0,58.79671832,0.417086909,78.09,3,39848.68931,2,0.199589398,1027,Highly_Fatal_And_Damaging
35.98173516,11,7,74.2935278,0.263823296,84.4,5,22918.56025,1,0.01499081,8168,Highly_Fatal_And_Damaging
23.65296804,18,7,76.61804923,0.270314461,77.96,3,30176.47025,1,0.151672484,7486,Significant_Damage_And_Serious_Injuries
68.03652968,12,1,72.97174111,0.492817166,76.99,7,15180.03179,2,0.001480334,73,Significant_Damage_And_Fatalities
41.14155251,9,11,32.49772106,0.729744681,78.9,2,23758.61155,2,0.321668685,12304,Highly_Fatal_And_Damaging
29.13242009,16,2,82.22424795,0.176553191,79.52,6,24686.46752,2,0.006009098,1665,Significant_Damage_And_Serious_Injuries
47.99086758,7,6,82.95350957,0.484522899,78.47,1,21595.68715,3,0.788798023,7062,Highly_Fatal_And_Damaging
28.85844749,13,0,61.85050137,0.307097728,77.53,5,17011.95524,5,0.009854365,2813,Highly_Fatal_And_Damaging
58.99543379,14,4,67.45670009,0.245071042,82.09,4,25419.80152,2,0.047109502,6896,Significant_Damage_And_Fatalities
40.4109589,20,2,58.20419325,0.414562568,79.01,7,31812.00399,3,0.002789323,11167,Significant_Damage_And_Fatalities
57.48858447,8,11,66.31722881,0.461082582,77.82,3,33284.93084,2,0.164634008,1083,Significant_Damage_And_Serious_Injuries
32.42009132,12,8,53.2816773,0.245792283,87.97,4,26355.26044,3,0.048450867,6145,Significant_Damage_And_Fatalities
46.02739726,15,0,62.07839562,0.346405337,76.68,2,32682.90181,0,0.443808474,5649,Minor_Damage_And_Injuries
26.21004566,14,2,63.17228806,0.482359178,82.17,1,28921.5487,4,1.066359535,8697,Highly_Fatal_And_Damaging
38.03652968,13,0,71.28532361,0.246874144,84.51,3,39835.71831,0,0.198468024,9995,Significant_Damage_And_Serious_Injuries
59.6347032,14,8,54.64904284,0.45855824,76.52,7,31280.7641,2,0.002561626,799,Significant_Damage_And_Serious_Injuries
33.74429224,15,6,67.27438469,0.416365669,81.1,3,23078.09972,0,0.114217418,10793,Significant_Damage_And_Serious_Injuries
49.45205479,7,8,76.93710119,0.381746123,83.19,4,29261.07244,3,0.053282506,4733,Highly_Fatal_And_Damaging
32.87671233,19,9,60.02734731,0.308540209,80.25,2,36657.84557,2,0.490533994,5707,Minor_Damage_And_Injuries
68.03652968,12,2,62.35186873,0.382106744,86.36,7,19398.15115,1,0.002036403,935,Significant_Damage_And_Fatalities
48.17351598,11,0,72.4247949,0.416726289,75.4,2,46273.24001,2,0.627545994,8550,Significant_Damage_And_Serious_Injuries
47.71689498,10,4,85.87055606,0.259856473,82.66,3,45176.83262,3,0.223008337,763,Significant_Damage_And_Serious_Injuries
32.87671233,12,1,69.09753874,0.428626758,77.2,4,49951.14276,3,0.090540253,8137,Highly_Fatal_And_Damaging
50.3652968,10,10,44.89516864,0.705583123,80.25,7,34034.06103,2,0.003292337,6649,Minor_Damage_And_Injuries
20.95890411,15,0,86.64539654,0.22848251,81.73,4,53915.33299,0,0.100579962,11645,Highly_Fatal_And_Damaging
47.99086758,7,18,65.22333637,0.366239452,81.31,5,36056.32474,2,0.024409047,12381,Highly_Fatal_And_Damaging
39.36073059,13,5,76.43573382,0.304573386,79.53,5,29216.41599,3,0.020054276,9097,Significant_Damage_And_Serious_Injuries
47.99086758,17,19,55.65177758,0.568186801,76.04,3,23099.24684,4,0.115139028,11738,Significant_Damage_And_Serious_Injuries
35.02283105,11,5,43.07201459,0.558089434,80.82,1,19507.22393,2,0.721848476,222,Significant_Damage_And_Fatalities
56.07305936,15,16,73.29079307,0.352175261,75.29,7,45795.50296,0,0.004297175,6944,Significant_Damage_And_Fatalities
60.54794521,10,2,50.54694622,0.329095564,78.4,7,39029.83351,4,0.003734089,1066,Significant_Damage_And_Serious_Injuries
23.10502283,14,15,73.42752963,0.311064551,81.53,4,32729.39149,2,0.060082167,3227,Highly_Fatal_And_Damaging
41.91780822,16,22,76.25341841,0.380664263,86.43,5,34687.30742,1,0.022752318,9404,Minor_Damage_And_Injuries
59.7716895,7,19,49.95442115,0.354338983,76.3,2,15521.1855,2,0.210809445,9077,Minor_Damage_And_Injuries
31.91780822,19,0,50.95715588,0.527076091,77.4,6,22131.73628,2,0.005395942,4417,Highly_Fatal_And_Damaging
57.71689498,11,1,64.12944394,0.414923188,77.18,2,26040.29909,1,0.352422366,5894,Minor_Damage_And_Injuries
33.56164384,15,10,51.64083865,0.393646592,81.89,3,30205.14111,2,0.152337945,11455,Minor_Damage_And_Injuries
44.15525114,12,14,57.20145852,0.366960692,84.14,3,36949.17369,1,0.18510024,9946,Significant_Damage_And_Serious_Injuries
21.27853881,15,7,65.58796718,0.362272629,78.52,2,30826.09011,3,0.417827928,2583,Highly_Fatal_And_Damaging
19.543379,21,1,56.97356427,0.313228273,85.04,4,38703.16919,0,0.070741208,4021,Minor_Damage_And_Injuries
30.63926941,20,2,56.28988149,0.479113595,80.13,3,24371.51422,1,0.121332213,5213,Highly_Fatal_And_Damaging
42.10045662,16,15,72.24247949,0.277887486,76.75,5,31335.47682,2,0.019551683,2407,Minor_Damage_And_Injuries
69.7260274,8,2,66.08933455,0.346405337,76.35,1,41060.42587,2,1.507345894,11790,Minor_Damage_And_Injuries
35.70776256,14,8,80.44667274,0.303130905,81.48,3,31398.41154,2,0.15796768,1304,Significant_Damage_And_Serious_Injuries
45.02283105,8,0,65.26891522,0.250119726,79.56,4,37065.48375,3,0.0670328,5491,Highly_Fatal_And_Damaging
46.11872146,15,3,72.33363719,0.240743599,80.33,2,24487.79195,3,0.323437571,2972,Minor_Damage_And_Injuries
50.0456621,10,7,67.68459435,0.314310133,75.27,3,35598.84613,2,0.176883368,11165,Significant_Damage_And_Serious_Injuries
61.64383562,10,0,87.69371012,0.217663902,79.94,2,26920.03718,1,0.366224285,9951,Minor_Damage_And_Injuries
27.39726027,20,1,73.65542388,0.394728453,79.74,7,24905.06199,1,0.002294141,333,Minor_Damage_And_Injuries
42.64840183,9,22,32.49772106,0.777707176,86.52,2,30393.23661,2,0.407910453,10124,Highly_Fatal_And_Damaging
20.54794521,15,2,86.64539654,0.319358817,78.03,6,25111.1749,3,0.006119164,1799,Highly_Fatal_And_Damaging
70.68493151,11,0,80.90246126,0.234252434,80.66,7,45302.30371,4,0.003835866,10470,Significant_Damage_And_Fatalities
72.96803653,7,5,47.40200547,0.487768482,79.26,2,45903.4682,1,0.627545994,3320,Highly_Fatal_And_Damaging
23.15068493,14,9,74.74931632,0.302770285,77.53,4,43023.01699,4,0.07929952,8330,Highly_Fatal_And_Damaging
35.52511416,18,8,67.68459435,0.25552903,78.18,1,28202.75965,2,1.043719067,10437,Minor_Damage_And_Injuries
45.06849315,11,20,66.90975387,0.298803462,88.71,7,32301.43418,1,0.0033047,693,Significant_Damage_And_Serious_Injuries
72.96803653,6,2,68.27711942,0.324046881,78.03,2,20751.88704,1,0.279249741,7746,Minor_Damage_And_Injuries
19.17808219,21,2,57.01914312,0.378139921,83.72,1,37496.2411,2,1.380642713,9830,Highly_Fatal_And_Damaging
49.9086758,10,4,45.80674567,0.408071403,81.93,4,10864.37815,1,0.007273313,4458,Minor_Damage_And_Injuries
44.70319635,12,3,73.92889699,0.381746123,81.02,3,27584.05649,3,0.137435802,12251,Significant_Damage_And_Serious_Injuries
32.55707763,12,0,68.96080219,0.151670393,86.96,4,28510.12249,1,0.051779734,8506,Highly_Fatal_And_Damaging
34.65753425,11,8,54.37556974,0.204681572,87.97,4,29638.26397,1,0.055051131,1003,Significant_Damage_And_Fatalities
7.853881279,19,12,66.95533273,0.469737468,82.66,6,39901.60549,2,0.00989361,1253,Highly_Fatal_And_Damaging
61.87214612,13,11,67.86690975,0.452067075,77.4,2,38666.04541,2,0.522749652,8639,Significant_Damage_And_Fatalities
23.92694064,14,0,69.64448496,0.33702921,86.96,1,18897.27746,4,0.691594572,348,Highly_Fatal_And_Damaging
9.680365297,18,2,71.42206016,0.290148576,79.07,3,21536.21947,0,0.10798312,6340,Highly_Fatal_And_Damaging
32.83105023,15,1,86.23518687,0.280051208,78.42,4,38631.0172,3,0.070380048,6135,Significant_Damage_And_Serious_Injuries
44.38356164,15,5,67.68459435,0.338111071,79.72,2,40332.33632,1,0.545307675,12071,Minor_Damage_And_Injuries
32.69406393,12,0,49.54421149,0.52635485,77.35,4,35012.5426,2,0.064538143,8029,Significant_Damage_And_Fatalities
32.83105023,15,0,47.90337284,0.658702488,78.37,4,38800.96731,2,0.070990535,10704,Minor_Damage_And_Injuries
28.81278539,16,1,47.99453054,0.407710783,83.22,3,36789.68548,1,0.182930119,7273,Minor_Damage_And_Injuries
64.33789954,9,0,65.49680948,0.356863325,77.53,2,32592.49003,3,0.440110495,3831,Minor_Damage_And_Injuries
40.82191781,13,0,58.52324521,0.39112225,81.43,5,48525.11071,1,0.033163543,9225,Significant_Damage_And_Serious_Injuries
19.17808219,16,15,76.52689152,0.238940498,78.73,4,25245.63477,1,0.045592307,9031,Highly_Fatal_And_Damaging
58.67579909,11,22,74.47584321,0.364436351,82.36,2,30068.57873,2,0.405852963,9547,Minor_Damage_And_Injuries
48.99543379,14,4,71.0118505,0.522388027,83.24,6,25740.88034,2,0.006094288,12422,Minor_Damage_And_Injuries
33.92694064,15,2,61.21239745,0.344962856,82.45,3,26459.33273,0,0.131453134,4103,Significant_Damage_And_Serious_Injuries
37.07762557,11,4,48.22242479,0.680339704,81.81,1,41729.04072,3,1.5469248,3647,Significant_Damage_And_Fatalities
36.75799087,17,11,56.70009116,0.293033538,76.63,2,35012.60116,2,0.474109752,7832,Highly_Fatal_And_Damaging
15.20547945,20,31,76.75478578,0.327653083,76.35,3,19201.50213,3,0.094561641,3661,Significant_Damage_And_Serious_Injuries
60.54794521,10,10,73.47310848,0.334144248,79.71,2,37297.0932,1,0.504117435,4473,Minor_Damage_And_Injuries
43.47031963,15,4,52.32452142,0.311064551,76.86,1,37249.52009,0,1.375305577,11971,Highly_Fatal_And_Damaging
66.25570776,12,15,74.06563355,0.232449333,79.64,7,24205.22433,1,0.002302843,4354,Significant_Damage_And_Fatalities
15.89041096,17,12,80.21877849,0.32368626,83.54,4,34977.681,2,0.06372333,8248,Highly_Fatal_And_Damaging
33.74429224,11,7,64.4484959,0.290148576,81.27,4,39913.6727,0,0.072254077,1148,Highly_Fatal_And_Damaging
37.76255708,13,7,77.07383774,0.24218608,77.34,4,37964.28809,3,0.069236804,4851,Significant_Damage_And_Serious_Injuries
35.70776256,17,0,48.4958979,0.692240173,83.57,5,27012.00155,0,0.018428373,5968,Highly_Fatal_And_Damaging
32.10045662,12,8,73.51868733,0.388958529,80.07,6,35460.26528,0,0.009067668,277,Highly_Fatal_And_Damaging
20.86757991,19,1,71.19416591,0.438724125,80.76,3,29061.3147,2,0.144784764,8583,Significant_Damage_And_Serious_Injuries
28.40182648,13,0,99.95442115,0.370927515,79.85,3,27433.25587,3,0.135825197,2976,Highly_Fatal_And_Damaging
12.69406393,18,12,38.14949863,0.612543094,77.28,4,31006.55725,3,0.057217788,7974,Significant_Damage_And_Fatalities
57.44292237,11,7,81.40382862,0.234252434,83.94,1,42820.72134,2,1.565910137,10756,Minor_Damage_And_Injuries
20.4109589,19,4,71.19416591,0.438002885,82.38,3,36967.4489,1,0.184654979,12296,Significant_Damage_And_Serious_Injuries
51.55251142,16,0,72.28805834,0.337750451,85.08,7,20217.16569,1,0.001952738,9186,Significant_Damage_And_Fatalities
30.77625571,20,2,53.23609845,0.273199423,85.9,4,35893.87681,1,0.066024887,5611,Highly_Fatal_And_Damaging
65.29680365,3,8,88.05834093,0.297000361,76.11,3,16149.3177,0,0.077216928,1870,Significant_Damage_And_Serious_Injuries
43.24200913,9,0,47.17411121,0.633098449,79.78,3,34143.67516,2,0.170265585,7434,Significant_Damage_And_Fatalities
29.543379,13,3,74.79489517,0.265626397,77.09,6,43023.01699,3,0.010984109,4220,Highly_Fatal_And_Damaging
63.69863014,13,10,51.18505014,0.540419041,81.85,5,39871.18607,3,0.026380929,1758,Significant_Damage_And_Serious_Injuries
52.92237443,9,3,72.6071103,0.206124053,78.03,3,45351.56632,3,0.224922205,7610,Significant_Damage_And_Serious_Injuries
43.19634703,15,8,75.38742024,0.33630797,82.53,1,28433.32995,0,1.032747503,6995,Minor_Damage_And_Injuries
28.63013699,20,1,70.73837739,0.446657771,77.95,3,27496.69306,2,0.136592251,2579,Minor_Damage_And_Injuries
59.04109589,7,0,54.46672744,0.454591417,83.57,5,41870.02622,3,0.02824564,12006,Minor_Damage_And_Injuries
12.69406393,17,3,48.76937101,0.641753336,83.81,3,36350.87515,2,0.181565618,10308,Significant_Damage_And_Fatalities
36.25570776,11,1,57.42935278,0.466491886,79.79,4,29061.3147,3,0.053177242,12465,Highly_Fatal_And_Damaging
29.36073059,13,14,74.06563355,0.232809953,84.3,1,25758.1198,2,0.937147431,11509,Highly_Fatal_And_Damaging
38.90410959,10,12,54.32999088,0.466852506,75.78,4,26972.50397,3,0.049194325,9393,Significant_Damage_And_Fatalities
55.98173516,12,1,88.60528715,0.275002524,78.46,3,27353.2011,4,0.136461854,10757,Minor_Damage_And_Injuries
64.20091324,13,9,68.73290793,0.335586729,79.69,6,15509.4345,2,0.003483491,12050,Significant_Damage_And_Fatalities
60.82191781,7,10,72.4247949,0.442330328,86.09,3,30360.29844,2,0.152109025,4960,Significant_Damage_And_Serious_Injuries
62.37442922,6,0,56.06198724,0.456394519,82.38,2,38406.93188,2,0.51935507,6090,Significant_Damage_And_Serious_Injuries
54.79452055,12,2,78.76025524,0.39076163,88.67,5,27237.90631,2,0.017945824,537,Minor_Damage_And_Injuries
61.23287671,7,1,58.97903373,0.340274793,79.55,3,12320.28353,2,0.057862583,9284,Significant_Damage_And_Serious_Injuries
31.87214612,15,7,69.14311759,0.33630797,76.48,4,27780.21019,1,0.050505454,8982,Significant_Damage_And_Serious_Injuries
37.85388128,17,16,78.48678213,0.329816805,79.62,4,32560.29012,1,0.060403966,5667,Minor_Damage_And_Injuries
72.32876712,10,3,67.45670009,0.3777793,79.45,7,35320.94545,2,0.003270206,5947,Significant_Damage_And_Fatalities
29.22374429,16,0,41.65907019,0.432232961,80.16,3,45075.27812,3,0.224922205,1354,Minor_Damage_And_Injuries
42.00913242,16,1,69.4165907,0.191338622,79.94,4,49422.62777,4,0.090275285,6725,Minor_Damage_And_Injuries
62.51141553,13,3,58.75113947,0.482359178,77.25,7,32677.20608,2,0.002960245,2491,Significant_Damage_And_Fatalities
39.45205479,13,0,54.74020055,0.456033898,84.87,6,3855.743817,2,0.002657776,9190,Minor_Damage_And_Injuries
32.42009132,12,2,55.37830447,0.321883159,88.47,4,30162.7965,2,0.055884738,2276,Significant_Damage_And_Fatalities
28.67579909,20,0,53.23609845,0.542582762,79.64,4,25762.31819,0,0.046809166,6720,Highly_Fatal_And_Damaging
33.92694064,11,2,73.60984503,0.388958529,81.27,4,21061.75243,2,0.038451783,2879,Highly_Fatal_And_Damaging
43.42465753,9,7,73.60984503,0.412398846,79.42,1,22474.76596,3,0.826800434,7040,Highly_Fatal_And_Damaging
39.8173516,17,0,58.70556062,0.428987378,80.24,4,43915.36281,2,0.08016312,11659,Minor_Damage_And_Injuries
58.44748858,7,5,88.46855059,0.253725929,78.47,6,24609.03355,2,0.00608158,771,Significant_Damage_And_Serious_Injuries
27.26027397,20,3,71.1030082,0.480556076,78.25,4,39215.05929,4,0.071405875,5248,Minor_Damage_And_Injuries
35.11415525,11,10,52.32452142,0.416365669,80.92,4,28930.36075,2,0.052851711,11799,Significant_Damage_And_Fatalities
48.35616438,10,3,39.74475843,0.585857194,82.85,4,23588.1188,2,0.043141892,4337,Minor_Damage_And_Injuries
59.40639269,11,9,81.35824977,0.365157591,81.35,2,29887.80597,3,0.405852963,10178,Minor_Damage_And_Injuries
34.38356164,18,11,53.64630811,0.334865489,79.39,3,41232.83729,2,0.205384017,7805,Highly_Fatal_And_Damaging
37.53424658,14,3,62.62534184,0.325128741,76.4,6,26890.68028,2,0.006705879,10590,Significant_Damage_And_Serious_Injuries
12.69406393,18,6,51.18505014,0.630213487,83.9,4,30068.6766,2,0.055051131,10497,Significant_Damage_And_Fatalities
78.67579909,8,1,74.79489517,0.274641904,82.26,1,34239.84979,2,1.25816103,738,Significant_Damage_And_Fatalities
31.18721461,12,5,62.16955333,0.493899026,79.3,1,16023.96444,3,0.58892882,1547,Highly_Fatal_And_Damaging
42.96803653,9,12,62.8532361,0.295197259,88.39,1,27823.05058,1,1.016072216,8401,Highly_Fatal_And_Damaging
16.07305936,17,5,80.21877849,0.304573386,80.47,1,47235.04264,2,1.73952818,8299,Highly_Fatal_And_Damaging
29.40639269,16,20,82.3609845,0.462885683,82.13,3,25949.10034,2,0.128573249,2219,Significant_Damage_And_Serious_Injuries
46.66666667,14,2,62.07839562,0.375976199,80.98,2,25365.63365,2,0.341937268,1034,Minor_Damage_And_Injuries
31.91780822,15,6,59.89061076,0.361190768,79.45,4,33553.47828,1,0.061642653,8022,Significant_Damage_And_Serious_Injuries