Safety_Score,Days_Since_Inspection,Total_Safety_Complaints,Control_Metric,Turbulence_In_gforces,Cabin_Temperature,Accident_Type_Code,Max_Elevation,Violations,Adverse_Weather_Metric,Accident_ID,Severity
71.68949772,4,0,55.60619872,0.348929679,77.54,3,24792.92848,2,0.121917537,8987,Minor_Damage_And_Injuries
35.20547945,11,1,83.68277119,0.181962495,81.82,4,38002.03543,0,0.069691814,2224,Highly_Fatal_And_Damaging
36.02739726,14,3,62.16955333,0.232088713,83.85,7,23770.09396,1,0.002304928,7399,Significant_Damage_And_Serious_Injuries
42.87671233,15,9,57.47493163,0.30962207,80.14,6,22841.76341,1,0.00522411,10916,Minor_Damage_And_Injuries
25.98173516,14,7,59.61713765,0.39076163,78.97,3,32002.91576,1,0.159286052,6066,Highly_Fatal_And_Damaging
31.68949772,15,0,65.86144029,0.438724125,77.44,3,27496.69306,1,0.135850462,6427,Significant_Damage_And_Serious_Injuries
20.2283105,15,2,71.78669098,0.388958529,80.85,1,33737.30712,2,1.241126169,6887,Highly_Fatal_And_Damaging
48.99543379,14,1,71.0118505,0.386073567,78.42,2,23026.62966,1,0.310096672,1681,Minor_Damage_And_Injuries
69.6347032,8,2,74.65815861,0.338471691,78.24,5,49986.89941,2,0.036830046,5188,Minor_Damage_And_Injuries
62.37442922,13,0,45.62443026,0.522388027,76.59,7,46418.38051,4,0.004004563,7130,Significant_Damage_And_Serious_Injuries
45.20547945,11,29,72.88058341,0.33666859,79.25,3,3470.002175,3,0.043078042,1585,Significant_Damage_And_Serious_Injuries
45.02283105,12,3,49.68094804,0.367321313,76.53,5,23159.69887,3,0.015203798,3350,Significant_Damage_And_Serious_Injuries
52.14611872,6,9,64.17502279,0.345323476,80.03,6,33892.77025,3,0.008699993,8368,Significant_Damage_And_Serious_Injuries
20.1369863,19,17,69.4165907,0.375976199,81.3,1,30966.15983,1,1.14962908,3051,Significant_Damage_And_Serious_Injuries
46.34703196,11,1,54.7857794,0.467213127,76.96,3,34830.514,1,0.172818256,5674,Significant_Damage_And_Serious_Injuries
41.59817352,13,8,71.96900638,0.326931843,76.71,5,42771.4992,0,0.028328093,12496,Significant_Damage_And_Serious_Injuries
52.46575342,9,6,53.96536007,0.312867652,79.76,7,31170.98649,2,0.002793739,1993,Minor_Damage_And_Injuries
50.4109589,13,54,72.83500456,0.319719437,80.84,2,44036.81466,3,0.592421266,551,Minor_Damage_And_Injuries
28.40182648,13,12,46.7183227,0.560253155,76.62,2,27933.34536,2,0.37567404,10333,Significant_Damage_And_Fatalities
37.35159817,14,7,71.05742935,0.372369996,76.11,3,34921.55531,1,0.174775776,6322,Significant_Damage_And_Serious_Injuries
40.77625571,16,7,56.51777575,0.315031374,80.25,2,27850.91708,1,0.378036721,12445,Highly_Fatal_And_Damaging
18.53881279,16,7,71.87784868,0.253725929,79.94,1,31944.00127,3,1.166774798,11528,Highly_Fatal_And_Damaging
12.10045662,18,4,74.15679125,0.285821132,77.79,2,30017.31061,1,0.40457706,11201,Highly_Fatal_And_Damaging
18.17351598,16,1,76.52689152,0.335947349,78.37,7,32967.03205,2,0.0033047,12449,Highly_Fatal_And_Damaging
33.33333333,15,2,59.02461258,0.278608727,79.21,3,18958.92844,4,0.094174774,1956,Significant_Damage_And_Serious_Injuries
52.51141553,9,0,52.87146764,0.223794446,79.64,4,28377.24994,2,0.051585265,5259,Minor_Damage_And_Injuries
63.19634703,13,19,71.83226983,0.388958529,76.33,7,24423.57528,1,0.002295664,149,Significant_Damage_And_Fatalities
34.33789954,11,9,64.26618049,0.290148576,79.72,1,43459.93175,0,1.623752406,10503,Highly_Fatal_And_Damaging
16.48401826,16,5,66.54512306,0.473704291,78.4,4,35728.30057,2,0.065408585,810,Highly_Fatal_And_Damaging
55.43378995,8,4,45.39653601,0.637425893,77.74,6,38888.75301,2,0.010247916,1196,Minor_Damage_And_Injuries
55.25114155,12,2,45.53327256,0.496783988,83.21,4,17343.66222,1,0.032080508,3019,Highly_Fatal_And_Damaging
33.92694064,15,0,66.40838651,0.502193292,79.92,2,27448.27638,4,0.372844371,4277,Significant_Damage_And_Serious_Injuries
36.62100457,10,10,61.4402917,0.474064912,76.79,4,34120.05902,3,0.062069959,2260,Highly_Fatal_And_Damaging
32.64840183,15,1,35.68824066,0.705583123,79.66,6,26706.85438,2,0.006788015,1901,Minor_Damage_And_Injuries
62.51141553,13,29,71.37648131,0.173307609,79.38,7,35684.88277,2,0.003167918,1719,Significant_Damage_And_Fatalities
54.79452055,6,9,76.57247037,0.374533718,79.65,4,18887.31616,1,0.034202197,5988,Highly_Fatal_And_Damaging
53.56164384,12,5,70.10027347,0.421414353,76.58,2,14865.90565,2,0.200787563,2711,Minor_Damage_And_Injuries
32.92237443,15,2,69.5077484,0.230646232,79.09,3,47572.05906,2,0.23987657,8176,Significant_Damage_And_Serious_Injuries
30.59360731,19,9,71.23974476,0.328734944,80.7,3,33896.02326,2,0.167487831,7979,Minor_Damage_And_Injuries
36.57534247,14,3,75.75205105,0.333062387,81.26,1,27752.86709,3,1.010362078,7638,Significant_Damage_And_Serious_Injuries
54.29223744,9,23,65.08659982,0.293394158,87.05,6,31541.69984,2,0.008203656,6582,Significant_Damage_And_Serious_Injuries
36.39269406,11,2,70.00911577,0.368042553,76.12,2,38183.18091,2,0.515851432,7113,Highly_Fatal_And_Damaging
58.72146119,14,9,79.99088423,0.34965092,76.46,2,37853.25603,2,0.5130301,2539,Significant_Damage_And_Fatalities
22.10045662,15,7,48.58705561,0.850913091,85.1,4,28126.46856,3,0.05158054,2713,Significant_Damage_And_Fatalities
64.01826484,13,0,60.52871468,0.220548864,81.37,7,36324.43758,3,0.003143447,3511,Significant_Damage_And_Fatalities
18.31050228,16,1,76.52689152,0.238940498,79.15,4,31988.01981,3,0.058953543,11005,Highly_Fatal_And_Damaging
36.16438356,14,1,79.21604376,0.26851136,87.62,3,33656.04647,2,0.168586749,7519,Significant_Damage_And_Serious_Injuries
28.53881279,13,6,51.27620784,0.236055536,79.77,1,29133.36152,1,1.092579887,10521,Significant_Damage_And_Fatalities
48.53881279,17,1,65.08659982,0.403022719,76.3,7,47964.94339,2,0.004696116,8162,Significant_Damage_And_Fatalities
31.18721461,15,0,57.15587967,0.28221493,81.68,4,18917.97273,2,0.03389422,5949,Minor_Damage_And_Injuries
38.08219178,13,3,59.29808569,0.318637577,78.68,3,28183.32313,1,0.141000605,2376,Significant_Damage_And_Serious_Injuries
66.48401826,12,4,71.19416591,0.297721601,84.49,7,33311.17306,2,0.00309622,7943,Significant_Damage_And_Fatalities
41.82648402,12,0,64.22060164,0.490292824,78.64,6,22277.19865,2,0.005441969,7669,Significant_Damage_And_Serious_Injuries
20.54794521,15,14,54.28441203,0.400137757,81.19,2,32417.93017,3,0.438728976,2501,Significant_Damage_And_Fatalities
47.53424658,11,9,74.70373747,0.285099892,81.24,1,41468.3975,2,1.522482627,11777,Significant_Damage_And_Serious_Injuries
41.73515982,13,9,58.84229717,0.492456545,75.58,1,45416.58252,0,1.65646495,3465,Significant_Damage_And_Serious_Injuries
32.42009132,12,7,62.9443938,0.328734944,80.43,4,28809.10518,3,0.053751423,3037,Highly_Fatal_And_Damaging
17.16894977,16,19,71.64995442,0.306737108,78.28,4,28549.75555,2,0.051779734,7954,Highly_Fatal_And_Damaging
46.21004566,11,1,85.59708295,0.270314461,76.17,6,14582.4607,1,0.003761539,664,Significant_Damage_And_Serious_Injuries
78.40182648,5,23,76.61804923,0.287263613,79.58,2,28259.68062,1,0.38116485,9305,Minor_Damage_And_Injuries
58.99543379,14,7,78.53236098,0.208287775,88.93,7,27720.60393,5,0.002384588,1914,Significant_Damage_And_Fatalities
30,13,10,73.06289881,0.378500541,81.37,4,43635.75469,2,0.07961405,9039,Highly_Fatal_And_Damaging
27.89954338,13,3,57.24703737,0.438724125,81.78,2,31748.25295,2,0.428182286,9605,Highly_Fatal_And_Damaging
61.46118721,13,2,79.1704649,0.272838803,80.55,7,37614.55942,2,0.003462771,4545,Significant_Damage_And_Fatalities
52.37442922,13,15,69.91795807,0.369124414,83.97,2,46608.27201,4,0.633815557,10494,Minor_Damage_And_Injuries
18.81278539,23,2,60.16408387,0.639589614,80.13,3,24998.05022,3,0.12463111,11517,Minor_Damage_And_Injuries
24.88584475,18,16,74.33910665,0.373451857,81.3,3,32328.21992,2,0.160120932,5857,Significant_Damage_And_Serious_Injuries
46.94063927,14,3,46.03463993,0.484522899,81.17,3,18247.37283,3,0.090133462,6928,Highly_Fatal_And_Damaging
54.79452055,12,1,82.31540565,0.268150739,76.18,5,48820.27336,3,0.032437386,11701,Minor_Damage_And_Injuries
26.30136986,14,2,82.08751139,0.199993509,87.72,4,45712.54843,3,0.08361055,460,Highly_Fatal_And_Damaging
37.21461187,11,3,57.83956244,0.2959185,81.8,3,32108.89445,1,0.160821288,276,Highly_Fatal_And_Damaging
50.77625571,17,7,86.23518687,0.333783628,81.04,7,35719.99207,0,0.003293385,11980,Significant_Damage_And_Fatalities
51.59817352,13,13,52.32452142,0.57936603,83.71,2,33167.27692,2,0.448870282,3560,Highly_Fatal_And_Damaging
22.64840183,15,8,72.88058341,0.274281284,82.93,4,24906.74516,2,0.045332399,9509,Highly_Fatal_And_Damaging
37.53424658,14,1,91.38559708,0.211172737,75.68,3,28801.5389,3,0.142974295,10136,Significant_Damage_And_Serious_Injuries
64.84018265,9,15,41.52233364,0.438724125,81.62,2,26385.9208,1,0.357126172,1548,Highly_Fatal_And_Damaging
36.07305936,17,0,73.47310848,0.297360981,78.48,3,30017.31061,2,0.149122606,5274,Minor_Damage_And_Injuries
40.3196347,13,0,61.89608022,0.263462676,84.56,6,47495.65951,0,0.011328329,38,Significant_Damage_And_Serious_Injuries
20.456621,15,1,66.81859617,0.55340137,82.19,5,23157.29823,3,0.015754392,3589,Highly_Fatal_And_Damaging
49.5890411,10,5,68.77848678,0.198911648,78.05,4,30307.85727,2,0.055371838,790,Significant_Damage_And_Serious_Injuries
25.29680365,14,22,54.7857794,0.538255319,86.43,7,47946.31259,3,0.004693901,79,Significant_Damage_And_Fatalities
22.73972603,15,7,68.77848678,0.399777137,78.52,4,38081.23585,0,0.069215439,8212,Highly_Fatal_And_Damaging
62.37442922,13,0,72.97174111,0.364796971,79.73,4,26248.79295,3,0.048260769,3182,Significant_Damage_And_Fatalities
51.46118721,13,3,57.88514129,0.414923188,77.02,5,36594.48948,2,0.025353861,5211,Minor_Damage_And_Injuries
43.78995434,12,3,71.69553327,0.313588893,78.78,6,35906.44155,2,0.009235359,8473,Significant_Damage_And_Serious_Injuries
30.73059361,16,16,66.49954421,0.346765957,86.13,6,33567.87631,2,0.008317076,1071,Significant_Damage_And_Serious_Injuries
66.25570776,12,11,70.41932543,0.391482871,79.77,7,35561.56487,2,0.003076771,10010,Significant_Damage_And_Fatalities
40.0913242,13,2,70.69279854,0.281493689,76.2,2,39850.21403,1,0.538862339,5354,Significant_Damage_And_Serious_Injuries
24.15525114,14,3,72.06016408,0.278969347,77.08,4,21101.54895,3,0.038790882,1479,Highly_Fatal_And_Damaging
31.96347032,15,2,62.07839562,0.344962856,83.19,3,37550.39877,3,0.187016357,9038,Significant_Damage_And_Serious_Injuries
22.64840183,15,8,37.28350046,0.680339704,80.71,4,36889.71952,2,0.06789051,4576,Significant_Damage_And_Fatalities
26.57534247,17,14,64.31175934,0.335226109,76.21,3,40282.33641,1,0.200477178,11462,Significant_Damage_And_Serious_Injuries
39.7260274,10,1,53.50957156,0.245792283,79.64,1,24506.96974,3,0.894409699,5392,Significant_Damage_And_Fatalities
35.20547945,11,1,80.03646308,0.360830148,77.89,4,45972.62254,3,0.08501823,7960,Highly_Fatal_And_Damaging
48.35616438,11,3,68.36827712,0.397974035,81.78,5,26852.6964,4,0.018342642,11972,Significant_Damage_And_Serious_Injuries
1.141552511,23,4,68.77848678,0.197108547,79.05,6,16238.58611,3,0.003031892,205,Highly_Fatal_And_Damaging
41.50684932,19,8,60.16408387,0.391843491,79.23,7,21725.97448,2,0.002036403,2576,Significant_Damage_And_Fatalities
45.29680365,11,1,63.44576117,0.332701767,80.77,6,27665.29984,0,0.006995705,12295,Significant_Damage_And_Serious_Injuries
42.96803653,9,4,82.3609845,0.443412189,79.46,1,26565.04758,2,0.978578768,7257,Highly_Fatal_And_Damaging
46.02739726,15,3,54.6946217,0.503275153,77.69,2,31292.95749,0,0.424352083,4509,Highly_Fatal_And_Damaging
36.98630137,10,6,65.08659982,0.370927515,82.02,4,31728.65669,4,0.05738846,11425,Highly_Fatal_And_Damaging
56.02739726,12,18,63.90154968,0.394007212,77,4,33607.4558,2,0.06153888,12325,Minor_Damage_And_Injuries
31.36986301,12,11,66.08933455,0.386794807,75.8,1,22950.58102,1,0.852433506,7758,Highly_Fatal_And_Damaging
31.27853881,15,1,79.85414768,0.196387306,79.85,3,14519.24189,1,0.075315564,8885,Significant_Damage_And_Serious_Injuries
24.06392694,18,8,52.55241568,0.382467364,80.92,6,38630.47568,2,0.010080947,10914,Minor_Damage_And_Injuries
11.82648402,18,7,47.76663628,0.48488352,79.36,4,32187.54378,3,0.059249695,4762,Significant_Damage_And_Fatalities
44.06392694,15,4,38.33181404,0.710992427,79.14,5,28579.16605,2,0.018398826,853,Highly_Fatal_And_Damaging
60.54794521,11,25,69.87237922,0.335586729,77.05,2,36247.53629,3,0.490533994,1392,Minor_Damage_And_Injuries
46.11872146,15,11,69.91795807,0.464328164,85.92,2,23214.49122,0,0.314050656,10500,Minor_Damage_And_Injuries
76.66666667,6,23,65.08659982,0.371288136,79.58,3,22450.26634,1,0.112551767,3628,Minor_Damage_And_Injuries
58.31050228,11,5,49.63536919,0.33666859,79.21,2,37871.05576,1,0.51088029,6863,Highly_Fatal_And_Damaging
0.913242009,23,14,54.64904284,0.532846015,82.93,6,25720.91641,2,0.005931093,9577,Highly_Fatal_And_Damaging
22.00913242,15,5,70.32816773,0.276084385,75.34,7,40401.42182,2,0.00341918,6383,Highly_Fatal_And_Damaging
41.18721461,13,2,73.29079307,0.246874144,76.17,2,35535.20052,3,0.483125215,2720,Significant_Damage_And_Serious_Injuries
26.34703196,17,0,73.74658159,0.369845655,77.19,2,29821.78236,1,0.401309819,4952,Significant_Damage_And_Serious_Injuries
43.60730594,12,3,66.86417502,0.251201587,82.43,1,38719.68751,0,1.418695031,11721,Significant_Damage_And_Serious_Injuries
71.68949772,7,0,63.71923428,0.49894771,78.17,5,38281.29237,2,0.026220236,1626,Minor_Damage_And_Injuries
30.63926941,12,3,79.03372835,0.393646592,79.31,6,38623.39103,3,0.010102085,3492,Highly_Fatal_And_Damaging
37.48858447,14,13,56.92798541,0.486326001,83.38,2,24744.15842,2,0.335627809,1009,Minor_Damage_And_Injuries
48.44748858,11,1,76.61804923,0.293033538,82.19,6,20406.49179,1,0.005098132,1737,Significant_Damage_And_Serious_Injuries
47.30593607,8,0,58.79671832,0.44485467,82.8,7,24973.68369,2,0.002310369,870,Highly_Fatal_And_Damaging
44.79452055,8,13,35.50592525,0.705583123,79.89,6,39453.19564,2,0.009398348,4291,Highly_Fatal_And_Damaging
45.25114155,11,16,63.90154968,0.246152903,77.16,6,37065.48375,3,0.008505971,11920,Significant_Damage_And_Serious_Injuries
87.48858447,6,1,42.06927985,0.538615939,80.15,4,48400.61949,1,0.088497376,7729,Significant_Damage_And_Serious_Injuries
57.48858447,15,7,69.5077484,0.292312297,79.22,7,49422.62777,3,0.00510547,10356,Significant_Damage_And_Fatalities
54.10958904,12,3,49.31631723,0.421053732,81.43,2,36037.43565,3,0.487713656,874,Minor_Damage_And_Injuries
20.2739726,15,3,65.86144029,0.236776776,78.21,4,27035.83879,3,0.049517866,8392,Highly_Fatal_And_Damaging
39.13242009,10,2,52.64357338,0.456033898,81.74,1,25631.34571,3,0.936641791,3802,Significant_Damage_And_Fatalities
41.73515982,16,20,81.03919781,0.365157591,78.47,2,9023.6927,3,0.059507622,89,Minor_Damage_And_Injuries
51.91780822,13,8,66.63628077,0.372730617,80.34,2,42621.84361,2,0.577208625,4618,Minor_Damage_And_Injuries
52.69406393,6,15,42.98085688,0.578644789,79.61,1,31618.56842,1,1.156478082,8161,Significant_Damage_And_Fatalities
27.89954338,13,2,72.01458523,0.522748648,79.85,3,25889.5344,2,0.128453569,1801,Highly_Fatal_And_Damaging
53.74429224,16,0,82.95350957,0.248677245,79.6,7,27550.59137,1,0.002286384,3345,Significant_Damage_And_Fatalities
18.72146119,16,2,89.19781222,0.271035701,78.23,3,26623.20488,0,0.132090953,10829,Highly_Fatal_And_Damaging
22.96803653,15,1,62.9443938,0.576481067,79.8,1,33313.71926,2,1.222971208,812,Highly_Fatal_And_Damaging
15.75342466,20,7,82.13309025,0.245071042,81.11,7,32708.13914,3,0.003219267,4338,Significant_Damage_And_Serious_Injuries
40.77625571,16,9,47.08295351,0.495702128,78.33,1,42902.38498,1,1.561246673,7102,Highly_Fatal_And_Damaging
31.91780822,15,3,63.71923428,0.225958168,80.22,3,25474.30832,3,0.125660881,6616,Significant_Damage_And_Serious_Injuries
54.06392694,9,10,88.05834093,0.268150739,78.4,1,19700.95545,2,0.723355682,12081,Highly_Fatal_And_Damaging
46.89497717,11,0,60.43755697,0.517339344,83.24,3,40979.57545,2,0.203121083,11824,Significant_Damage_And_Serious_Injuries
42.51141553,16,7,42.57064722,0.608215651,79.64,6,45760.75609,2,0.01194006,9227,Highly_Fatal_And_Damaging
1.141552511,21,4,54.46672744,0.484162279,83.34,1,37120.17167,1,1.358396134,2989,Significant_Damage_And_Fatalities
31.59817352,15,13,66.27164995,0.422135593,84.4,4,32472.07366,2,0.0592112,12036,Significant_Damage_And_Serious_Injuries
27.80821918,13,13,56.5633546,0.505078255,77.37,4,21179.10387,3,0.038575945,4844,Significant_Damage_And_Fatalities
32.87671233,19,3,60.52871468,0.368763794,78.44,3,32275.9088,3,0.160110192,1138,Minor_Damage_And_Injuries
82.23744292,7,11,68.64175023,0.262020195,86.09,7,27762.79967,3,0.00243244,377,Significant_Damage_And_Fatalities
73.60730594,10,22,57.52051048,0.473704291,87.1,7,30951.06339,3,0.002812525,2304,Significant_Damage_And_Fatalities
91.23287671,6,0,32.72561531,0.734793365,82.16,7,32628.39949,3,0.003314091,10476,Significant_Damage_And_Serious_Injuries
62.69406393,6,2,73.15405652,0.260938334,79.19,7,31290.51153,2,0.002900879,2933,Significant_Damage_And_Serious_Injuries
30.1369863,12,1,68.64175023,0.412038226,86.96,4,831.6955534,2,0.0198347,9142,Highly_Fatal_And_Damaging
25.25114155,14,13,56.65451231,0.43079048,77.79,2,27702.66631,1,0.374891008,9163,Significant_Damage_And_Fatalities
58.12785388,14,4,68.96080219,0.413120087,77.69,4,35154.72726,1,0.063905757,2201,Significant_Damage_And_Fatalities
49.7260274,10,10,87.69371012,0.287263613,83.07,6,26959.58191,3,0.006512082,10752,Significant_Damage_And_Serious_Injuries
16.98630137,20,3,64.4484959,0.337389831,83.21,6,18089.77668,2,0.004461879,353,Significant_Damage_And_Serious_Injuries
44.65753425,12,3,65.13217867,0.265265777,79.64,3,37318.51349,2,0.185647076,7676,Significant_Damage_And_Serious_Injuries
28.21917808,17,11,56.92798541,0.32368626,79.85,3,19949.51783,1,0.099322801,10271,Minor_Damage_And_Injuries
38.44748858,13,22,56.74567001,0.494620267,78.43,3,42190.15435,3,0.209889349,4718,Minor_Damage_And_Injuries
28.99543379,13,0,82.22424795,0.332341147,83.29,4,33053.91631,3,0.06047949,9558,Highly_Fatal_And_Damaging
47.99086758,7,6,75.11394713,0.312867652,77.42,3,33257.59519,2,0.164857539,7490,Highly_Fatal_And_Damaging
65.70776256,12,2,58.84229717,0.414562568,81.78,7,34233.04336,1,0.003219267,4332,Significant_Damage_And_Fatalities
19.543379,21,1,84.86782133,0.245071042,78.84,4,33146.07003,1,0.060885686,2207,Minor_Damage_And_Injuries
52.87671233,13,4,67.77575205,0.374894338,79.71,4,24262.89639,4,0.04455572,5877,Minor_Damage_And_Injuries
39.6803653,13,30,69.96353692,0.249759106,79.99,3,20402.77254,2,0.101175219,5698,Significant_Damage_And_Serious_Injuries
54.65753425,9,0,87.28350046,0.40374396,78,1,34684.7065,0,1.276659279,8566,Significant_Damage_And_Serious_Injuries
56.25570776,12,13,49.63536919,0.465049405,81.63,3,21287.79968,2,0.106394034,12076,Highly_Fatal_And_Damaging
45.25114155,11,16,72.01458523,0.442330328,76.2,6,20938.35725,2,0.005557064,734,Significant_Damage_And_Serious_Injuries
1.141552511,21,1,56.3810392,0.313228273,81.15,2,15521.14522,0,0.210809445,9290,Significant_Damage_And_Fatalities
26.25570776,14,10,70.9206928,0.273560043,80.35,4,31335.47682,0,0.056990514,8757,Highly_Fatal_And_Damaging
29.543379,13,4,74.79489517,0.20143599,77.11,6,30077.41619,2,0.007076257,7207,Highly_Fatal_And_Damaging
37.57990868,10,10,74.97721057,0.368403173,77.65,3,24946.53147,2,0.123761058,3328,Highly_Fatal_And_Damaging
74.20091324,10,0,65.90701914,0.339914172,77.53,7,26248.79295,3,0.002166452,922,Significant_Damage_And_Fatalities
33.65296804,15,11,66.0437557,0.354699603,76.2,2,38079.84275,2,0.514265511,9354,Significant_Damage_And_Serious_Injuries
46.16438356,18,19,50.0911577,0.752463758,79.51,7,39152.99337,1,0.003590835,3394,Significant_Damage_And_Serious_Injuries
82.78538813,7,1,59.38924339,0.289066715,77.98,6,27518.72352,3,0.006491343,11858,Significant_Damage_And_Fatalities
11.50684932,18,0,82.40656335,0.219827624,76.96,1,25251.21204,1,0.920195563,12410,Highly_Fatal_And_Damaging
55.02283105,9,10,77.43846855,0.185568698,78.56,7,52054.30024,2,0.004609526,9445,Significant_Damage_And_Serious_Injuries
15.43378995,17,29,72.4247949,0.355420844,80.4,4,38168.28455,1,0.069507345,10566,Highly_Fatal_And_Damaging
51.18721461,10,6,65.99817685,0.381746123,79.56,3,17267.00453,0,0.086846844,5222,Significant_Damage_And_Serious_Injuries
38.99543379,10,2,57.47493163,0.304573386,77.13,6,50122.01975,2,0.012719203,8832,Highly_Fatal_And_Damaging
42.05479452,19,5,64.17502279,0.445936531,74.85,1,22265.23782,2,0.819092325,4341,Significant_Damage_And_Fatalities
31.41552511,19,11,70.60164084,0.382467364,79.4,4,31041.73851,2,0.057555783,5668,Minor_Damage_And_Injuries
30.91324201,12,0,49.45305378,0.491014064,77.83,4,35084.39867,2,0.063902671,1462,Highly_Fatal_And_Damaging
56.48401826,15,7,71.37648131,0.362272629,77.2,7,26112.88109,1,0.002229717,12112,Significant_Damage_And_Fatalities
21.27853881,15,11,67.50227894,0.505078255,76.62,1,11268.29351,2,0.394750464,697,Highly_Fatal_And_Damaging
34.74885845,14,22,60.02734731,0.262741435,80.55,6,10829.37925,2,0.002657776,10072,Significant_Damage_And_Serious_Injuries
33.97260274,11,14,71.46763902,0.237858637,82.07,4,51143.53917,2,0.095825896,8285,Highly_Fatal_And_Damaging
47.89954338,14,20,55.65177758,0.489932203,80.58,2,25365.63365,4,0.343985851,7157,Highly_Fatal_And_Damaging
44.06392694,8,5,85.18687329,0.264183916,78.73,7,33395.50174,1,0.003146767,7730,Highly_Fatal_And_Damaging
54.52054795,8,0,60.02734731,0.444133429,83.84,6,23360.58611,2,0.005389075,12334,Significant_Damage_And_Serious_Injuries
30.91324201,12,3,76.48131267,0.271035701,76.35,2,48882.99695,2,0.653014214,6519,Highly_Fatal_And_Damaging
29.8173516,16,3,41.65907019,0.456033898,78.96,3,18491.7314,2,0.090011188,11503,Minor_Damage_And_Injuries
65.43378995,9,2,56.70009116,0.542582762,81.09,6,28535.2624,3,0.00720358,3862,Significant_Damage_And_Serious_Injuries
56.89497717,8,12,77.66636281,0.35037216,83.58,3,16327.59975,3,0.078236346,10841,Significant_Damage_And_Serious_Injuries
41.64383562,9,1,73.97447584,0.414562568,89.19,3,831.6955534,2,0.047600965,8578,Highly_Fatal_And_Damaging
41.41552511,12,14,76.89152233,0.396892175,77.94,6,21154.85773,2,0.00566656,5515,Significant_Damage_And_Serious_Injuries
46.62100457,11,2,60.16408387,0.321522539,78.64,5,36656.54735,1,0.024818159,12485,Significant_Damage_And_Serious_Injuries
77.76255708,9,14,53.96536007,0.439805986,87.1,7,48569.55629,4,0.004602863,656,Significant_Damage_And_Serious_Injuries
56.84931507,8,1,54.46672744,0.348929679,78.04,1,45741.20451,2,1.66486419,2394,Minor_Damage_And_Injuries
37.30593607,14,10,61.66818596,0.456033898,78.97,7,44552.86883,3,0.004297175,5582,Significant_Damage_And_Serious_Injuries
56.30136986,8,1,52.68915223,0.328374324,78.06,3,31500.17933,1,0.156222076,8681,Minor_Damage_And_Injuries
30.77625571,12,5,79.03372835,0.321161918,80.24,2,34640.54687,1,0.466761643,10827,Highly_Fatal_And_Damaging
13.78995434,17,4,66.08933455,0.268150739,76.61,4,38394.55093,1,0.070124997,2885,Highly_Fatal_And_Damaging
67.67123288,12,0,79.35278031,0.231728092,79.71,7,60869.7487,2,0.005550603,11640,Significant_Damage_And_Fatalities
29.17808219,13,3,82.31540565,0.17438947,83.29,6,23086.02269,1,0.005335316,5533,Highly_Fatal_And_Damaging
41.55251142,16,0,64.49407475,0.25516841,84.43,4,22044.02056,2,0.040630053,7727,Minor_Damage_And_Injuries
54.47488584,8,0,60.02734731,0.639950234,77.16,3,33372.81979,1,0.165002364,10336,Significant_Damage_And_Serious_Injuries
36.62100457,11,7,74.2935278,0.207205914,81.76,2,25758.1198,3,0.350179582,6541,Highly_Fatal_And_Damaging
25.57077626,17,15,64.76754786,0.551598269,77.27,6,38914.28023,1,0.00989361,3476,Significant_Damage_And_Serious_Injuries
49.31506849,14,6,72.01458523,0.315752614,79.22,5,41247.21387,3,0.027306216,1231,Minor_Damage_And_Injuries
50.82191781,10,0,68.82406563,0.28257555,80.53,6,31719.30836,1,0.007811181,1108,Significant_Damage_And_Serious_Injuries
42.64840183,8,22,61.48587056,0.419611251,78.56,7,36384.88629,2,0.003153441,7243,Highly_Fatal_And_Damaging
17.57990868,16,3,58.61440292,0.491014064,78.72,3,34800.64658,1,0.173066681,3257,Highly_Fatal_And_Damaging
45.15981735,11,6,60.30082042,0.409874504,79.22,6,13364.51005,2,0.004124619,9150,Significant_Damage_And_Serious_Injuries
18.03652968,16,5,71.87784868,0.224876307,81.23,4,34397.75742,2,0.062808634,11435,Highly_Fatal_And_Damaging
37.76255708,14,18,60.25524157,0.353617743,79.45,3,40394.14453,2,0.202628386,6778,Significant_Damage_And_Serious_Injuries
23.15068493,15,15,74.97721057,0.373451857,78.32,4,37949.72439,2,0.069478554,10015,Highly_Fatal_And_Damaging
28.40182648,13,12,46.7183227,0.603888208,80.45,1,38783.35661,3,1.422522112,4739,Significant_Damage_And_Fatalities
38.44748858,10,2,56.15314494,0.345684097,79.31,4,38050.44131,0,0.069077736,5178,Significant_Damage_And_Fatalities
33.88127854,15,8,70.87511395,0.36371511,79.86,7,35460.26528,1,0.003119361,11048,Significant_Damage_And_Serious_Injuries
23.56164384,14,1,76.61804923,0.20215723,78.23,4,25770.46118,3,0.046643985,4557,Highly_Fatal_And_Damaging
21.87214612,15,13,54.28441203,0.392564731,79.54,4,36626.30249,2,0.067789838,3508,Significant_Damage_And_Fatalities