Safety_Score,Days_Since_Inspection,Total_Safety_Complaints,Control_Metric,Turbulence_In_gforces,Cabin_Temperature,Accident_Type_Code,Max_Elevation,Violations,Adverse_Weather_Metric,Accident_ID,Severity
95.25114155,3,11,80.26435734,0.483080418,79.83,3,17582.73967,1,0.086068178,5987,Significant_Damage_And_Fatalities
42.46575342,8,10,47.17411121,0.60677317,85.58,4,34985.72171,3,0.064017054,4227,Significant_Damage_And_Fatalities
45.98173516,11,5,73.88331814,0.365878832,78.56,3,35902.35475,1,0.179291371,5456,Significant_Damage_And_Serious_Injuries
62.32876712,13,0,66.49954421,0.317916336,85.98,4,23998.30486,1,0.043141892,3268,Significant_Damage_And_Fatalities
24.97716895,14,5,75.8887876,0.242907321,79.23,4,38068.54425,3,0.069184314,65,Highly_Fatal_And_Damaging
64.56621005,9,11,73.65542388,0.473704291,78.67,5,15414.09902,2,0.011204959,1397,Minor_Damage_And_Injuries
30.73059361,16,3,54.6946217,0.383188604,80.09,3,28716.27546,3,0.141555438,9468,Minor_Damage_And_Injuries
30.3196347,12,6,62.12397448,0.418529391,82.72,7,17869.27129,3,0.001603338,359,Highly_Fatal_And_Damaging
46.89497717,14,17,68.59617138,0.507241976,75.35,2,46273.24001,0,0.62857432,9265,Minor_Damage_And_Injuries
28.26484018,13,0,56.92798541,0.409153264,79.51,7,32058.5032,3,0.002566415,378,Significant_Damage_And_Fatalities
23.47031963,14,0,49.31631723,0.34965092,81.32,4,40296.81608,2,0.074238386,6236,Significant_Damage_And_Fatalities
42.28310502,12,0,67.50227894,0.251922827,81.98,6,26859.19154,1,0.006857542,11520,Significant_Damage_And_Serious_Injuries
36.94063927,14,7,71.05742935,0.20143599,75.14,6,31316.62963,2,0.008000398,11867,Significant_Damage_And_Serious_Injuries
48.26484018,7,18,77.34731085,0.262020195,77.33,7,43755.47222,2,0.00387029,4868,Highly_Fatal_And_Damaging
52.51141553,13,2,60.80218778,0.340274793,81.55,7,38395.87273,0,0.003493902,11008,Minor_Damage_And_Injuries
24.06392694,14,1,69.64448496,0.303130905,79.28,4,40401.42182,2,0.074040846,6554,Highly_Fatal_And_Damaging
54.88584475,16,2,74.79489517,0.298442842,83.58,3,36075.49107,0,0.178747299,4951,Significant_Damage_And_Fatalities
27.48858447,17,5,85.68824066,0.333062387,81.11,6,40645.71729,0,0.009514099,2093,Significant_Damage_And_Serious_Injuries
72.32876712,10,12,77.43846855,0.314670754,82.88,7,34747.02646,3,0.003227581,4824,Significant_Damage_And_Fatalities
1.415525114,21,2,56.92798541,0.375615579,77.22,2,43590.44521,3,0.595092389,5042,Significant_Damage_And_Fatalities
76.62100457,6,12,69.4165907,0.462885683,77.45,5,32161.14898,1,0.021984843,10918,Minor_Damage_And_Injuries
48.44748858,14,8,73.74658159,0.294836639,82.49,2,39875.61201,2,0.542719185,4904,Minor_Damage_And_Injuries
33.24200913,11,1,66.31722881,0.5130119,81.76,4,36445.5067,0,0.066471474,2076,Highly_Fatal_And_Damaging
35.98173516,11,6,85.96171376,0.260217093,81.82,2,42885.39068,1,0.577778977,7913,Highly_Fatal_And_Damaging
32.83105023,15,8,63.67365542,0.594151461,76.82,3,36159.90088,0,0.179246049,7924,Significant_Damage_And_Serious_Injuries
21.27853881,15,17,75.25068368,0.494980887,85.02,6,29975.61623,3,0.007503479,7393,Highly_Fatal_And_Damaging
48.85844749,17,3,68.00364631,0.452067075,78.47,7,24370.22654,2,0.00246153,3531,Significant_Damage_And_Fatalities
50.77625571,10,5,79.71741112,0.234973675,78.91,3,32254.07207,1,0.16006996,11190,Significant_Damage_And_Serious_Injuries
61.87214612,13,20,65.45123063,0.32332564,86.1,6,28609.12598,2,0.007581612,5901,Significant_Damage_And_Fatalities
28.26484018,13,5,54.83135825,0.481277317,77.83,6,15949.80734,3,0.003162504,4642,Significant_Damage_And_Fatalities
22.19178082,15,27,59.11577028,0.269953841,83.85,5,30477.31908,2,0.019462946,10133,Highly_Fatal_And_Damaging
29.17808219,13,1,58.1586144,0.4044652,77.29,4,36560.92675,2,0.067711449,3635,Highly_Fatal_And_Damaging
42.37442922,12,4,78.39562443,0.245792283,80.2,6,22597.09595,1,0.00566656,11670,Significant_Damage_And_Serious_Injuries
44.33789954,15,10,72.01458523,0.379582402,79.17,2,14348.0775,2,0.176030905,4615,Minor_Damage_And_Injuries
25.11415525,14,5,75.25068368,0.361190768,78.32,4,31864.78987,3,0.059119512,1266,Highly_Fatal_And_Damaging
30.1826484,13,3,69.73564266,0.314310133,75.31,4,16841.76881,2,0.031134859,4720,Highly_Fatal_And_Damaging
59.8173516,14,7,38.96991796,0.654375045,79.54,7,25814.84687,1,0.002433605,1464,Significant_Damage_And_Serious_Injuries
46.89497717,11,0,57.61166819,0.470458709,78.47,3,34761.37203,3,0.172361875,5941,Significant_Damage_And_Serious_Injuries
34.06392694,15,18,58.84229717,0.359387667,80.74,3,35285.26904,1,0.175707515,10395,Significant_Damage_And_Serious_Injuries
38.72146119,17,2,68.00364631,0.369845655,84.1,7,41724.56872,2,0.004177839,7137,Minor_Damage_And_Injuries
43.60730594,12,1,59.6627165,0.467213127,84.8,6,28815.42726,4,0.007352621,7934,Significant_Damage_And_Serious_Injuries
26.16438356,14,0,82.45214221,0.197108547,81.21,6,38002.03543,2,0.010118563,10930,Highly_Fatal_And_Damaging
36.02739726,14,4,48.90610757,0.687191489,78.52,5,30889.14569,1,0.019970105,3287,Significant_Damage_And_Serious_Injuries
20.2283105,15,2,66.90975387,0.460361342,82.19,4,21564.02504,2,0.039861126,6132,Highly_Fatal_And_Damaging
26.25570776,14,9,47.94895169,0.493899026,77.38,4,44914.36915,4,0.082558252,11699,Significant_Damage_And_Fatalities
41.05022831,13,6,40.29170465,0.641392715,79.53,2,31925.27555,4,0.431251475,4921,Minor_Damage_And_Injuries
77.30593607,4,2,88.46855059,0.185568698,76.11,6,16837.05984,3,0.004972224,3491,Significant_Damage_And_Serious_Injuries
55.02283105,15,1,73.70100273,0.295197259,81.85,4,24784.66387,3,0.045245346,9155,Significant_Damage_And_Fatalities
61.23287671,7,1,58.97903373,0.422496213,75.7,4,18869.58762,2,0.035089083,1384,Significant_Damage_And_Serious_Injuries
40.1369863,16,0,64.26618049,0.439805986,84.94,2,48162.87229,3,0.664582259,2862,Minor_Damage_And_Injuries
31.23287671,12,5,67.8213309,0.362272629,79.6,6,30528.14245,1,0.007476687,1973,Highly_Fatal_And_Damaging
45.79908676,11,29,63.90154968,0.245792283,78.2,3,27123.07651,2,0.133534622,9785,Significant_Damage_And_Serious_Injuries
34.47488584,11,11,73.19963537,0.334504868,77.94,4,30349.95642,1,0.05576251,5420,Highly_Fatal_And_Damaging
38.35616438,10,8,76.89152233,0.284378651,79.33,4,30843.07933,0,0.05632954,10017,Highly_Fatal_And_Damaging
31.59817352,12,12,69.2342753,0.388597908,79.45,6,31651.937,2,0.008150079,7231,Highly_Fatal_And_Damaging
17.85388128,16,5,58.61440292,0.28221493,77.22,4,24079.59067,1,0.04378407,8592,Highly_Fatal_And_Damaging
51.64383562,10,0,74.2023701,0.264905157,84.41,6,42282.79204,3,0.010124938,7517,Significant_Damage_And_Serious_Injuries
36.43835616,10,13,73.60984503,0.388958529,81.15,1,24420.713,2,0.898387825,387,Highly_Fatal_And_Damaging
24.84018265,14,22,75.47857794,0.532124775,86.43,3,10571.27058,3,0.053838986,11092,Highly_Fatal_And_Damaging
14.52054795,17,2,51.18505014,0.584054093,76.8,4,38484.62906,1,0.07109598,512,Significant_Damage_And_Fatalities
24.74885845,14,3,84.18413856,0.29627912,75.2,4,27179.05196,1,0.050214879,9129,Highly_Fatal_And_Damaging
34.47488584,11,8,65.45123063,0.250840966,77.26,2,18980.61986,1,0.253283471,7842,Highly_Fatal_And_Damaging
36.62100457,10,11,65.40565178,0.547631446,82.02,4,36687.85366,1,0.067847156,9339,Highly_Fatal_And_Damaging
44.79452055,8,6,62.26071103,0.330898666,80.84,4,36008.68227,3,0.066420367,975,Highly_Fatal_And_Damaging
51.05022831,13,0,43.07201459,0.72794158,79.35,3,31528.09386,2,0.155972033,204,Highly_Fatal_And_Damaging
59.13242009,11,1,70.19143118,0.381746123,76.58,2,25019.92995,1,0.336595105,11047,Minor_Damage_And_Injuries
61.50684932,10,0,53.78304467,0.51193004,79.26,3,16378.75637,2,0.084735472,1730,Highly_Fatal_And_Damaging
44.52054795,12,0,72.5159526,0.416726289,82.23,3,31526.63293,4,0.155473833,4797,Significant_Damage_And_Serious_Injuries
49.22374429,17,9,68.00364631,0.527436711,79.01,7,20597.38906,1,0.002018153,1869,Significant_Damage_And_Fatalities
42.00913242,16,13,59.20692799,0.408071403,83.64,4,39034.37043,3,0.07180187,10066,Minor_Damage_And_Injuries
33.24200913,11,4,65.67912489,0.269953841,77.26,4,39103.4153,3,0.071423456,1436,Highly_Fatal_And_Damaging
56.75799087,8,6,69.14311759,0.35001154,82.07,3,31143.04043,0,0.154517429,2371,Significant_Damage_And_Serious_Injuries
75.29680365,6,9,66.49954421,0.338471691,78.37,2,22913.21705,0,0.311631545,3251,Minor_Damage_And_Injuries
58.03652968,11,9,64.58523245,0.362633249,81.76,2,36844.46116,4,0.501902737,3093,Minor_Damage_And_Injuries
37.21461187,10,2,66.54512306,0.460721962,79.39,1,20142.47068,2,0.742435605,4097,Highly_Fatal_And_Damaging
31.27853881,12,2,73.33637192,0.342799135,81.73,4,30528.14245,2,0.056202817,2367,Highly_Fatal_And_Damaging
41.91780822,16,22,72.15132179,0.272117562,81.03,2,33596.65076,2,0.453693975,4527,Minor_Damage_And_Injuries
21.59817352,15,0,63.81039198,0.591627119,82.19,1,37265.27259,2,1.377590414,4669,Highly_Fatal_And_Damaging
43.05936073,9,1,82.3609845,0.358305806,83.82,4,41920.24716,2,0.076592303,9904,Highly_Fatal_And_Damaging
62.14611872,10,15,84.27529626,0.346405337,83.19,2,25814.27752,1,0.348598244,4820,Minor_Damage_And_Injuries
38.49315068,17,13,59.98176846,0.283657411,80.01,2,27823.05058,3,0.374891008,10257,Minor_Damage_And_Injuries
51.36986301,17,1,72.28805834,0.25625027,80.55,7,32183.39886,2,0.002997161,5797,Significant_Damage_And_Fatalities
36.57534247,14,10,62.9443938,0.380664263,80.49,3,31461.12564,1,0.157172393,9745,Significant_Damage_And_Serious_Injuries
39.8173516,13,15,72.19690064,0.442330328,77.11,6,47430.2732,2,0.01154537,3803,Significant_Damage_And_Serious_Injuries
44.47488584,15,2,49.45305378,0.52635485,77.92,2,27506.84893,4,0.372844371,3254,Highly_Fatal_And_Damaging
41.14155251,12,3,73.70100273,0.281493689,84.75,3,25080.58245,1,0.124435001,12057,Significant_Damage_And_Serious_Injuries
42.05479452,19,9,75.38742024,0.388597908,82.17,7,33740.88582,1,0.003219267,10791,Significant_Damage_And_Fatalities
65.75342466,5,3,40.47402005,0.44521529,74.95,4,43447.15183,3,0.080663892,8915,Minor_Damage_And_Injuries
54.42922374,12,4,50.77484047,0.618313018,83.28,2,20204.64898,2,0.277637543,233,Highly_Fatal_And_Damaging
39.45205479,13,4,78.16773017,0.276445005,79.17,6,30586.40724,3,0.00720358,573,Significant_Damage_And_Serious_Injuries
42.05479452,20,12,76.02552416,0.298803462,81.62,7,34338.51886,1,0.003264625,10034,Significant_Damage_And_Fatalities
64.65753425,13,17,46.17137648,0.537173458,82.32,2,20799.92559,1,0.278497327,1653,Significant_Damage_And_Fatalities
45.11415525,11,2,75.84320875,0.293394158,84.62,3,36269.68016,1,0.179620581,3883,Significant_Damage_And_Serious_Injuries
30.3196347,16,0,82.90793072,0.337750451,78.43,6,22408.05042,2,0.005269257,2503,Significant_Damage_And_Serious_Injuries
38.81278539,13,30,69.4165907,0.215860801,80.31,3,34207.94438,0,0.170645149,948,Significant_Damage_And_Serious_Injuries
40.2739726,9,1,60.16408387,0.313228273,76.04,4,33080.04314,1,0.060446553,4559,Highly_Fatal_And_Damaging
7.853881279,19,12,58.84229717,0.408792643,77.04,2,29969.88689,1,0.404401762,5794,Highly_Fatal_And_Damaging
77.48858447,9,1,68.14038286,0.212975838,79.3,1,16112.69778,3,0.561457355,4343,Significant_Damage_And_Fatalities
59.40639269,11,16,79.1704649,0.317555716,79.3,2,28658.63314,2,0.387005035,1080,Minor_Damage_And_Injuries
51.41552511,17,7,54.7857794,0.450624594,78.87,2,31075.02939,3,0.420569864,10397,Significant_Damage_And_Serious_Injuries
79.7260274,7,0,56.3810392,0.365878832,83.08,7,23861.03741,2,0.002117959,11986,Significant_Damage_And_Serious_Injuries
44.42922374,12,14,56.5633546,0.35001154,81.06,6,52015.79442,3,0.012167284,10345,Minor_Damage_And_Injuries
52.14611872,6,1,67.22880583,0.327653083,78.27,7,27520.75176,1,0.002201649,4664,Highly_Fatal_And_Damaging
42.55707763,16,3,55.24156791,0.64752326,80.16,2,14836.30569,2,0.178843572,6505,Minor_Damage_And_Injuries
44.56621005,8,3,52.59799453,0.41780815,77.25,1,26949.95577,2,0.999891644,11696,Significant_Damage_And_Fatalities
40.54794521,20,11,60.16408387,0.352535882,79.17,7,50314.72046,4,0.004900411,9060,Significant_Damage_And_Fatalities
35.47945205,11,9,70.41932543,0.518421204,76.74,6,15560.24743,2,0.00309339,7562,Highly_Fatal_And_Damaging
42.10045662,12,2,74.52142206,0.264905157,79.03,3,41991.87091,2,0.209065215,4719,Significant_Damage_And_Serious_Injuries
44.84018265,8,4,70.9206928,0.258413992,78.04,4,37043.29196,3,0.06791806,10979,Highly_Fatal_And_Damaging
38.21917808,14,22,46.17137648,0.448460873,76.95,3,24295.5956,2,0.119606401,8214,Minor_Damage_And_Injuries
44.56621005,15,7,47.12853236,0.351454021,75.51,2,27506.84893,5,0.372425424,12174,Highly_Fatal_And_Damaging
23.60730594,18,15,74.97721057,0.29663974,77.62,3,30476.6917,1,0.150707712,1137,Significant_Damage_And_Serious_Injuries
42.83105023,15,18,78.66909754,0.237858637,82.46,2,42329.01793,3,0.569213826,1122,Minor_Damage_And_Injuries
45.57077626,18,7,57.56608933,0.57936603,78.87,7,28354.12168,2,0.002776185,10677,Significant_Damage_And_Fatalities
45.52511416,8,2,69.18869644,0.408071403,81.53,4,36281.15944,2,0.065791916,2469,Highly_Fatal_And_Damaging
41.09589041,9,1,88.24065634,0.180880635,77.53,1,34954.89473,3,1.295201557,1612,Highly_Fatal_And_Damaging
48.81278539,10,1,68.96080219,0.413841327,79.24,1,26600.52883,4,0.979178722,3407,Significant_Damage_And_Serious_Injuries
59.31506849,11,3,69.37101185,0.294476019,80.83,4,30307.85727,2,0.055884738,9446,Minor_Damage_And_Injuries
45.47945205,15,10,67.13764813,0.414923188,79.06,7,28559.65914,1,0.002842985,9476,Minor_Damage_And_Injuries
16.11872146,20,7,52.96262534,0.638507753,82.69,3,34985.72171,2,0.174153414,765,Minor_Damage_And_Injuries
24.24657534,18,1,70.46490428,0.394728453,79.03,3,36002.53139,2,0.179761011,6983,Significant_Damage_And_Serious_Injuries
25.47945205,14,11,47.26526892,0.429347999,78.69,2,30701.49036,2,0.415749786,8458,Significant_Damage_And_Fatalities
32.42009132,12,5,48.90610757,0.422496213,81.08,3,22169.2086,3,0.110134122,12028,Highly_Fatal_And_Damaging
51.05022831,10,1,73.97447584,0.40374396,89.19,6,29078.85711,0,0.007430734,8640,Significant_Damage_And_Serious_Injuries
19.22374429,16,0,74.15679125,0.270314461,82.97,1,20313.47617,3,0.747757022,4991,Highly_Fatal_And_Damaging
21.27853881,15,7,59.43482224,0.39076163,86.58,1,26432.64488,2,0.971098833,3702,Highly_Fatal_And_Damaging
40.77625571,13,10,83.59161349,0.287263613,81.24,4,33137.90774,3,0.061019592,7549,Significant_Damage_And_Serious_Injuries
76.62100457,9,10,58.47766636,0.467213127,87.1,7,21530.96388,0,0.001754998,11974,Significant_Damage_And_Fatalities
36.16438356,14,1,72.74384686,0.231728092,81.1,3,25252.74522,1,0.125660881,8191,Significant_Damage_And_Serious_Injuries
34.93150685,11,9,59.07019143,0.367321313,78.09,2,44097.24316,1,0.59022175,10135,Highly_Fatal_And_Damaging
29.36073059,16,20,73.19963537,0.333062387,80.79,3,42076.99864,2,0.20952489,2114,Significant_Damage_And_Serious_Injuries
28.49315068,16,17,60.30082042,0.582250992,79.06,3,28547.65842,3,0.14240971,8546,Significant_Damage_And_Serious_Injuries
37.67123288,14,4,67.00091158,0.419971872,79.31,4,39230.7768,2,0.071372815,3029,Significant_Damage_And_Serious_Injuries
48.12785388,17,0,68.64175023,0.40482582,76.3,7,36324.943,3,0.003255518,15,Significant_Damage_And_Fatalities
14.70319635,17,0,52.82588879,0.449542734,77.74,4,20993.96223,2,0.038211248,2327,Significant_Damage_And_Fatalities
51.36986301,16,2,68.68732908,0.4044652,82.25,4,23720.17893,3,0.043062945,4455,Significant_Damage_And_Fatalities
12.64840183,21,0,73.10847767,0.327292463,82.53,4,31526.63293,1,0.057752499,10902,Significant_Damage_And_Serious_Injuries
44.33789954,15,14,72.01458523,0.37705806,79.17,6,42771.4992,0,0.010998811,6776,Minor_Damage_And_Injuries
27.16894977,17,6,54.19325433,0.599560765,80.16,7,31006.55725,3,0.002659088,5414,Significant_Damage_And_Serious_Injuries
29.8630137,12,0,74.61257976,0.337750451,81.03,4,25934.11849,2,0.046682177,10063,Highly_Fatal_And_Damaging
38.99543379,10,4,62.16955333,0.493899026,75.58,1,34809.44519,2,1.277242017,4646,Highly_Fatal_And_Damaging
59.40639269,7,9,65.63354603,0.267790119,79.26,2,31503.45358,3,0.425400982,4620,Highly_Fatal_And_Damaging
58.03652968,11,7,76.89152233,0.426823657,78.48,5,18965.28295,3,0.012514412,4335,Minor_Damage_And_Injuries
60.54794521,11,9,80.26435734,0.32368626,81.36,5,15748.13414,2,0.012337984,6103,Minor_Damage_And_Injuries
45.47945205,11,6,30.72014585,0.729744681,77.95,5,20785.93764,3,0.014320728,10050,Minor_Damage_And_Injuries
23.56164384,14,7,79.53509572,0.199993509,81.91,4,24926.76721,2,0.046284345,3828,Highly_Fatal_And_Damaging
20.54794521,15,2,55.69735643,0.311425171,77.13,4,30363.14075,1,0.055307826,10091,Significant_Damage_And_Fatalities
40.54794521,20,1,50.36463081,0.329095564,77.27,4,25229.782,3,0.0452208,303,Significant_Damage_And_Fatalities
27.85388128,17,8,60.07292616,0.507963217,79.2,1,24135.44337,4,0.890281948,6775,Significant_Damage_And_Serious_Injuries
43.33333333,15,15,60.52871468,0.529600433,78.5,7,52249.61015,4,0.00442897,12237,Minor_Damage_And_Injuries
34.01826484,11,7,54.8769371,0.256971511,79.89,4,27350.12992,1,0.049995275,5390,Significant_Damage_And_Fatalities
49.31506849,14,6,59.98176846,0.409874504,79.56,5,27686.24136,3,0.018428373,6878,Minor_Damage_And_Injuries
29.49771689,16,4,69.55332726,0.25552903,81.49,5,32502.64939,1,0.021433195,4626,Significant_Damage_And_Serious_Injuries
34.38356164,11,8,65.45123063,0.274641904,76.8,4,31610.95561,2,0.057671472,7387,Highly_Fatal_And_Damaging
44.88584475,8,22,57.83956244,0.436560404,75.35,7,37326.30334,2,0.003433937,10009,Highly_Fatal_And_Damaging
27.48858447,20,13,72.56153145,0.392925352,82.45,1,35760.81888,2,1.315514477,1073,Minor_Damage_And_Injuries
69.9086758,11,11,53.96536007,0.607855031,79.89,4,31988.19599,2,0.059381331,4575,Significant_Damage_And_Serious_Injuries
36.16438356,11,2,77.98541477,0.241104219,80.35,4,36963.93427,3,0.067025145,7443,Highly_Fatal_And_Damaging
10.3652968,18,20,71.42206016,0.274641904,76.28,1,43767.58052,1,1.624445559,8831,Highly_Fatal_And_Damaging
48.44748858,14,6,64.3573382,0.252644068,77.74,5,34076.45361,2,0.023687069,7497,Minor_Damage_And_Injuries
20.0913242,15,1,55.97082954,0.484162279,79.86,1,24135.44337,4,0.905640294,2712,Significant_Damage_And_Fatalities
49.5890411,10,0,53.91978122,0.461803823,80.13,4,33640.83004,1,0.061165995,8354,Minor_Damage_And_Injuries
24.29223744,14,2,73.88331814,0.2959185,79.47,4,29123.25838,2,0.053177242,9216,Highly_Fatal_And_Damaging
12.96803653,18,0,75.43299909,0.32332564,82.08,4,40004.20332,1,0.072277375,6446,Highly_Fatal_And_Damaging
47.30593607,7,2,67.50227894,0.2692326,75.35,3,21524.20126,3,0.108043964,3971,Highly_Fatal_And_Damaging
65.43378995,12,1,66.63628077,0.307458348,83.56,7,30955.53085,2,0.002567284,6984,Significant_Damage_And_Fatalities
37.07762557,14,16,88.650866,0.245071042,78.92,6,43569.69212,1,0.010830605,10796,Significant_Damage_And_Serious_Injuries
29.49771689,13,31,79.71741112,0.448821493,79.18,3,38168.28455,4,0.190028699,1195,Highly_Fatal_And_Damaging
16.48401826,16,2,71.19416591,0.582250992,82.25,7,25175.00869,3,0.002433078,3437,Highly_Fatal_And_Damaging
20.2283105,15,8,62.7620784,0.380303642,77.65,7,26748.20702,3,0.002372506,5594,Highly_Fatal_And_Damaging
1.415525114,21,5,68.77848678,0.291230436,84.78,3,21890.57091,2,0.107090688,11816,Highly_Fatal_And_Damaging
23.15068493,14,0,71.55879672,0.432954201,81.86,4,32075.99906,1,0.058871556,9126,Highly_Fatal_And_Damaging
40.3652968,13,3,51.54968095,0.444133429,85.26,2,35845.56311,2,0.485116944,10279,Minor_Damage_And_Injuries
48.26484018,7,6,74.02005469,0.252644068,77.33,4,27855.90158,3,0.051177443,7078,Highly_Fatal_And_Damaging
73.37899543,6,1,73.65542388,0.448821493,83.13,5,8645.355704,2,0.00259798,3281,Minor_Damage_And_Injuries
43.10502283,9,1,80.5834093,0.240022358,78.93,4,34547.45639,5,0.06304682,6298,Highly_Fatal_And_Damaging
62.96803653,13,3,66.31722881,0.421053732,86.36,7,29247.49081,1,0.002668264,10820,Significant_Damage_And_Fatalities
32.87671233,15,2,77.62078396,0.276805626,78.03,3,41991.87091,3,0.209489041,1644,Significant_Damage_And_Serious_Injuries
59.31506849,11,1,78.94257065,0.316473855,83.56,4,42024.5141,1,0.07754197,522,Minor_Damage_And_Injuries
38.49315068,13,8,61.2579763,0.342799135,75.94,3,30030.16959,2,0.149641084,7418,Significant_Damage_And_Serious_Injuries
63.19634703,13,8,79.89972653,0.230285611,79.77,7,8232.843655,3,0.001407585,5499,Significant_Damage_And_Fatalities
72.32876712,7,2,62.07839562,0.48596538,77.36,2,47090.25698,3,0.630774369,9320,Highly_Fatal_And_Damaging
48.26484018,11,3,31.08477666,0.542582762,78.55,5,43627.79498,3,0.028962252,1765,Minor_Damage_And_Injuries
17.39726027,16,2,92.93527803,0.159243419,86.08,4,22558.35973,2,0.040894288,10656,Highly_Fatal_And_Damaging
63.88127854,13,4,89.97265269,0.330177425,78.6,2,9023.6927,1,0.116198849,4958,Significant_Damage_And_Fatalities
33.65296804,11,2,61.48587056,0.322243779,77.79,4,24523.42154,3,0.044483766,10379,Highly_Fatal_And_Damaging
50.3652968,13,1,70.28258888,0.386073567,77.91,2,20374.98756,2,0.277637543,10373,Minor_Damage_And_Injuries
22.60273973,15,9,33.9562443,0.49930833,81.82,1,20124.30506,5,0.750477042,3008,Significant_Damage_And_Fatalities
35.06849315,11,3,48.22242479,0.430069239,81.89,4,42374.47086,2,0.07754197,9307,Significant_Damage_And_Fatalities
23.69863014,18,6,79.39835916,0.267429499,76.98,6,42461.70044,2,0.010998811,4588,Significant_Damage_And_Serious_Injuries
44.79452055,8,6,62.26071103,0.346405337,79.51,4,40156.81437,1,0.074492039,365,Highly_Fatal_And_Damaging
44.06392694,12,14,79.76298997,0.33702921,83.29,4,28225.48783,3,0.051466239,10571,Significant_Damage_And_Serious_Injuries
40.77625571,16,9,53.00820419,0.424659935,83.6,2,28044.29546,2,0.381827222,6092,Highly_Fatal_And_Damaging
38.99543379,10,7,51.82315406,0.5396978,78.91,1,24314.56676,3,0.901972619,1605,Significant_Damage_And_Fatalities
13.69863014,18,17,71.1030082,0.222712586,79.85,3,19271.92219,2,0.095949251,9808,Highly_Fatal_And_Damaging
21.23287671,15,0,57.56608933,0.439084746,75.04,4,39443.72433,0,0.072812088,1016,Highly_Fatal_And_Damaging
72.46575342,10,8,66.31722881,0.321161918,79.96,7,12090.3042,3,0.001418911,1007,Significant_Damage_And_Fatalities
52.23744292,13,11,55.28714676,0.35001154,78.98,2,43971.71045,3,0.59022175,11518,Highly_Fatal_And_Damaging
20.54794521,15,5,79.39835916,0.393285972,78.32,4,37773.35538,3,0.069701428,1356,Highly_Fatal_And_Damaging
51.27853881,10,3,73.74658159,0.29627912,78.16,3,36295.10335,2,0.181249987,637,Significant_Damage_And_Serious_Injuries
29.31506849,13,14,62.26071103,0.375615579,82.12,4,35111.52843,2,0.06372333,7030,Highly_Fatal_And_Damaging
46.11872146,18,1,56.88240656,0.346044717,81.06,4,25229.782,4,0.045332399,5137,Significant_Damage_And_Fatalities
48.31050228,10,26,54.74020055,0.39076163,82.82,3,28555.35811,2,0.143183127,109,Significant_Damage_And_Serious_Injuries
28.26484018,13,6,71.83226983,0.324046881,82.49,4,34977.681,2,0.063902671,5908,Highly_Fatal_And_Damaging
40.3652968,9,7,69.05195989,0.675651641,78.4,1,29433.30072,4,1.075385434,11684,Highly_Fatal_And_Damaging
42.55707763,16,14,67.68459435,0.39040101,79.01,1,34349.70647,2,1.263655082,11143,Minor_Damage_And_Injuries
59.40639269,7,1,75.38742024,0.342077894,78.64,2,28780.42355,1,0.389500677,212,Highly_Fatal_And_Damaging
50.2283105,13,6,68.86964448,0.278248107,76.58,7,31180.60808,1,0.002892621,7316,Minor_Damage_And_Injuries
35.52511416,14,5,65.86144029,0.399055896,78.75,4,48172.84723,3,0.088442818,3070,Significant_Damage_And_Serious_Injuries
58.44748858,11,2,69.37101185,0.337389831,80.83,2,34813.80328,3,0.470269643,25,Minor_Damage_And_Injuries
36.84931507,17,4,80.94804011,0.288706094,78.05,2,33924.80145,3,0.458859034,4899,Minor_Damage_And_Injuries
21.50684932,15,3,65.58796718,0.321883159,80.27,3,30363.14075,3,0.151493601,411,Highly_Fatal_And_Damaging
22.05479452,15,19,79.94530538,0.267429499,80.98,4,15168.17263,4,0.027929616,2574,Highly_Fatal_And_Damaging
36.75799087,14,1,78.62351869,0.386073567,82.88,5,37279.55924,2,0.025344491,3222,Significant_Damage_And_Serious_Injuries
39.543379,10,1,62.53418414,0.267790119,84.41,2,41316.13773,2,0.561565211,3085,Highly_Fatal_And_Damaging
46.43835616,11,0,52.68915223,0.410235124,76.96,4,41643.76829,0,0.076017227,4907,Minor_Damage_And_Injuries
48.63013699,17,1,74.88605287,0.325489362,77.41,2,31396.95008,4,0.426352881,5990,Significant_Damage_And_Fatalities
16.71232877,16,9,68.86964448,0.267429499,81.87,4,22992.46796,3,0.042140418,8453,Highly_Fatal_And_Damaging
46.89497717,11,0,73.19963537,0.221991345,81.82,6,47358.69351,1,0.011241529,4446,Significant_Damage_And_Serious_Injuries
41.14155251,9,2,76.43573382,0.281854309,79.77,5,20490.65172,3,0.013673118,9580,Highly_Fatal_And_Damaging
52.73972603,13,5,68.91522334,0.281493689,81.06,5,28510.12249,2,0.018398826,8106,Minor_Damage_And_Injuries
71.78082192,10,2,37.28350046,0.577923549,82.96,5,38888.75301,1,0.026656123,11139,Significant_Damage_And_Serious_Injuries
32.55707763,12,0,48.90610757,0.556286332,77.86,6,25352.45464,2,0.005929593,8480,Highly_Fatal_And_Damaging