Safety_Score,Days_Since_Inspection,Total_Safety_Complaints,Control_Metric,Turbulence_In_gforces,Cabin_Temperature,Accident_Type_Code,Max_Elevation,Violations,Adverse_Weather_Metric,Accident_ID,Severity
30.86757991,16,5,54.55788514,0.410235124,85.97,2,32417.93017,3,0.437800105,6612,Minor_Damage_And_Injuries
47.89954338,11,1,84.22971741,0.245792283,79.88,3,21156.47779,2,0.105168518,9619,Significant_Damage_And_Serious_Injuries
52.46575342,9,0,55.69735643,0.500390191,76.32,6,23381.59052,1,0.005557064,2981,Minor_Damage_And_Injuries
43.01369863,12,3,82.31540565,0.18809304,79.76,3,29033.79042,3,0.145942988,827,Significant_Damage_And_Serious_Injuries
43.78995434,8,6,85.77939836,0.199632889,80.76,5,41205.68903,2,0.027958096,2478,Highly_Fatal_And_Damaging
38.58447489,13,4,78.16773017,0.205402813,81.21,6,15127.5354,4,0.003838188,12201,Significant_Damage_And_Serious_Injuries
34.47488584,11,0,70.14585232,0.33702921,79.21,4,25934.11849,3,0.047528167,4803,Highly_Fatal_And_Damaging
74.10958904,5,4,49.45305378,0.397252795,87.08,7,13504.54645,1,0.001522758,9716,Minor_Damage_And_Injuries
25.70776256,14,5,62.16955333,0.288345474,81.88,5,21541.92082,2,0.014064555,2961,Highly_Fatal_And_Damaging
16.34703196,16,2,90.97538742,0.297000361,79.43,7,34971.89037,2,0.00298808,6029,Highly_Fatal_And_Damaging
24.38356164,14,11,68.41385597,0.640671475,75.35,1,45416.58252,1,1.669573054,7629,Highly_Fatal_And_Damaging
43.33333333,15,15,63.76481313,0.421053732,76.82,2,23197.32945,2,0.309756513,8464,Minor_Damage_And_Injuries
37.39726027,14,2,55.24156791,0.578644789,76.79,2,28456.00737,3,0.383873273,2753,Minor_Damage_And_Injuries
54.47488584,9,4,53.64630811,0.250119726,80.33,5,44671.26902,2,0.029482205,10592,Minor_Damage_And_Injuries
58.99543379,14,5,64.40291705,0.40374396,78.85,7,35634.89413,1,0.003076771,4222,Significant_Damage_And_Fatalities
48.85844749,14,1,69.91795807,0.317195096,76.87,2,39202.49252,2,0.529207179,10254,Minor_Damage_And_Injuries
59.40639269,11,32,76.93710119,0.381746123,80.83,2,32584.01461,2,0.440815075,7251,Minor_Damage_And_Injuries
18.31050228,16,8,70.41932543,0.29663974,78.04,4,38935.45459,2,0.071719022,264,Highly_Fatal_And_Damaging
23.60730594,18,0,56.15314494,0.346044717,79.57,3,37088.94403,3,0.183959104,7550,Minor_Damage_And_Injuries
7.03196347,19,6,68.45943482,0.411316985,82.48,4,25781.14578,3,0.04735187,1910,Highly_Fatal_And_Damaging
22.96803653,15,1,66.0437557,0.346405337,79.31,4,22310.98006,2,0.040926354,8072,Highly_Fatal_And_Damaging
28.21917808,13,6,64.40291705,0.321161918,78.59,4,27108.1286,3,0.049983339,5749,Highly_Fatal_And_Damaging
45.29680365,15,8,71.55879672,0.319358817,76.86,7,64297.65122,3,0.004404294,7024,Minor_Damage_And_Injuries
64.01826484,13,5,75.84320875,0.281493689,78.35,7,26291.70353,2,0.002500161,5734,Significant_Damage_And_Fatalities
70.1369863,4,2,62.80765725,0.286181753,80.79,4,30706.35477,0,0.056187079,3860,Highly_Fatal_And_Damaging
36.02739726,14,2,29.44393801,0.774822214,79.66,6,28014.71853,4,0.006843314,6890,Minor_Damage_And_Injuries
49.7260274,10,4,56.10756609,0.537534079,81.09,4,27569.72084,3,0.050920561,4065,Minor_Damage_And_Injuries
56.62100457,11,20,63.94712853,0.448100252,78.12,4,39759.02,1,0.072860466,12240,Minor_Damage_And_Injuries
49.8173516,10,11,60.71103008,0.335947349,76.82,6,24548.43219,2,0.006051087,4276,Significant_Damage_And_Serious_Injuries
42.32876712,12,1,59.84503191,0.430429859,81.44,6,23952.55258,2,0.006234471,3876,Significant_Damage_And_Serious_Injuries
29.9543379,16,5,61.66818596,0.48488352,78.23,4,42708.85447,3,0.079198062,6329,Significant_Damage_And_Serious_Injuries
19.17808219,16,4,73.24521422,0.238940498,79.16,4,25252.74522,1,0.045151652,2420,Highly_Fatal_And_Damaging
28.03652968,13,6,61.39471285,0.423217454,77,1,33393.59309,1,1.228170969,7199,Highly_Fatal_And_Damaging
36.75799087,10,2,53.23609845,0.621197981,79.53,7,27654.82991,0,0.002433605,3010,Significant_Damage_And_Fatalities
27.89954338,13,1,72.01458523,0.462525063,78.31,7,30792.2617,1,0.002807228,8688,Highly_Fatal_And_Damaging
60.54794521,11,0,62.62534184,0.402662099,79.29,2,39632.63918,1,0.537374916,2324,Minor_Damage_And_Injuries
33.65296804,15,21,64.26618049,0.44521529,75.55,6,32624.82262,3,0.007654089,11646,Significant_Damage_And_Serious_Injuries
25.57077626,14,2,56.15314494,0.516978723,76.72,4,3971.094226,2,0.016714137,1746,Significant_Damage_And_Fatalities
49.08675799,10,1,68.96080219,0.413120087,77.3,6,28154.28035,4,0.006705879,6837,Significant_Damage_And_Serious_Injuries
36.30136986,14,1,78.80583409,0.376336819,80.64,3,41727.73226,2,0.208475823,9849,Significant_Damage_And_Serious_Injuries
49.17808219,17,5,75.38742024,0.382827984,79.01,6,34582.73316,1,0.008398254,5183,Significant_Damage_And_Fatalities
62.37442922,7,0,66.1349134,0.266347638,78.12,3,53751.55782,1,0.274477876,8025,Significant_Damage_And_Serious_Injuries
34.24657534,11,1,73.19963537,0.316113235,81.73,1,42535.46154,2,1.563651046,10950,Highly_Fatal_And_Damaging
32.92237443,15,12,65.58796718,0.28257555,78.3,6,37917.17971,1,0.009687809,2969,Significant_Damage_And_Serious_Injuries
21.87214612,15,19,45.53327256,0.401219618,76.48,4,29722.83991,1,0.055051131,291,Significant_Damage_And_Fatalities
57.16894977,8,2,67.7301732,0.340274793,76.35,6,32554.60187,1,0.008024948,10978,Significant_Damage_And_Serious_Injuries
55.02283105,9,8,64.17502279,0.462885683,80.71,7,40277.30947,3,0.003654452,9121,Significant_Damage_And_Serious_Injuries
26.34703196,17,7,79.39835916,0.315752614,78.01,6,45239.95248,0,0.01154537,6667,Significant_Damage_And_Serious_Injuries
44.33789954,15,7,56.74567001,0.517339344,82.71,4,32035.24621,3,0.058381927,7425,Highly_Fatal_And_Damaging
68.44748858,12,2,59.52597995,0.469376848,83.23,4,49860.81887,2,0.090275285,2756,Significant_Damage_And_Fatalities
14.97716895,17,10,57.24703737,0.317555716,78.84,3,28986.65748,3,0.145971234,352,Highly_Fatal_And_Damaging
24.79452055,14,12,47.53874202,0.51193004,77.16,4,10313.8778,3,0.007273313,9091,Significant_Damage_And_Fatalities
68.21917808,8,8,68.27711942,0.357223945,77.91,4,49898.05012,1,0.089775732,6076,Minor_Damage_And_Injuries
27.12328767,17,8,56.92798541,0.356142084,78.73,2,49516.44247,1,0.680017846,8486,Minor_Damage_And_Injuries
62.51141553,6,5,63.12670921,0.489932203,79.81,4,36294.38961,2,0.065992443,5459,Significant_Damage_And_Serious_Injuries
31.59817352,15,4,57.52051048,0.311425171,76.17,6,35198.44626,2,0.008404336,11088,Significant_Damage_And_Serious_Injuries
22.60273973,15,3,76.70920693,0.494980887,82.06,6,12866.61005,2,0.0035137,7421,Highly_Fatal_And_Damaging
42.42009132,12,17,88.01276208,0.271396322,79.63,6,26029.16326,2,0.006603423,4078,Significant_Damage_And_Serious_Injuries
23.15068493,14,5,63.90154968,0.368403173,76.22,4,26548.89266,2,0.048461958,669,Highly_Fatal_And_Damaging
78.58447489,9,12,58.47766636,0.34965092,82.98,4,15186.50795,2,0.026105531,11689,Significant_Damage_And_Fatalities
59.7716895,10,13,97.99453054,0.217663902,78.37,2,44244.90346,4,0.5997465,8324,Minor_Damage_And_Injuries
31.36986301,12,9,51.27620784,0.422856834,77.96,2,17182.47277,1,0.234381066,4691,Significant_Damage_And_Fatalities
45.47945205,11,2,56.88240656,0.331980527,80.02,6,33961.74004,4,0.008404336,10037,Minor_Damage_And_Injuries
12.42009132,18,21,44.71285324,0.58044789,82.15,1,33878.33763,0,1.241126169,1582,Significant_Damage_And_Fatalities
58.67579909,8,37,65.45123063,0.32332564,77.99,7,17341.30483,2,0.002059805,3438,Significant_Damage_And_Serious_Injuries
48.76712329,14,17,65.49680948,0.461082582,78.85,2,32441.08736,2,0.438933418,9066,Minor_Damage_And_Injuries
42.69406393,16,22,57.47493163,0.477671114,81.89,6,32937.21825,2,0.008120644,7853,Minor_Damage_And_Injuries
75.98173516,6,29,65.90701914,0.399055896,75.41,7,13241.15405,0,0.00145524,4837,Minor_Damage_And_Injuries
62.14611872,6,20,45.48769371,0.486326001,76.01,3,26733.76325,2,0.13411019,4073,Minor_Damage_And_Injuries
59.04109589,11,1,71.28532361,0.319358817,76.93,2,36434.97764,3,0.488446052,7605,Minor_Damage_And_Injuries
60.1369863,10,3,72.74384686,0.180520014,80.03,5,31149.04887,3,0.020456608,7005,Minor_Damage_And_Injuries
43.56164384,19,4,80.40109389,0.33702921,82,7,20106.73039,4,0.002046506,10270,Significant_Damage_And_Fatalities
48.85844749,17,2,66.54512306,0.383188604,77.04,7,11025.73474,2,0.001459797,4323,Significant_Damage_And_Fatalities
53.74429224,16,4,64.03828624,0.445936531,83.26,7,11025.73474,3,0.001244245,9569,Significant_Damage_And_Fatalities
27.44292237,13,6,81.35824977,0.237137396,76.94,2,23197.10809,2,0.315041983,11734,Highly_Fatal_And_Damaging
43.78995434,15,6,76.70920693,0.21550018,79.3,2,31078.83336,1,0.420569864,5929,Minor_Damage_And_Injuries
35.79908676,14,3,61.39471285,0.341717274,79.29,2,29818.30113,3,0.401586607,9432,Significant_Damage_And_Serious_Injuries
26.16438356,14,6,73.38195077,0.368403173,81.15,3,42460.98647,3,0.211728167,5261,Highly_Fatal_And_Damaging
31.09589041,12,3,56.4721969,0.466491886,84.42,1,33105.85255,1,1.222971208,7263,Significant_Damage_And_Fatalities
54.24657534,5,5,55.65177758,0.63418031,81.09,3,32656.99709,3,0.162583863,7886,Significant_Damage_And_Serious_Injuries
55.15981735,9,10,66.27164995,0.346405337,79.17,7,40277.30947,1,0.003491451,8904,Significant_Damage_And_Serious_Injuries
42.51141553,16,2,59.98176846,0.318276956,81.2,2,31716.22732,1,0.428633208,2719,Minor_Damage_And_Injuries
18.12785388,16,7,62.07839562,0.466131266,77.48,7,26748.20702,2,0.002310369,1483,Highly_Fatal_And_Damaging
44.70319635,8,10,62.16955333,0.345323476,78.47,1,51183.88256,1,1.882949811,8120,Highly_Fatal_And_Damaging
50.2739726,17,6,80.4922516,0.240382979,79.31,7,32867.86357,2,0.002980999,10186,Significant_Damage_And_Fatalities
46.66666667,14,4,78.44120328,0.308179589,80.33,2,35815.52754,2,0.485770798,105,Minor_Damage_And_Injuries
44.33789954,15,2,55.60619872,0.30998269,81.71,2,32919.05248,2,0.444553308,788,Highly_Fatal_And_Damaging
46.57534247,11,1,52.59799453,0.396892175,80.38,2,15496.08616,4,0.221040334,10664,Minor_Damage_And_Injuries
51.05022831,13,4,54.92251595,0.462525063,78.49,2,37853.16775,0,0.512298965,942,Highly_Fatal_And_Damaging
24.79452055,14,8,80.62898815,0.4311511,86.43,4,33722.24874,3,0.062069959,6003,Highly_Fatal_And_Damaging
4.931506849,20,6,75.7976299,0.30962207,77.56,2,21259.72967,1,0.286821822,7054,Highly_Fatal_And_Damaging
22.19178082,15,9,55.69735643,0.421774973,76.26,2,40716.71421,0,0.55117256,3527,Significant_Damage_And_Fatalities
56.25570776,12,13,62.8532361,0.312507032,79.3,5,41329.44355,3,0.027612894,8547,Minor_Damage_And_Injuries
77.67123288,4,1,55.15041021,0.508684457,79.26,2,26033.54538,0,0.351388022,3208,Highly_Fatal_And_Damaging
28.90410959,13,1,66.1349134,0.438363505,80.62,1,29021.27495,2,1.066359535,8280,Highly_Fatal_And_Damaging
48.17351598,14,1,67.41112124,0.491735305,83.24,2,16099.47741,2,0.219247712,12003,Minor_Damage_And_Injuries
68.26484018,8,3,79.03372835,0.329456185,78.24,4,34292.35232,3,0.062792924,3595,Minor_Damage_And_Injuries
34.74885845,18,0,74.74931632,0.368763794,79.61,2,33730.63638,3,0.454764397,916,Minor_Damage_And_Injuries
50.73059361,7,6,65.63354603,0.358305806,81.14,4,50574.3894,3,0.09666903,11526,Highly_Fatal_And_Damaging
39.45205479,13,5,66.49954421,0.416726289,81.4,3,31193.46611,2,0.156343719,3601,Significant_Damage_And_Serious_Injuries
59.8173516,14,0,56.15314494,0.320440678,79.22,7,37177.37893,4,0.003734089,6846,Significant_Damage_And_Serious_Injuries
44.88584475,15,2,57.70282589,0.618673639,82.2,4,38660.09595,3,0.070106808,5236,Minor_Damage_And_Injuries
35.06849315,11,6,54.8769371,0.450263974,78.23,4,43204.16899,3,0.079245832,9627,Significant_Damage_And_Fatalities
44.47488584,8,0,53.91978122,0.432232961,77.48,4,35578.16073,3,0.065357008,1972,Significant_Damage_And_Fatalities
41.32420091,16,8,62.9443938,0.321522539,77.44,2,22318.12172,1,0.305041894,1812,Minor_Damage_And_Injuries
47.76255708,14,1,71.0118505,0.427184277,77.69,6,40674.11266,3,0.010131041,10125,Minor_Damage_And_Injuries
76.62100457,6,21,64.81312671,0.399055896,77.45,5,35167.71937,1,0.022836769,5805,Minor_Damage_And_Injuries
54.42922374,9,23,63.90154968,0.448100252,79.65,4,20375.81543,2,0.037985961,10584,Highly_Fatal_And_Damaging
24.29223744,14,12,57.52051048,0.388597908,85.17,4,23487.7295,3,0.04378407,5705,Highly_Fatal_And_Damaging
50.2283105,13,6,67.18322698,0.299885323,81.46,2,11938.90931,1,0.170460594,6129,Minor_Damage_And_Injuries
23.47031963,14,8,45.53327256,0.491014064,76.87,1,38783.35661,2,1.426759956,4477,Significant_Damage_And_Fatalities
12.96803653,18,2,52.68915223,0.223794446,76.28,2,42018.92911,2,0.572514343,12361,Highly_Fatal_And_Damaging
19.9086758,16,8,76.93710119,0.381746123,89.19,3,47592.31664,2,0.234985281,8762,Highly_Fatal_And_Damaging
52.92237443,9,22,50.91157703,0.500390191,82.38,4,23634.91707,3,0.043752528,8468,Minor_Damage_And_Injuries
78.21917808,9,0,55.92525068,0.335226109,83.08,7,31809.68156,4,0.002606083,10440,Significant_Damage_And_Serious_Injuries
40.54794521,20,8,40.97538742,0.578284169,78.76,1,42902.38498,3,1.556913308,2069,Significant_Damage_And_Fatalities
38.35616438,13,1,54.32999088,0.375254959,79.51,6,32058.5032,1,0.007736959,5385,Minor_Damage_And_Injuries
45.57077626,18,13,50.0911577,0.752463758,79.37,7,42628.38864,3,0.004129995,8818,Significant_Damage_And_Serious_Injuries
68.63013699,8,2,70.46490428,0.32296502,75.58,2,46240.75501,2,0.623420577,7060,Minor_Damage_And_Injuries
37.57990868,10,8,70.19143118,0.225597548,80.52,1,11940.76848,3,0.389486935,4295,Highly_Fatal_And_Damaging
55.25114155,8,3,80.08204193,0.502914533,77.16,3,33346.78557,0,0.166419156,466,Significant_Damage_And_Serious_Injuries
20.54794521,15,1,54.92251595,0.357584565,76.3,5,48332.48481,3,0.033184857,4241,Significant_Damage_And_Fatalities
30.91324201,12,3,64.26618049,0.419611251,81.98,1,24605.47132,2,0.887893342,1846,Highly_Fatal_And_Damaging
55.43378995,15,3,59.98176846,0.484522899,79.09,7,19488.00552,3,0.001720684,6607,Significant_Damage_And_Fatalities
42.55707763,16,2,52.27894257,0.254447169,79.47,2,21369.81308,1,0.285906649,6356,Minor_Damage_And_Injuries
48.49315068,14,4,67.91248861,0.352535882,81.82,2,16099.47741,2,0.219247712,458,Minor_Damage_And_Injuries
38.76712329,10,4,51.82315406,0.523830508,77.93,1,20181.49215,2,0.741000086,1553,Significant_Damage_And_Fatalities
46.34703196,8,12,57.52051048,0.478392355,80.91,1,32176.87393,2,1.18372104,1889,Highly_Fatal_And_Damaging
45.06849315,15,1,72.24247949,0.248677245,78.8,2,41247.21387,2,0.559006908,6578,Minor_Damage_And_Injuries
37.30593607,10,0,73.70100273,0.357945186,76.85,1,8335.480494,2,0.359229271,1327,Highly_Fatal_And_Damaging
68.35616438,8,4,69.46216955,0.429347999,82.07,2,20514.79378,1,0.273757874,6106,Minor_Damage_And_Injuries
47.99086758,14,3,97.99453054,0.303491525,82.28,1,32529.7644,1,1.18372104,1243,Minor_Damage_And_Injuries
35.11415525,15,4,38.96991796,0.629852867,83.76,2,44821.40067,1,0.603019887,7248,Minor_Damage_And_Injuries
42.10045662,12,0,70.19143118,0.408071403,77.91,3,32158.99176,3,0.160120932,7586,Significant_Damage_And_Serious_Injuries
58.72146119,14,6,73.42752963,0.20143599,79.64,4,33256.46682,4,0.060885686,8363,Significant_Damage_And_Fatalities
43.69863014,8,4,68.36827712,0.37705806,77.89,1,28433.32995,2,1.050286812,7559,Highly_Fatal_And_Damaging
42.42009132,19,0,42.79854148,0.400858997,80.24,6,48492.96786,4,0.011775986,2233,Significant_Damage_And_Serious_Injuries
40.77625571,9,12,51.91431176,0.500750811,80.91,1,48659.26005,1,1.799131254,7870,Significant_Damage_And_Fatalities
34.47488584,15,5,72.5159526,0.413480707,76.79,6,21257.70069,1,0.005326978,8493,Significant_Damage_And_Serious_Injuries
54.10958904,12,6,49.31631723,0.444133429,87.23,5,20186.49709,1,0.012514412,2396,Minor_Damage_And_Injuries
26.57534247,17,8,76.75478578,0.307097728,78.12,6,49086.32798,0,0.012357641,3615,Significant_Damage_And_Serious_Injuries
75.52511416,9,1,62.26071103,0.402662099,88.74,7,38521.30389,3,0.003578367,4867,Significant_Damage_And_Fatalities
24.70319635,18,2,62.07839562,0.523469888,79.31,3,26821.14576,1,0.134484837,2148,Significant_Damage_And_Serious_Injuries
45.89041096,11,13,38.78760255,0.72902344,77.95,2,31671.94823,2,0.429274158,5922,Minor_Damage_And_Injuries
49.5890411,7,7,61.30355515,0.476228633,79.49,4,40130.08667,2,0.074040846,9734,Highly_Fatal_And_Damaging
45.47945205,15,0,46.26253418,0.48596538,78.29,3,35578.16073,5,0.176883368,12164,Highly_Fatal_And_Damaging
34.10958904,15,1,72.5159526,0.378500541,80.98,5,34176.12272,2,0.023357404,8155,Significant_Damage_And_Serious_Injuries
50.2283105,10,14,44.89516864,0.48560476,86.59,4,30421.58829,1,0.055390534,10401,Minor_Damage_And_Injuries
43.19634703,12,3,82.04193254,0.360108907,82.49,2,22106.59646,5,0.299887443,3181,Significant_Damage_And_Serious_Injuries
35.02283105,14,10,62.39744758,0.403022719,78.66,3,29952.07602,3,0.149717569,4145,Significant_Damage_And_Serious_Injuries
62.28310502,6,2,56.06198724,0.546910206,87.34,1,34941.64994,2,1.292442384,12116,Significant_Damage_And_Serious_Injuries
17.44292237,16,9,76.75478578,0.298803462,76.6,4,30726.56447,1,0.057623062,11627,Highly_Fatal_And_Damaging
43.78995434,19,19,75.38742024,0.33630797,79.31,5,34924.74183,3,0.02354737,4010,Significant_Damage_And_Fatalities
51.32420091,13,2,56.15314494,0.462525063,75.97,1,21043.0746,2,0.773383505,9414,Highly_Fatal_And_Damaging
53.47031963,16,11,41.47675479,0.714238009,82.49,7,38340.91776,2,0.003406017,5609,Significant_Damage_And_Serious_Injuries
79.6803653,7,14,56.74567001,0.311785792,83.87,7,24422.94343,4,0.002245622,894,Significant_Damage_And_Serious_Injuries
54.29223744,9,2,63.44576117,0.55340137,77.16,3,32266.13623,3,0.160110192,319,Significant_Damage_And_Serious_Injuries
56.11872146,15,31,77.16499544,0.271035701,83.56,3,15958.64307,3,0.078236346,407,Significant_Damage_And_Fatalities
31.23287671,12,6,66.49954421,0.321883159,79.51,1,40973.90952,2,1.522292509,4263,Highly_Fatal_And_Damaging
39.543379,16,8,55.05925251,0.317555716,77.27,3,32919.05248,0,0.163429579,9728,Highly_Fatal_And_Damaging
59.7716895,11,11,79.58067457,0.284018031,77.69,2,17326.7709,2,0.230157424,7369,Minor_Damage_And_Injuries
95.25114155,3,17,66.49954421,0.557368193,80.5,5,32768.27946,2,0.021553358,4790,Significant_Damage_And_Fatalities
36.75799087,10,13,56.92798541,0.366960692,77.24,2,30232.14602,3,0.412117131,2671,Significant_Damage_And_Fatalities
20.95890411,15,29,63.90154968,0.334504868,74.74,1,45416.58252,1,1.693863577,12249,Highly_Fatal_And_Damaging
41.64383562,9,1,57.976299,0.503996394,83.33,4,37987.3496,2,0.069692447,4391,Highly_Fatal_And_Damaging
50.50228311,10,0,71.0118505,0.279329968,78.59,3,30830.39402,1,0.153788001,1915,Significant_Damage_And_Serious_Injuries
51.64383562,10,1,72.56153145,0.334865489,81.55,2,31661.62881,0,0.429074922,3547,Significant_Damage_And_Serious_Injuries
68.76712329,8,7,60.07292616,0.453509556,78.29,2,29784.27436,3,0.403593936,6963,Minor_Damage_And_Injuries
32.64840183,15,0,86.23518687,0.30962207,81.32,5,39651.76605,4,0.026789419,11558,Significant_Damage_And_Serious_Injuries
52.23744292,13,3,55.56061987,0.493899026,78.08,1,36925.03526,0,1.362419645,1224,Highly_Fatal_And_Damaging
22.69406393,18,8,67.36554239,0.394007212,79.59,3,42500.22323,2,0.212243576,3586,Significant_Damage_And_Serious_Injuries
78.44748858,8,1,74.79489517,0.334504868,80.67,4,30551.91447,2,0.0560106,9697,Significant_Damage_And_Fatalities
43.78995434,8,2,60.66545123,0.426102416,82.03,4,37353.2152,2,0.068479774,1512,Highly_Fatal_And_Damaging
46.57534247,11,5,60.16408387,0.48488352,75.58,6,18993.21332,3,0.004829661,6834,Significant_Damage_And_Serious_Injuries
47.71689498,14,1,67.31996354,0.300606563,78.54,2,13192.67464,1,0.183480956,4014,Minor_Damage_And_Injuries
24.88584475,14,19,59.48040109,0.40374396,78.7,1,38266.75565,0,1.412637009,10170,Highly_Fatal_And_Damaging
57.53424658,11,11,83.91066545,0.242907321,83.62,2,29926.32686,2,0.404401762,2162,Minor_Damage_And_Injuries
33.56164384,15,6,55.42388332,0.317195096,79.73,6,24858.07291,2,0.006066867,8257,Minor_Damage_And_Injuries
50.0456621,17,8,68.04922516,0.527797331,83.82,7,11063.86805,2,0.001429418,1650,Significant_Damage_And_Fatalities
42.28310502,12,2,56.88240656,0.331980527,94.2,2,52077.30167,2,0.706982634,11626,Minor_Damage_And_Injuries
55.11415525,12,9,43.66453965,0.721450415,75.63,2,37455.34117,1,0.508501264,1583,Highly_Fatal_And_Damaging
19.22374429,16,1,76.52689152,0.270314461,82.97,1,34379.30776,5,1.262768809,3189,Highly_Fatal_And_Damaging
28.40182648,13,6,49.68094804,0.361551388,77.53,4,16337.43249,2,0.028858732,11992,Significant_Damage_And_Fatalities
44.10958904,12,6,20.96627165,0.774822214,86.03,5,33020.68268,2,0.022161161,7978,Minor_Damage_And_Injuries
64.61187215,9,2,69.05195989,0.675651641,78.78,1,45741.20451,1,1.660431955,6143,Minor_Damage_And_Injuries
25.25114155,14,5,66.63628077,0.365878832,78.64,6,24892.55613,3,0.00609997,1584,Highly_Fatal_And_Damaging
50.3196347,13,0,56.19872379,0.462525063,79.05,2,43774.33972,2,0.592637234,1551,Highly_Fatal_And_Damaging
68.67579909,11,4,53.73746582,0.603888208,77.3,7,30305.51648,4,0.002563311,9180,Significant_Damage_And_Serious_Injuries
58.12785388,11,5,64.03828624,0.429347999,78.52,2,26388.2532,3,0.356822655,1252,Minor_Damage_And_Injuries
33.78995434,15,1,67.27438469,0.387516048,82.08,3,26977.61345,1,0.134484837,6214,Significant_Damage_And_Serious_Injuries
57.94520548,15,2,70.8295351,0.25625027,77.99,7,28395.06401,2,0.002918772,5974,Significant_Damage_And_Fatalities
48.26484018,7,11,70.14585232,0.303491525,77.42,4,43364.8415,3,0.07929952,11495,Highly_Fatal_And_Damaging
16.11872146,17,5,59.98176846,0.330538045,77.75,4,34800.64658,2,0.063753541,10993,Highly_Fatal_And_Damaging
40.68493151,13,2,76.75478578,0.421053732,76.4,6,20989.9556,1,0.00522411,6233,Significant_Damage_And_Serious_Injuries
33.92694064,15,0,67.00091158,0.527076091,79.92,3,51650.72424,2,0.263814687,6347,Significant_Damage_And_Serious_Injuries
54.52054795,9,3,76.29899727,0.335226109,78.56,3,15868.44394,2,0.077216928,4302,Significant_Damage_And_Serious_Injuries
30.77625571,12,4,74.61257976,0.28293617,76.99,4,33036.65233,2,0.060082167,12144,Highly_Fatal_And_Damaging
17.30593607,16,6,47.26526892,0.493899026,77.48,1,34417.31778,1,1.268077674,5566,Significant_Damage_And_Fatalities
33.97260274,11,5,69.09753874,0.34965092,82.08,6,21061.75243,2,0.005389075,7510,Highly_Fatal_And_Damaging
55.15981735,5,0,63.67365542,0.289427335,81.26,1,30706.35477,2,1.128056161,5186,Highly_Fatal_And_Damaging
25.57077626,14,8,71.87784868,0.223794446,76.66,1,49396.87641,2,1.907925646,11205,Highly_Fatal_And_Damaging
28.90410959,13,0,56.92798541,0.407350162,81.23,2,24974.74173,2,0.334875769,6179,Significant_Damage_And_Fatalities
23.37899543,15,5,80.4922516,0.218024522,79.33,1,31922.10032,2,1.16938262,12090,Highly_Fatal_And_Damaging
49.17808219,14,4,59.11577028,0.374894338,79.97,2,45878.87959,0,0.627669709,5325,Minor_Damage_And_Injuries
26.30136986,14,26,72.01458523,0.331980527,78.51,4,17884.80854,2,0.031158483,2691,Highly_Fatal_And_Damaging
70.3196347,4,21,61.94165907,0.453509556,79.72,2,11806.55067,3,0.134834939,12265,Significant_Damage_And_Serious_Injuries
51.05022831,13,6,64.72196901,0.52599423,78.34,4,51044.70911,2,0.09280466,5365,Minor_Damage_And_Injuries
37.80821918,14,5,71.92342753,0.277887486,75.96,2,30451.56601,2,0.411158532,1417,Significant_Damage_And_Serious_Injuries
26.62100457,17,3,78.76025524,0.304573386,78.11,3,49086.32798,3,0.243487496,11840,Significant_Damage_And_Serious_Injuries
22.28310502,15,6,92.11485871,0.238940498,80.09,4,30357.98583,2,0.056187079,4146,Highly_Fatal_And_Damaging
87.48858447,3,3,60.66545123,0.314670754,78.03,1,38341.4628,1,1.412949692,8735,Significant_Damage_And_Fatalities
31.59817352,12,0,73.33637192,0.333423008,84.99,4,43276.56458,1,0.078572719,1712,Highly_Fatal_And_Damaging
28.81278539,16,11,67.09206928,0.357223945,80.42,6,52430.45212,2,0.012809766,8420,Significant_Damage_And_Serious_Injuries
40.0913242,10,0,72.19690064,0.28221493,78.69,4,23420.20991,2,0.043469396,6756,Highly_Fatal_And_Damaging
49.22374429,14,4,65.81586144,0.251201587,78.64,1,18715.25776,0,0.693691258,2024,Minor_Damage_And_Injuries
17.57990868,16,0,62.89881495,0.477671114,77.65,4,26257.38792,1,0.048175501,10466,Highly_Fatal_And_Damaging
57.39726027,8,16,75.84320875,0.287263613,78.43,6,36295.10335,2,0.008692415,9855,Significant_Damage_And_Serious_Injuries
37.57990868,10,4,56.42661805,0.324407501,82.31,3,24779.92343,2,0.122043293,1151,Significant_Damage_And_Fatalities
45.34246575,15,14,66.86417502,0.276084385,81.15,2,40101.91966,4,0.54115283,12117,Minor_Damage_And_Injuries
12.46575342,18,0,55.69735643,0.633098449,78.46,4,40580.03774,1,0.073595872,9537,Highly_Fatal_And_Damaging
24.88584475,14,5,80.62898815,0.381746123,78.54,1,38266.75565,3,1.410503591,5266,Highly_Fatal_And_Damaging
28.49315068,16,16,76.43573382,0.281493689,78.54,6,37178.37697,1,0.009103878,7350,Significant_Damage_And_Serious_Injuries