Safety_Score,Days_Since_Inspection,Total_Safety_Complaints,Control_Metric,Turbulence_In_gforces,Cabin_Temperature,Accident_Type_Code,Max_Elevation,Violations,Adverse_Weather_Metric,Accident_ID,Severity
39.17808219,13,1,61.57702826,0.492095925,79.33,5,36968.46322,2,0.024534755,582,Significant_Damage_And_Serious_Injuries
32.10045662,15,3,74.56700091,0.251562207,78.16,3,39102.69536,1,0.195200993,3107,Significant_Damage_And_Serious_Injuries
30.73059361,12,3,67.59343665,0.25516841,86.13,4,38524.33189,0,0.070596509,4685,Highly_Fatal_And_Damaging
55.43378995,15,2,74.79489517,0.344241616,78.62,5,23744.06931,1,0.015649566,5292,Significant_Damage_And_Fatalities
40.3652968,10,5,56.51777575,0.40410458,76.18,3,7330.433139,1,0.012477811,8600,Highly_Fatal_And_Damaging
51.78082192,10,3,84.00182315,0.292312297,79.37,6,48317.93035,3,0.011345195,10166,Significant_Damage_And_Serious_Injuries
66.80365297,5,11,50.59252507,0.49894771,81.52,3,29830.85114,1,0.147784431,8861,Minor_Damage_And_Injuries
58.44748858,11,1,66.63628077,0.316834475,84.11,2,21374.97911,2,0.286821822,12404,Minor_Damage_And_Injuries
22.10045662,15,19,45.53327256,0.509405698,78.59,1,26597.15431,2,0.969928359,2806,Significant_Damage_And_Fatalities
40.0913242,10,14,57.65724704,0.414923188,78.79,4,35977.01231,1,0.065822195,2568,Highly_Fatal_And_Damaging
18.35616438,19,8,67.09206928,0.504717634,80.51,1,24135.44337,2,0.898387825,3998,Significant_Damage_And_Serious_Injuries
40.91324201,12,1,73.29079307,0.246874144,78.2,3,40416.90348,0,0.200404041,4633,Significant_Damage_And_Serious_Injuries
55.43378995,12,1,56.06198724,0.493899026,77.75,2,40813.30576,3,0.549704568,12397,Highly_Fatal_And_Damaging
1.415525114,21,5,64.12944394,0.419611251,81.93,4,36844.86827,2,0.06748373,5321,Highly_Fatal_And_Damaging
62.14611872,10,10,68.23154057,0.347126578,83.01,2,28213.42762,3,0.38116485,9990,Minor_Damage_And_Injuries
59.04109589,11,3,69.37101185,0.337389831,82.14,2,38384.43182,0,0.518441262,8118,Minor_Damage_And_Injuries
70.50228311,4,30,77.84867821,0.353257122,80.45,2,30068.57873,2,0.405598313,5370,Significant_Damage_And_Serious_Injuries
28.90410959,13,0,68.36827712,0.417086909,79.6,1,28193.96225,4,1.037197908,4085,Highly_Fatal_And_Damaging
50.1369863,13,25,65.26891522,0.340274793,77.05,1,27179.87288,1,1.008607933,10012,Minor_Damage_And_Injuries
28.53881279,16,4,66.90975387,0.344241616,84.62,2,40840.64636,0,0.552348029,2209,Significant_Damage_And_Serious_Injuries
17.71689498,16,2,62.12397448,0.369485034,83.65,3,34711.14822,4,0.173066681,12470,Highly_Fatal_And_Damaging
66.25570776,12,8,62.7620784,0.468294987,78.31,7,25006.93476,2,0.002124258,6118,Significant_Damage_And_Fatalities
58.08219178,11,8,48.67821331,0.598839524,80.17,6,33579.70499,4,0.008990355,6229,Highly_Fatal_And_Damaging
57.07762557,8,12,73.51868733,0.394367833,76.2,6,31378.04283,2,0.007651089,2461,Significant_Damage_And_Serious_Injuries
40.63926941,13,2,87.46581586,0.29627912,79.43,3,46306.19207,2,0.230849544,6210,Significant_Damage_And_Serious_Injuries
34.61187215,11,5,74.88605287,0.313588893,78.91,2,40754.76562,3,0.551381418,4029,Highly_Fatal_And_Damaging
49.5890411,10,14,56.3810392,0.466131266,77,3,20375.81543,2,0.102005622,8990,Significant_Damage_And_Serious_Injuries
39.04109589,10,4,69.00638104,0.330898666,82.57,4,32342.31338,1,0.059396626,8788,Highly_Fatal_And_Damaging
6.02739726,23,0,52.87146764,0.638507753,79.78,3,3855.743817,3,0.033559257,11906,Minor_Damage_And_Injuries
59.40639269,11,18,30.72014585,0.734793365,79.88,6,45199.66113,1,0.011408998,12111,Highly_Fatal_And_Damaging
56.52968037,11,10,85.05013674,0.259856473,81.53,7,36027.86127,2,0.00332244,2741,Minor_Damage_And_Injuries
29.6803653,13,16,75.47857794,0.233531194,75.67,1,30384.11425,1,1.109627272,9253,Highly_Fatal_And_Damaging
52.46575342,9,1,53.0993619,0.325849982,80.03,3,29213.84098,3,0.14545997,1210,Minor_Damage_And_Injuries
61.78082192,13,13,66.49954421,0.376336819,79.42,7,45795.50296,4,0.00397747,4043,Significant_Damage_And_Fatalities
59.40639269,11,9,49.63536919,0.346405337,82.81,3,8981.31546,2,0.033559257,3588,Highly_Fatal_And_Damaging
66.25570776,9,2,48.90610757,0.556286332,78.08,7,38888.75301,0,0.003661021,6146,Significant_Damage_And_Serious_Injuries
47.03196347,14,13,76.98268004,0.315752614,79.99,2,44315.60535,2,0.601349977,3576,Minor_Damage_And_Injuries
54.24657534,12,1,90.15496809,0.298442842,78.02,1,21526.32425,3,0.801636301,7837,Minor_Damage_And_Injuries
49.49771689,7,0,64.31175934,0.347487198,83.58,1,33963.8106,2,1.249339977,1419,Highly_Fatal_And_Damaging
36.62100457,10,0,73.74658159,0.291230436,82.2,7,23788.16101,1,0.00218528,7475,Highly_Fatal_And_Damaging
30.1826484,12,20,85.96171376,0.351814641,77.26,3,30389.32089,2,0.150239799,9733,Highly_Fatal_And_Damaging
61.78082192,10,20,56.19872379,0.39076163,80.47,7,48569.55629,1,0.004602863,10611,Significant_Damage_And_Serious_Injuries
58.31050228,11,1,54.9680948,0.508684457,75.98,2,42084.55625,1,0.56890846,5217,Highly_Fatal_And_Damaging
30.1826484,12,6,82.45214221,0.18809304,77.63,4,21267.70437,1,0.038347765,6182,Highly_Fatal_And_Damaging
31.59817352,12,3,56.83682771,0.586939055,83.58,1,39741.34628,2,1.462002426,9774,Significant_Damage_And_Fatalities
59.6803653,14,7,39.88149499,0.72902344,77.27,2,31220.94917,2,0.421126243,3138,Highly_Fatal_And_Damaging
11.32420091,18,2,47.90337284,0.514093761,78.95,4,24455.0852,3,0.044928916,6412,Significant_Damage_And_Fatalities
82.23744292,7,6,62.53418414,0.278608727,77.55,4,29333.07,1,0.05288747,1468,Significant_Damage_And_Fatalities
63.65296804,10,2,56.01640839,0.438724125,83.58,2,20482.4787,2,0.276520836,12206,Highly_Fatal_And_Damaging
13.37899543,18,8,68.00364631,0.384270465,78.93,4,31041.73851,2,0.057707312,9311,Highly_Fatal_And_Damaging
46.62100457,11,0,60.30082042,0.504717634,87.47,6,28384.96672,0,0.007077648,12031,Significant_Damage_And_Serious_Injuries
48.63013699,7,1,59.61713765,0.364796971,79.69,4,12320.28353,2,0.022024369,9492,Highly_Fatal_And_Damaging
55.84474886,8,12,73.51868733,0.388958529,77.82,6,34199.89157,1,0.009016833,4210,Significant_Damage_And_Serious_Injuries
29.08675799,20,8,54.8769371,0.479113595,78.34,3,25239.66271,2,0.126257239,6835,Highly_Fatal_And_Damaging
41.41552511,9,1,76.43573382,0.411316985,76.56,1,23350.89106,3,0.859539949,7876,Highly_Fatal_And_Damaging
55.15981735,8,5,85.68824066,0.298442842,81.38,3,35104.65297,3,0.175089765,10824,Significant_Damage_And_Serious_Injuries
35.93607306,11,4,78.07657247,0.205763433,80.24,4,33492.60989,1,0.061274296,3672,Highly_Fatal_And_Damaging
50.95890411,10,12,68.50501367,0.374894338,86.4,4,39759.02,3,0.072388521,4195,Significant_Damage_And_Serious_Injuries
32.78538813,15,5,47.21969006,0.407710783,78.37,1,37034.40564,2,1.351274876,4331,Minor_Damage_And_Injuries
48.26484018,11,1,53.91978122,0.432232961,86.42,2,40909.57632,3,0.555593899,10082,Minor_Damage_And_Injuries
40.59360731,13,1,65.90701914,0.502553913,79.64,6,37921.07399,1,0.010052366,12126,Significant_Damage_And_Serious_Injuries
55.06849315,12,0,78.76025524,0.308179589,84.46,2,24784.66387,3,0.335627809,5008,Minor_Damage_And_Injuries
65.75342466,9,5,53.32725615,0.317916336,76.65,2,36219.52131,4,0.489011563,12115,Minor_Damage_And_Injuries
45.02283105,15,0,66.18049225,0.252283448,80.09,2,33599.09027,0,0.457013215,9366,Minor_Damage_And_Injuries
55.84474886,8,11,69.87237922,0.475146772,83.28,3,24641.46415,3,0.122543644,11362,Significant_Damage_And_Serious_Injuries
38.12785388,10,2,65.99817685,0.547992066,77.34,1,24314.56676,4,0.905640294,9156,Highly_Fatal_And_Damaging
27.16894977,13,7,54.19325433,0.455312658,87,4,22442.65908,2,0.040289698,1298,Highly_Fatal_And_Damaging
29.8173516,16,7,49.04284412,0.374533718,81.18,5,32666.80939,1,0.022389162,7672,Minor_Damage_And_Injuries
19.7716895,16,0,66.59070191,0.380303642,80.12,4,31164.45231,3,0.056990514,1692,Highly_Fatal_And_Damaging
42.96803653,15,9,65.13217867,0.330898666,78.24,2,43812.86573,1,0.59022175,8067,Minor_Damage_And_Injuries
41.96347032,12,12,62.26071103,0.403022719,78.85,6,38068.07041,0,0.009399694,10806,Significant_Damage_And_Serious_Injuries
75.66210046,10,9,57.52051048,0.351093401,83.72,7,29171.21137,2,0.00269001,8588,Significant_Damage_And_Fatalities
53.92694064,12,23,63.67365542,0.258774612,77.94,3,10850.54974,3,0.051279793,10778,Minor_Damage_And_Injuries
29.8173516,16,10,49.04284412,0.280772449,78.95,4,26026.02897,2,0.048450867,7271,Minor_Damage_And_Injuries
50.59360731,13,4,70.41932543,0.361190768,81.26,4,32908.29368,0,0.059734503,7776,Minor_Damage_And_Injuries
15.98173516,17,10,84.27529626,0.293394158,83.22,2,48513.29459,3,0.664582259,3304,Highly_Fatal_And_Damaging
26.94063927,13,6,61.4402917,0.26851136,81.1,4,33355.86404,2,0.061452587,3484,Highly_Fatal_And_Damaging
44.52054795,15,2,55.60619872,0.286902993,77.83,2,26770.26254,3,0.361178741,4487,Highly_Fatal_And_Damaging
42.23744292,9,8,58.70556062,0.2959185,80.55,4,22429.8626,3,0.040335528,3934,Highly_Fatal_And_Damaging
65.66210046,12,2,79.1704649,0.230646232,79.63,7,37614.55942,1,0.003480723,4901,Significant_Damage_And_Fatalities
77.67123288,2,3,76.61804923,0.455673278,76.18,4,49986.89941,2,0.091488709,690,Minor_Damage_And_Injuries
24.88584475,17,17,37.73928897,0.399416516,80.71,2,30393.23661,2,0.408795984,9964,Minor_Damage_And_Injuries
31.64383562,12,5,66.08933455,0.266347638,76.79,1,24354.54712,3,0.898387825,4932,Highly_Fatal_And_Damaging
37.76255708,17,21,41.43117593,0.537894699,78.76,3,10571.27058,3,0.056017301,2781,Highly_Fatal_And_Damaging
39.45205479,17,4,63.94712853,0.264183916,78.4,3,38340.12169,2,0.1914681,1525,Minor_Damage_And_Injuries
54.84018265,9,28,73.01731996,0.330898666,77.85,7,3470.002175,1,0.001307884,9899,Significant_Damage_And_Serious_Injuries
89.08675799,6,0,66.49954421,0.311785792,79.06,5,35730.89714,2,0.024712214,2133,Significant_Damage_And_Fatalities
45.52511416,11,1,58.61440292,0.470458709,82.34,6,28815.42726,2,0.007438602,4542,Significant_Damage_And_Serious_Injuries
34.79452055,14,11,58.75113947,0.448100252,78.15,3,45004.0014,2,0.224051805,12022,Significant_Damage_And_Serious_Injuries
48.63013699,7,6,76.75478578,0.293033538,75.88,4,42688.63692,3,0.078690309,6529,Highly_Fatal_And_Damaging
33.74429224,15,7,70.14585232,0.317195096,78.58,3,19783.47135,2,0.099943014,2087,Significant_Damage_And_Serious_Injuries
41.32420091,16,18,67.36554239,0.398334656,81.86,7,19804.49457,1,0.002037902,3726,Minor_Damage_And_Injuries
18.21917808,16,8,59.61713765,0.338111071,76.95,4,21620.87164,1,0.039675653,5019,Highly_Fatal_And_Damaging
42.69406393,9,5,63.44576117,0.256610891,81.53,1,29887.2365,1,1.103234634,1992,Highly_Fatal_And_Damaging
38.99543379,10,1,62.80765725,0.286181753,75.31,4,18426.27714,4,0.034097724,7408,Highly_Fatal_And_Damaging
65.98173516,9,18,65.26891522,0.334865489,82.3,2,33226.13069,3,0.450817704,11861,Minor_Damage_And_Injuries
28.58447489,20,1,73.65542388,0.384270465,81.15,4,26274.69289,2,0.047871629,10872,Minor_Damage_And_Injuries
44.84018265,8,22,71.96900638,0.318637577,81.9,7,64297.65122,3,0.004383559,5870,Highly_Fatal_And_Damaging
24.15525114,14,3,53.50957156,0.392204111,81.06,2,33591.98082,1,0.453693975,168,Significant_Damage_And_Fatalities
38.58447489,13,5,65.58796718,0.313588893,76.49,4,47507.71687,2,0.086532665,7958,Significant_Damage_And_Serious_Injuries
68.76712329,8,18,65.22333637,0.399055896,76.33,5,45578.4419,1,0.029482205,7100,Minor_Damage_And_Injuries
29.08675799,16,2,81.17593437,0.289427335,81.7,6,29272.47245,1,0.007350708,5699,Significant_Damage_And_Serious_Injuries
19.40639269,15,3,53.372835,0.47226181,79.46,4,27296.49509,2,0.049622739,7082,Significant_Damage_And_Fatalities
33.01369863,15,0,54.37556974,0.252644068,81.05,4,27350.12992,1,0.050379357,2129,Minor_Damage_And_Injuries
55.02283105,12,1,50.95715588,0.439445366,86.34,2,35580.6487,3,0.483125215,1337,Minor_Damage_And_Injuries
36.30136986,18,1,74.74931632,0.389679769,81.15,4,37047.55116,3,0.067297134,10234,Minor_Damage_And_Injuries
18.53881279,16,12,62.44302644,0.314670754,77.53,6,33914.11688,1,0.009187615,2742,Highly_Fatal_And_Damaging
42.96803653,16,2,65.99817685,0.329456185,77.69,5,39029.83351,1,0.026012414,11098,Minor_Damage_And_Injuries
50.2283105,10,5,49.27073838,0.384991706,81.43,7,43968.59426,1,0.003846037,5148,Minor_Damage_And_Injuries
34.38356164,18,0,50.82041933,0.439445366,82.31,2,55189.50582,0,0.751591485,2257,Highly_Fatal_And_Damaging
25.98173516,17,4,59.61713765,0.529600433,80.19,3,24122.30663,1,0.120097893,10299,Significant_Damage_And_Serious_Injuries
56.25570776,12,40,55.46946217,0.727580959,79.66,3,39022.5829,3,0.194834612,8894,Highly_Fatal_And_Damaging
30.3196347,12,6,68.41385597,0.277526866,81.39,4,40821.19588,2,0.07489833,1606,Highly_Fatal_And_Damaging
54.70319635,6,4,80.03646308,0.224876307,80.41,1,33186.72081,3,1.21979395,8584,Highly_Fatal_And_Damaging
57.53424658,11,1,77.07383774,0.24218608,83.17,2,34747.02646,3,0.471153593,5995,Minor_Damage_And_Injuries
80.59360731,8,14,56.83682771,0.502914533,76.41,7,36458.58021,2,0.002949219,11271,Significant_Damage_And_Fatalities
55.25114155,11,2,48.4958979,0.691158312,80.47,2,42231.82324,3,0.56896912,10803,Highly_Fatal_And_Damaging
50.2739726,17,14,59.79945305,0.469376848,76.04,7,22951.83593,3,0.0023283,843,Significant_Damage_And_Fatalities
6.02739726,21,0,52.87146764,0.4311511,77.82,7,35901.48037,1,0.003022079,8216,Minor_Damage_And_Injuries
12.96803653,18,9,66.08933455,0.254447169,75.25,4,22535.73019,0,0.040926354,6680,Highly_Fatal_And_Damaging
13.69863014,17,0,63.40018232,0.251922827,78.2,7,36059.22158,3,0.003116459,7830,Highly_Fatal_And_Damaging
42.69406393,16,22,67.68459435,0.25552903,83.03,4,31925.74278,2,0.058381927,4356,Minor_Damage_And_Injuries
40.1826484,16,3,59.29808569,0.439084746,81.38,2,44363.18912,3,0.598789654,2730,Minor_Damage_And_Injuries
48.90410959,14,17,72.92616226,0.391482871,75.29,2,25016.36379,0,0.337996375,6951,Minor_Damage_And_Injuries
25.66210046,14,3,62.26071103,0.461803823,83.19,4,28465.35424,3,0.052047201,9079,Highly_Fatal_And_Damaging
49.17808219,7,8,86.00729262,0.484522899,83.19,1,23785.9624,3,0.870409654,7117,Highly_Fatal_And_Damaging
48.17351598,14,4,78.44120328,0.308179589,78.54,5,43972.09717,2,0.030324009,223,Minor_Damage_And_Injuries
46.34703196,14,16,49.63536919,0.437281644,77.89,3,26137.02409,1,0.128573249,4422,Highly_Fatal_And_Damaging
55.84474886,8,2,70.37374658,0.293754778,85.64,7,38405.20903,2,0.003434911,6547,Significant_Damage_And_Serious_Injuries
55.02283105,15,2,72.97174111,0.39112225,81.56,7,15088.78111,2,0.001431979,10020,Significant_Damage_And_Fatalities
59.13242009,11,3,71.28532361,0.194944825,77.96,5,32944.33368,2,0.021863467,5540,Minor_Damage_And_Injuries
76.39269406,10,4,51.00273473,0.717844212,76.02,7,38888.75301,1,0.003628838,2740,Significant_Damage_And_Serious_Injuries
55.25114155,8,12,63.12670921,0.563138118,76.09,3,43209.8141,3,0.214244805,1629,Significant_Damage_And_Serious_Injuries
48.44748858,7,8,88.05834093,0.2959185,75.35,1,31117.25437,4,1.139181357,1189,Highly_Fatal_And_Damaging
9.680365297,18,2,60.98450319,0.401940858,76.66,2,32729.71996,3,0.442732959,10190,Highly_Fatal_And_Damaging
59.7716895,7,21,49.95442115,0.435478543,80.98,5,26065.45381,3,0.016908445,890,Minor_Damage_And_Injuries
63.92694064,13,4,75.38742024,0.333062387,78.64,7,31746.63443,2,0.00269001,3925,Significant_Damage_And_Fatalities
24.38356164,14,6,45.53327256,0.359387667,77.68,2,31355.61349,3,0.424285999,696,Significant_Damage_And_Fatalities
28.94977169,13,0,68.36827712,0.398695276,81.48,2,40840.64636,0,0.551040805,4369,Highly_Fatal_And_Damaging
42.23744292,9,11,70.87511395,0.4044652,82.08,4,49040.71611,3,0.090592444,423,Highly_Fatal_And_Damaging
13.92694064,21,7,77.07383774,0.321161918,81.31,6,31750.40468,1,0.00812808,5778,Significant_Damage_And_Serious_Injuries
76.39269406,9,12,62.03281677,0.385352326,85.99,7,29171.21137,3,0.002611961,5943,Significant_Damage_And_Fatalities
28.90410959,13,0,48.72379216,0.511569419,81.05,1,29636.50204,3,1.096336157,5081,Significant_Damage_And_Fatalities
42.64840183,9,1,80.62898815,0.223433826,81.61,1,27215.1382,3,1.008607933,5549,Highly_Fatal_And_Damaging
57.44292237,11,11,49.63536919,0.543664623,82.23,7,39795.04301,3,0.003657956,5375,Minor_Damage_And_Injuries
31.23287671,12,11,60.48313582,0.556646953,75.94,1,27127.92461,5,0.996497974,6161,Highly_Fatal_And_Damaging
32.73972603,19,0,56.83682771,0.786362063,79.64,3,19494.85874,2,0.094561641,3711,Highly_Fatal_And_Damaging
68.67579909,11,11,69.00638104,0.253725929,79.08,7,31719.30836,1,0.002728928,12094,Significant_Damage_And_Fatalities
45.06849315,11,6,72.56153145,0.351454021,77.72,3,31439.46848,3,0.157836605,12290,Significant_Damage_And_Serious_Injuries
41.82648402,12,1,41.61349134,0.645359538,78.9,7,24600.5651,3,0.002148512,6997,Minor_Damage_And_Injuries
29.9543379,16,0,65.13217867,0.396892175,80.12,6,38525.41418,2,0.010052366,8255,Significant_Damage_And_Serious_Injuries
38.26484018,10,0,71.28532361,0.41780815,84.92,4,40160.7024,2,0.074570854,7607,Highly_Fatal_And_Damaging
21.27853881,15,11,74.74931632,0.428266138,81.15,1,22087.48601,3,0.815759669,8917,Highly_Fatal_And_Damaging
58.12785388,11,5,84.00182315,0.351093401,81.38,2,35354.64915,2,0.478306032,1642,Minor_Damage_And_Injuries
33.24200913,15,2,67.36554239,0.507963217,80.98,3,30071.57756,2,0.14944739,11887,Significant_Damage_And_Serious_Injuries
49.5890411,10,5,61.85050137,0.245792283,77.29,6,30026.55441,3,0.007503479,4096,Significant_Damage_And_Serious_Injuries
35.52511416,14,15,76.93710119,0.453870177,84.28,6,33944.64314,1,0.008270877,2543,Significant_Damage_And_Serious_Injuries
35.38812785,18,1,70.23701003,0.387516048,87.11,1,24312.57633,3,0.890281948,4383,Minor_Damage_And_Injuries
44.20091324,19,0,65.58796718,0.279329968,78.41,2,22969.33828,2,0.311631545,11745,Significant_Damage_And_Fatalities
38.08219178,10,2,58.70556062,0.2959185,77.13,4,28183.32313,2,0.052019506,11754,Highly_Fatal_And_Damaging
40.0456621,13,0,76.75478578,0.242907321,81.04,5,27417.59945,2,0.018465146,2723,Significant_Damage_And_Serious_Injuries
56.94063927,11,17,69.91795807,0.307097728,76.56,5,16673.2615,1,0.011600334,5587,Minor_Damage_And_Injuries
42.96803653,15,4,77.89425706,0.243989181,81.73,2,37085.87476,4,0.498635559,844,Minor_Damage_And_Injuries
62.37442922,13,7,42.023701,0.589824017,79.58,7,31898.64017,2,0.002871009,5313,Significant_Damage_And_Fatalities
54.42922374,12,4,56.97356427,0.542582762,81.72,2,37342.65062,2,0.506304901,3585,Highly_Fatal_And_Damaging
50.82191781,10,15,55.69735643,0.311785792,78.28,3,35207.39867,2,0.17583753,9327,Significant_Damage_And_Serious_Injuries
39.6803653,20,3,61.62260711,0.444133429,81.06,7,13790.87447,3,0.001459797,10278,Significant_Damage_And_Fatalities
68.63013699,8,1,70.46490428,0.32296502,76.4,5,44036.81466,1,0.029708181,10436,Minor_Damage_And_Injuries
40.1826484,16,7,61.53144941,0.237858637,80.22,2,40686.38439,2,0.551381418,12259,Minor_Damage_And_Injuries
43.28767123,9,24,83.7739289,0.433675442,86.36,7,25796.94853,2,0.002414052,750,Highly_Fatal_And_Damaging
40.77625571,16,6,53.23609845,0.724335377,78.55,3,45350.76032,2,0.222405152,616,Highly_Fatal_And_Damaging
61.82648402,13,13,75.75205105,0.311064551,76.93,7,32690.62577,3,0.00302253,12200,Significant_Damage_And_Fatalities
38.40182648,13,2,59.98176846,0.375254959,83.96,3,13468.0085,2,0.063996525,11962,Significant_Damage_And_Serious_Injuries
41.78082192,9,6,52.05104831,0.380303642,79.66,3,14515.79515,2,0.075315564,6567,Highly_Fatal_And_Damaging
22.92237443,15,0,63.35460346,0.576481067,78.18,4,40729.81478,0,0.07439772,211,Highly_Fatal_And_Damaging
57.12328767,15,7,57.52051048,0.444133429,79.6,7,47578.16088,2,0.004404294,1688,Significant_Damage_And_Fatalities
49.45205479,14,4,68.09480401,0.369845655,78.42,2,28208.25937,2,0.379538267,7771,Minor_Damage_And_Injuries
48.44748858,7,1,76.75478578,0.293033538,80.2,6,23412.78228,0,0.006137196,2615,Highly_Fatal_And_Damaging
4.931506849,20,2,89.88149499,0.21513956,77.91,4,38564.12923,2,0.07015033,8856,Highly_Fatal_And_Damaging
49.26940639,14,6,52.09662716,0.490292824,83.57,2,37251.6714,1,0.504117435,1110,Highly_Fatal_And_Damaging
41.68949772,20,2,62.62534184,0.383188604,79.01,7,13538.09195,2,0.001244245,3899,Significant_Damage_And_Fatalities
22.19178082,18,2,59.02461258,0.278608727,78.17,3,42046.75094,2,0.209489041,5802,Significant_Damage_And_Serious_Injuries
46.80365297,11,1,50.77484047,0.626607285,76.26,1,10587.35258,3,0.202495647,11948,Minor_Damage_And_Injuries
37.44292237,17,15,69.59890611,0.333423008,76.33,2,26900.70286,2,0.365529248,7423,Minor_Damage_And_Injuries
40.77625571,16,11,53.23609845,0.524191129,82.71,1,21022.74327,3,0.775459295,5577,Highly_Fatal_And_Damaging
55.11415525,12,2,43.66453965,0.585496574,80.19,3,37438.2062,2,0.185647076,10700,Highly_Fatal_And_Damaging
20.1826484,15,0,53.91978122,0.469376848,77.63,4,36624.27963,1,0.067472636,12153,Significant_Damage_And_Fatalities
51.18721461,10,6,73.74658159,0.347847818,78.64,3,29213.27813,0,0.145829384,2466,Significant_Damage_And_Serious_Injuries
1.415525114,22,2,63.90154968,0.353617743,80.86,3,25720.91641,2,0.128896402,8846,Highly_Fatal_And_Damaging
49.26940639,10,0,65.45123063,0.505078255,77.55,5,31051.27797,0,0.02003023,861,Significant_Damage_And_Serious_Injuries
53.15068493,12,3,61.48587056,0.514093761,77.55,7,25648.66761,0,0.002366971,9016,Minor_Damage_And_Injuries
14.47488584,17,3,38.14949863,0.705583123,77.67,6,31647.88432,2,0.008024948,7049,Significant_Damage_And_Fatalities
49.7260274,10,11,77.52962625,0.313949513,84.8,6,53200.86315,2,0.013041778,1887,Significant_Damage_And_Serious_Injuries
70.0913242,11,1,68.45943482,0.421053732,79.23,7,25251.11556,3,0.002267412,9944,Significant_Damage_And_Fatalities
49.31506849,14,6,37.64813127,0.540419041,77.9,3,46367.37043,2,0.231087541,8682,Minor_Damage_And_Injuries
29.6347032,16,13,70.00911577,0.198190408,77.27,6,39117.45998,0,0.009398348,8933,Significant_Damage_And_Serious_Injuries
28.63013699,13,1,97.67547858,0.208287775,81.39,4,23086.02269,2,0.042786406,55,Highly_Fatal_And_Damaging
62.37442922,13,5,61.03008204,0.48596538,77.62,7,17343.66222,1,0.00179098,1142,Significant_Damage_And_Fatalities
51.78082192,13,12,57.88514129,0.426823657,80.07,2,39313.00596,2,0.534664927,10983,Minor_Damage_And_Injuries
2.739726027,23,4,66.90975387,0.36371511,77.62,4,35962.42199,2,0.065992443,4471,Highly_Fatal_And_Damaging
27.62557078,13,2,65.67912489,0.551237649,75.8,2,23197.32945,1,0.314050656,8858,Highly_Fatal_And_Damaging
50.50228311,13,22,45.89790337,0.804753696,77.55,2,24034.95671,0,0.328620657,5927,Highly_Fatal_And_Damaging
16.11872146,17,3,82.58887876,0.218745763,79.15,4,41380.20066,3,0.076505898,646,Highly_Fatal_And_Damaging
28.90410959,13,0,68.36827712,0.388237288,84.21,2,31748.25295,3,0.428633208,7589,Highly_Fatal_And_Damaging
68.85844749,11,9,81.58614403,0.29627912,79.62,7,36737.25758,4,0.003121649,9275,Significant_Damage_And_Fatalities
20.4109589,19,5,66.63628077,0.368403173,78.73,2,40716.71421,2,0.55117256,4759,Significant_Damage_And_Serious_Injuries
68.67579909,11,4,73.92889699,0.436199784,83.07,7,26023.20726,3,0.00234866,4883,Significant_Damage_And_Fatalities
55.61643836,8,12,77.66636281,0.276084385,84.48,5,53200.86315,2,0.035165033,10523,Significant_Damage_And_Serious_Injuries
27.85388128,13,8,71.05742935,0.306376488,86.57,4,37158.72552,3,0.067964505,7667,Highly_Fatal_And_Damaging
52.46575342,13,7,85.09571559,0.199632889,77.95,5,45783.52766,2,0.031615331,10679,Minor_Damage_And_Injuries
30,13,3,61.66818596,0.346405337,78.66,4,36292.19498,1,0.065764942,4022,Highly_Fatal_And_Damaging
56.89497717,8,2,100,0.21441832,84.83,3,41662.69223,3,0.208414226,11402,Significant_Damage_And_Serious_Injuries
39.543379,21,11,68.55059253,0.231006852,77.86,7,26992.78692,2,0.002143519,1154,Significant_Damage_And_Fatalities
54.42922374,12,8,44.89516864,0.621197981,80.25,4,45343.98698,3,0.083851546,4490,Highly_Fatal_And_Damaging
71.59817352,7,19,76.52689152,0.374533718,77.69,2,19525.85738,2,0.252547765,6398,Minor_Damage_And_Injuries
43.65296804,12,10,51.09389243,0.341717274,82.45,4,29832.35471,2,0.054445065,12490,Minor_Damage_And_Injuries
54.52054795,9,3,76.29899727,0.258774612,79.47,3,27417.59945,0,0.135850462,9548,Significant_Damage_And_Serious_Injuries
16.48401826,16,2,47.26526892,0.514093761,80.47,2,30701.49036,3,0.41673381,8472,Significant_Damage_And_Fatalities
57.35159817,11,7,65.22333637,0.348929679,80.84,2,28248.20035,1,0.382297819,12061,Minor_Damage_And_Injuries
32.55707763,12,3,57.01914312,0.399777137,80.27,7,25794.58087,3,0.002281694,347,Significant_Damage_And_Fatalities
2.648401826,21,4,64.12944394,0.245792283,85.22,7,28326.86045,0,0.002704366,717,Highly_Fatal_And_Damaging
20.95890411,15,1,80.62898815,0.396892175,85.3,4,39527.63881,0,0.073123348,10655,Highly_Fatal_And_Damaging
49.08675799,10,0,66.90975387,0.302770285,79.24,7,41567.52106,2,0.003762409,7779,Minor_Damage_And_Injuries
53.88127854,12,8,70.10027347,0.22848251,75.05,5,20520.74105,4,0.014638219,11078,Minor_Damage_And_Injuries
16.66666667,20,9,67.6390155,0.505078255,80.51,1,36873.07077,2,1.346364085,6813,Significant_Damage_And_Serious_Injuries