Safety_Score,Days_Since_Inspection,Total_Safety_Complaints,Control_Metric,Turbulence_In_gforces,Cabin_Temperature,Accident_Type_Code,Max_Elevation,Violations,Adverse_Weather_Metric,Accident_ID,Severity
39.7260274,17,4,69.4165907,0.246874144,81.95,2,32990.91494,1,0.447798128,8522,Minor_Damage_And_Injuries
56.57534247,12,6,70.19143118,0.316834475,80.37,2,38350.71956,0,0.51935507,1636,Minor_Damage_And_Injuries
40.1369863,20,3,66.68185962,0.353257122,78.09,7,28356.8132,0,0.002763505,6124,Significant_Damage_And_Fatalities
44.42922374,8,4,60.57429353,0.476228633,82.03,3,18214.70627,3,0.089254962,2565,Highly_Fatal_And_Damaging
37.30593607,14,7,62.12397448,0.232088713,81.82,6,27255.61956,1,0.006603423,7211,Significant_Damage_And_Serious_Injuries
19.36073059,19,3,64.5396536,0.28257555,79.47,3,38399.4551,2,0.190396357,10469,Significant_Damage_And_Serious_Injuries
55.57077626,12,2,64.99544211,0.289787955,83.83,2,40981.16893,2,0.556483734,12218,Minor_Damage_And_Injuries
52.78538813,9,5,50.91157703,0.645359538,79.06,4,26015.96294,1,0.047668335,2901,Minor_Damage_And_Injuries
68.49315068,11,1,61.71376481,0.370927515,78.32,7,22248.33504,2,0.001966385,4128,Significant_Damage_And_Fatalities
72.55707763,4,11,50.59252507,0.408071403,83.5,3,40844.10823,1,0.204090221,6373,Minor_Damage_And_Injuries
54.84018265,9,9,78.57793984,0.39112225,81.73,2,42692.4127,2,0.577778977,8347,Significant_Damage_And_Serious_Injuries
54.10958904,16,2,60.11850501,0.358305806,79.82,2,42621.84361,3,0.576823928,11889,Significant_Damage_And_Fatalities
56.57534247,12,1,74.56700091,0.344241616,80.53,2,35354.64915,4,0.478763293,4421,Minor_Damage_And_Injuries
31.68949772,19,6,61.48587056,0.330898666,80.25,3,19201.50213,0,0.097059186,8487,Minor_Damage_And_Injuries
39.13242009,10,6,72.01458523,0.225597548,79.39,1,34397.75742,2,1.268472711,8531,Highly_Fatal_And_Damaging
36.62100457,14,0,36.78213309,0.454952038,77.74,7,33637.18008,3,0.003116459,3738,Minor_Damage_And_Injuries
58.99543379,14,5,62.71649954,0.461803823,83.01,7,35154.72726,2,0.003214794,11483,Significant_Damage_And_Fatalities
36.80365297,10,5,53.60072926,0.476589254,78.91,6,32677.20608,2,0.007767288,10779,Highly_Fatal_And_Damaging
32.87671233,15,0,73.88331814,0.364796971,80.72,6,34727.77518,3,0.008427571,8996,Significant_Damage_And_Serious_Injuries
57.12328767,8,12,62.89881495,0.44521529,82.66,3,37378.44026,0,0.186439935,9330,Significant_Damage_And_Serious_Injuries
51.36986301,16,0,70.19143118,0.308900829,79.27,7,22121.02976,2,0.001900375,6623,Significant_Damage_And_Fatalities
49.26940639,10,10,70.19143118,0.555925712,77.62,1,36925.03526,2,1.363369436,5214,Significant_Damage_And_Serious_Injuries
69.9543379,11,3,64.81312671,0.276805626,81.85,7,30442.0287,3,0.002900787,11678,Significant_Damage_And_Fatalities
44.56621005,12,20,57.15587967,0.725417238,80.8,3,45955.03814,0,0.226944244,3074,Minor_Damage_And_Injuries
71.59817352,2,0,56.3810392,0.381024883,82.82,7,36104.85699,1,0.003121649,10684,Minor_Damage_And_Injuries
47.03196347,14,2,97.76663628,0.256971511,83.34,1,31279.25913,2,1.142419445,864,Minor_Damage_And_Injuries
42.10045662,12,2,56.15314494,0.537534079,82.64,7,41724.56872,1,0.003837084,7675,Minor_Damage_And_Injuries
72.87671233,10,7,66.31722881,0.278608727,77.27,7,16029.08124,4,0.001234514,5935,Significant_Damage_And_Fatalities
74.20091324,9,4,37.28350046,0.694764515,88.18,7,27237.90631,2,0.002280337,2757,Significant_Damage_And_Serious_Injuries
28.08219178,13,7,81.35824977,0.303130905,78.31,4,30992.04278,3,0.05632954,1297,Highly_Fatal_And_Damaging
36.43835616,14,2,49.95442115,0.354338983,80.71,2,36091.55277,1,0.493845718,7470,Minor_Damage_And_Injuries
30.3196347,12,4,86.50865998,0.362993869,77,6,24720.96939,2,0.006077408,76,Highly_Fatal_And_Damaging
52.96803653,9,2,55.69735643,0.380303642,77.52,3,42253.18094,4,0.211178176,11997,Minor_Damage_And_Injuries
36.11872146,11,4,75.15952598,0.326571223,77.94,1,24420.713,2,0.894409699,4320,Highly_Fatal_And_Damaging
56.25570776,11,18,62.26071103,0.289066715,88.71,2,51010.50638,3,0.690878232,4273,Highly_Fatal_And_Damaging
41.68949772,13,17,75.20510483,0.52527299,79.53,6,38428.20202,3,0.009682691,4852,Significant_Damage_And_Serious_Injuries
62.96803653,13,3,61.03008204,0.496423368,77.39,5,25094.35704,3,0.016309352,5740,Significant_Damage_And_Fatalities
63.83561644,13,4,75.84320875,0.324046881,79.47,7,39615.1051,2,0.003456042,9106,Significant_Damage_And_Fatalities
41.14155251,9,12,60.98450319,0.33666859,86.43,1,49722.57434,3,1.907925646,3719,Highly_Fatal_And_Damaging
23.78995434,14,13,56.83682771,0.375976199,82.11,5,35120.77623,2,0.023244491,6435,Highly_Fatal_And_Damaging
79.543379,8,0,70.00911577,0.353257122,82.2,3,34142.82827,0,0.1720013,2351,Significant_Damage_And_Fatalities
16.52968037,16,0,72.24247949,0.331259286,79.91,4,23643.27852,0,0.043568869,10198,Highly_Fatal_And_Damaging
22.69406393,18,14,65.90701914,0.49930833,80.51,6,34198.75696,3,0.008737944,5836,Significant_Damage_And_Serious_Injuries
43.33333333,16,15,75.38742024,0.392925352,76.02,7,22951.83593,1,0.00246153,6172,Minor_Damage_And_Injuries
49.08675799,14,2,69.69006381,0.372730617,81.82,2,43971.71045,1,0.596791289,2119,Minor_Damage_And_Injuries
32.87671233,15,8,75.25068368,0.380303642,76.18,6,45290.89147,2,0.011556872,900,Significant_Damage_And_Serious_Injuries
45.79908676,15,1,78.48678213,0.386434187,79.45,2,59108.87717,2,0.775872856,6535,Minor_Damage_And_Injuries
44.06392694,12,3,72.92616226,0.386073567,76.73,6,39422.84677,4,0.009890656,7412,Significant_Damage_And_Serious_Injuries
46.62100457,8,3,73.65542388,0.368042553,77.17,4,41917.32217,3,0.076320599,10116,Highly_Fatal_And_Damaging
54.29223744,9,2,75.47857794,0.370927515,76.32,2,31290.80933,2,0.423471024,431,Significant_Damage_And_Serious_Injuries
31.73515982,15,0,82.13309025,0.176553191,79.52,1,38360.57307,3,1.40966133,2458,Significant_Damage_And_Serious_Injuries
46.21004566,11,0,57.15587967,0.300606563,85.61,6,40968.8743,4,0.009883079,9409,Minor_Damage_And_Injuries
82.23744292,7,0,59.38924339,0.364796971,83.08,6,30551.91447,2,0.00756717,8437,Significant_Damage_And_Fatalities
58.35616438,4,2,75.15952598,0.249759106,79.76,3,28201.73534,1,0.141000605,11660,Highly_Fatal_And_Damaging
48.17351598,14,14,70.64721969,0.370206275,79.17,2,42622.37152,1,0.57878352,10123,Minor_Damage_And_Injuries
33.24200913,15,5,64.26618049,0.335226109,76.4,6,22429.33718,2,0.005009797,6615,Significant_Damage_And_Serious_Injuries
29.13242009,16,3,78.80583409,0.205402813,78.84,6,42630.00168,2,0.010582328,5745,Significant_Damage_And_Serious_Injuries
42.92237443,12,12,43.80127621,0.675651641,81.74,2,33060.13322,3,0.447344516,9723,Minor_Damage_And_Injuries
31.96347032,15,3,62.07839562,0.344962856,82.45,3,26433.28614,3,0.131363387,9450,Significant_Damage_And_Serious_Injuries
30.3196347,16,0,86.9644485,0.220548864,76.89,3,42630.00168,3,0.211596152,2190,Significant_Damage_And_Serious_Injuries
26.21004566,13,0,63.17228806,0.556286332,77.59,4,26257.38792,2,0.048606633,2702,Highly_Fatal_And_Damaging
17.16894977,16,15,75.25068368,0.315391994,76.6,4,48882.99695,1,0.089219108,3127,Highly_Fatal_And_Damaging
38.31050228,13,54,87.46581586,0.257692752,78.33,7,40762.81328,0,0.00359948,8508,Significant_Damage_And_Serious_Injuries
68.67579909,11,4,46.8094804,0.563498738,81.12,4,24626.23299,2,0.045332399,2645,Significant_Damage_And_Serious_Injuries
62.14611872,10,6,77.75752051,0.241104219,84.53,2,25716.03912,3,0.350179582,8424,Minor_Damage_And_Injuries
53.47031963,9,2,79.89972653,0.523469888,79.24,6,19446.33391,1,0.004316395,3354,Significant_Damage_And_Serious_Injuries
40.86757991,9,34,46.08021878,0.804753696,77.55,4,48401.0074,1,0.088497376,1096,Significant_Damage_And_Fatalities
22.28310502,18,3,68.77848678,0.412038226,78.33,1,28746.84461,2,1.06012201,4636,Significant_Damage_And_Serious_Injuries
34.61187215,14,6,62.07839562,0.330898666,78.31,7,22736.38233,4,0.001666257,3073,Significant_Damage_And_Serious_Injuries
62.42009132,13,29,72.37921604,0.303130905,80.22,7,32861.27684,0,0.003219267,9658,Significant_Damage_And_Fatalities
83.65296804,7,0,70.00911577,0.463967544,80.75,7,34439.54616,2,0.003000485,9028,Significant_Damage_And_Fatalities
38.44748858,17,0,55.05925251,0.369485034,80.96,2,39482.94183,3,0.533529521,9403,Highly_Fatal_And_Damaging
17.71689498,16,0,58.61440292,0.32332564,80.03,4,28986.65748,3,0.053758613,5363,Highly_Fatal_And_Damaging
27.53424658,20,13,60.80218778,0.407710783,78.49,4,37241.40147,3,0.068229449,1334,Minor_Damage_And_Injuries
54.10958904,16,15,60.52871468,0.370566895,76.77,2,38767.3596,1,0.530620426,5669,Significant_Damage_And_Fatalities
41.41552511,9,3,72.01458523,0.407710783,75.4,3,25279.72404,2,0.126257239,5737,Highly_Fatal_And_Damaging
9.497716895,18,2,71.42206016,0.267429499,78.16,6,27801.68407,2,0.006857542,2606,Highly_Fatal_And_Damaging
36.43835616,10,7,56.88240656,0.490653444,79.99,1,39396.11662,1,1.443530955,9104,Significant_Damage_And_Fatalities
18.31050228,16,8,62.53418414,0.288345474,78,7,36059.22158,1,0.003185578,587,Highly_Fatal_And_Damaging
43.33333333,15,5,70.00911577,0.547270826,76.39,1,21043.0746,3,0.770245197,6254,Minor_Damage_And_Injuries
31.96347032,15,1,74.56700091,0.399055896,80.67,3,39449.38924,2,0.194113958,6444,Significant_Damage_And_Serious_Injuries
31.82648402,19,0,53.23609845,0.492817166,79.72,2,37999.3671,2,0.51535463,4355,Highly_Fatal_And_Damaging
12.92237443,17,5,71.37648131,0.356863325,82.66,4,34711.14822,3,0.063093129,2701,Highly_Fatal_And_Damaging
31.27853881,16,7,65.13217867,0.439084746,75.94,7,24411.82913,0,0.00243244,5122,Significant_Damage_And_Serious_Injuries
13.69863014,17,5,76.34457612,0.20143599,80.83,4,25245.63477,3,0.045618295,11343,Highly_Fatal_And_Damaging
47.48858447,14,0,56.97356427,0.544025243,76.44,5,31051.27797,2,0.019846267,8900,Highly_Fatal_And_Damaging
56.11872146,12,18,77.11941659,0.243989181,76.5,5,18147.48347,2,0.010807266,4334,Minor_Damage_And_Injuries
46.11872146,15,9,84.27529626,0.21441832,79.93,2,38116.55169,1,0.515851432,8921,Minor_Damage_And_Injuries
25.29680365,14,8,39.83591613,0.518781825,80.55,1,38783.35661,2,1.428695679,214,Significant_Damage_And_Fatalities
28.08219178,13,2,99.95442115,0.372369996,78.52,1,36035.19614,1,1.323124286,6326,Highly_Fatal_And_Damaging
50.1826484,13,0,67.18322698,0.293394158,83.56,4,14871.66492,2,0.026315847,8868,Minor_Damage_And_Injuries
35.25114155,18,8,80.40109389,0.293394158,79.18,2,48352.0148,3,0.659387128,8572,Minor_Damage_And_Injuries
53.74429224,16,6,50.27347311,0.329095564,79.28,5,20186.49709,2,0.013601555,3974,Significant_Damage_And_Fatalities
42.87671233,12,10,68.96080219,0.331259286,79.4,6,28101.32548,2,0.006656118,5388,Significant_Damage_And_Serious_Injuries
59.9086758,11,22,78.53236098,0.271035701,85.36,2,36493.19435,3,0.494990147,7084,Minor_Damage_And_Injuries
20.86757991,19,2,71.19416591,0.438724125,79.72,3,18241.05709,2,0.090168947,638,Significant_Damage_And_Serious_Injuries
40.73059361,13,4,56.51777575,0.486326001,79.99,4,28454.4614,1,0.051670389,5781,Minor_Damage_And_Injuries
27.53424658,13,28,50.0911577,0.494259647,77.74,1,29601.07806,1,1.088962805,1403,Significant_Damage_And_Fatalities
64.38356164,13,7,61.66818596,0.344962856,77.03,7,21079.29955,2,0.001877047,6051,Significant_Damage_And_Fatalities
34.33789954,11,1,77.25615314,0.269953841,77.4,4,34310.6179,3,0.063407852,1841,Highly_Fatal_And_Damaging
34.15525114,14,5,38.10391978,0.629852867,79.92,6,26015.96294,3,0.006794821,5319,Minor_Damage_And_Injuries
56.30136986,8,0,70.37374658,0.330898666,85.64,6,40561.69267,1,0.010337571,2978,Significant_Damage_And_Serious_Injuries
60.1826484,10,7,45.25979945,0.520945546,81.8,7,21768.78552,5,0.001829376,2502,Significant_Damage_And_Serious_Injuries
42.32876712,12,3,55.92525068,0.385352326,84.72,3,15092.118,0,0.075609171,4216,Minor_Damage_And_Injuries
78.21917808,9,30,54.05651778,0.303130905,80.71,7,23192.15587,2,0.002123894,11760,Significant_Damage_And_Serious_Injuries
33.78995434,15,5,54.8769371,0.365518211,77.27,4,28716.27546,1,0.053593328,9179,Minor_Damage_And_Injuries
36.57534247,14,11,62.9443938,0.321522539,79.86,6,27059.94847,3,0.006860819,6428,Significant_Damage_And_Serious_Injuries
48.67579909,7,10,76.93710119,0.397974035,79.79,4,14552.73491,3,0.027781477,517,Highly_Fatal_And_Damaging
35.11415525,15,7,54.28441203,0.551958889,79.61,3,39380.29135,2,0.195200993,1931,Minor_Damage_And_Injuries
30.1826484,12,6,74.93163172,0.28293617,77.75,4,30077.41619,2,0.054286267,11351,Highly_Fatal_And_Damaging
40.77625571,16,8,53.00820419,0.520945546,77.99,1,39565.83448,2,1.461348222,619,Highly_Fatal_And_Damaging
26.71232877,13,6,61.4402917,0.444133429,75.94,2,32314.57738,0,0.436714351,657,Highly_Fatal_And_Damaging
55.38812785,8,2,59.61713765,0.451345835,77.69,3,24664.52893,3,0.122219447,1579,Significant_Damage_And_Serious_Injuries
29.08675799,13,0,77.71194166,0.362272629,79.34,4,27433.25587,2,0.049983339,13,Highly_Fatal_And_Damaging
50.77625571,10,0,68.82406563,0.281493689,80.53,6,37678.01346,1,0.010025347,6443,Significant_Damage_And_Serious_Injuries
36.57534247,14,17,76.02552416,0.434036062,77.39,5,43887.30197,2,0.029967482,11672,Significant_Damage_And_Serious_Injuries
66.25570776,9,1,70.69279854,0.39040101,76.14,2,33309.94,1,0.451859983,6439,Minor_Damage_And_Injuries
47.53424658,11,3,84.04740201,0.197108547,79.87,3,26757.66568,3,0.13411019,7365,Significant_Damage_And_Serious_Injuries
32.23744292,15,4,64.94986326,0.549434547,79.46,6,36736.64282,2,0.008922525,6404,Significant_Damage_And_Serious_Injuries
32.55707763,12,9,48.90610757,0.422496213,81.89,3,33426.18103,1,0.164634008,1058,Highly_Fatal_And_Damaging
18.31050228,16,3,73.19963537,0.204320952,76.63,1,49396.87641,3,1.863856481,5933,Highly_Fatal_And_Damaging
44.65753425,12,1,48.13126709,0.670963577,79.74,3,47541.00507,3,0.23368441,4537,Minor_Damage_And_Injuries
56.21004566,15,0,67.6390155,0.314310133,80.89,2,35237.77755,2,0.478473146,10106,Significant_Damage_And_Fatalities
25.98173516,14,2,49.17958067,0.511569419,79.33,4,13118.5373,2,0.024667518,4469,Significant_Damage_And_Fatalities
68.03652968,12,1,82.13309025,0.30998269,79.68,7,46540.24679,2,0.003837084,4279,Significant_Damage_And_Fatalities
26.52968037,17,15,70.69279854,0.276805626,79.63,5,32269.06835,1,0.021984843,4124,Significant_Damage_And_Serious_Injuries
32.19178082,12,0,72.24247949,0.321161918,76.3,2,38661.07702,2,0.521352905,8864,Highly_Fatal_And_Damaging
21.46118721,15,9,61.53144941,0.385712946,86.43,1,29033.29425,3,1.065207681,9149,Highly_Fatal_And_Damaging
35.98173516,11,15,71.46763902,0.258053372,79.85,5,34703.19719,3,0.023639682,6351,Highly_Fatal_And_Damaging
46.25570776,8,1,71.42206016,0.324046881,81.32,4,29978.38207,1,0.055119247,2870,Highly_Fatal_And_Damaging
37.48858447,10,6,80.81130356,0.219827624,80.21,1,16008.74509,1,0.589488708,9984,Highly_Fatal_And_Damaging
37.26027397,14,10,61.66818596,0.453509556,78.47,6,30858.54314,3,0.007962063,3312,Significant_Damage_And_Serious_Injuries
23.01369863,14,22,60.48313582,0.419971872,82.39,5,37158.0803,0,0.024404521,9358,Highly_Fatal_And_Damaging
40.91324201,13,3,89.97265269,0.328734944,84,5,37242.77491,2,0.024465794,3824,Significant_Damage_And_Serious_Injuries
42.87671233,12,10,57.88514129,0.72794158,76.14,3,36159.90088,2,0.180019959,4074,Significant_Damage_And_Serious_Injuries
38.03652968,10,1,53.23609845,0.584775334,79.58,5,24122.82342,1,0.016698755,4400,Significant_Damage_And_Fatalities
30.91324201,16,4,56.83682771,0.586939055,78.96,3,28454.4614,3,0.141294026,8423,Minor_Damage_And_Injuries
36.07305936,11,6,74.2935278,0.283657411,81.27,4,29518.33153,2,0.05288747,3637,Highly_Fatal_And_Damaging
22.37442922,18,1,72.78942571,0.317195096,77.36,3,33108.51218,3,0.164679544,2988,Significant_Damage_And_Serious_Injuries
30.68493151,16,1,70.51048314,0.331259286,76.95,2,36906.1699,3,0.501428821,10259,Significant_Damage_And_Serious_Injuries
59.17808219,11,3,78.94257065,0.179438154,80.97,7,40028.32614,3,0.003578486,10268,Minor_Damage_And_Injuries
53.24200913,12,0,40.51959891,0.598118283,77.25,5,33372.81979,4,0.021597593,12199,Highly_Fatal_And_Damaging
44.52054795,15,2,40.29170465,0.516978723,78.4,6,27755.4735,4,0.006491343,3984,Highly_Fatal_And_Damaging
40.91324201,13,1,94.07474932,0.180520014,77.91,3,36929.42172,2,0.184264146,6232,Significant_Damage_And_Serious_Injuries
38.03652968,17,5,80.674567,0.288706094,77.91,2,23373.61977,1,0.315570346,5473,Minor_Damage_And_Injuries
56.43835616,12,4,56.15314494,0.45855824,84.52,7,32475.3942,1,0.003173757,218,Highly_Fatal_And_Damaging
53.74429224,9,17,68.36827712,0.397974035,76.96,3,24023.58775,2,0.119606401,2506,Significant_Damage_And_Serious_Injuries
50.54794521,10,7,66.90975387,0.299885323,77.51,6,26705.92691,3,0.006752291,1494,Significant_Damage_And_Serious_Injuries
54.52054795,12,1,90.15496809,0.285099892,76.18,2,12595.42888,1,0.168418282,11954,Minor_Damage_And_Injuries
27.89954338,13,10,86.9644485,0.265987018,80.09,4,26572.96667,2,0.048606633,9001,Highly_Fatal_And_Damaging
41.36986301,19,4,40.97538742,0.556286332,79.66,1,34325.61508,2,1.26281554,4643,Significant_Damage_And_Fatalities
19.543379,23,7,66.36280766,0.368403173,80.67,4,41232.83729,1,0.075152062,9911,Minor_Damage_And_Injuries
5.205479452,20,15,69.73564266,0.254447169,88.11,3,38605.84487,3,0.192011668,2748,Highly_Fatal_And_Damaging
62.69406393,13,22,72.37921604,0.273560043,80.39,7,33311.17306,3,0.00300587,8017,Significant_Damage_And_Fatalities
33.74429224,15,4,67.27438469,0.274281284,75.55,6,18426.27714,3,0.004461879,6291,Significant_Damage_And_Serious_Injuries
37.30593607,14,12,66.77301732,0.311785792,81.56,7,23467.08178,3,0.002494289,580,Significant_Damage_And_Serious_Injuries
63.69863014,6,0,73.15405652,0.260938334,82.57,3,31290.51153,1,0.15796768,5075,Significant_Damage_And_Serious_Injuries
35.25114155,11,0,50.86599818,0.527076091,81.05,4,36885.69795,3,0.0670328,3772,Significant_Damage_And_Fatalities
43.33333333,9,24,68.00364631,0.385712946,79.54,7,28091.64011,1,0.00266818,12276,Highly_Fatal_And_Damaging
51.64383562,10,2,84.00182315,0.197108547,84.83,3,39781.30113,2,0.197531127,5892,Significant_Damage_And_Serious_Injuries
40.86757991,9,0,74.74931632,0.334504868,79.25,4,27433.25587,3,0.04980889,148,Highly_Fatal_And_Damaging
36.02739726,14,8,71.05742935,0.372369996,76.76,3,27240.68619,0,0.134106923,7949,Significant_Damage_And_Serious_Injuries
59.40639269,11,12,74.47584321,0.466131266,76.48,2,23642.19958,1,0.319962378,7720,Minor_Damage_And_Injuries
9.315068493,18,19,80.62898815,0.370927515,79.69,1,20348.90502,0,0.754724921,1809,Highly_Fatal_And_Damaging
25.25114155,14,3,41.52233364,0.735153985,79.09,1,57545.39686,1,1.977409305,11479,Significant_Damage_And_Fatalities
46.25570776,19,4,80.40109389,0.33702921,76.35,2,41494.3685,2,0.561343947,1308,Significant_Damage_And_Fatalities
45.47945205,11,35,51.04831358,0.509766318,78.43,7,38382.6155,1,0.003657956,3609,Minor_Damage_And_Injuries
47.03196347,14,31,78.48678213,0.396170934,78.47,2,39506.69142,0,0.532383165,9579,Minor_Damage_And_Injuries
44.79452055,8,8,62.26071103,0.330898666,78.47,4,22288.61637,3,0.040894288,4872,Highly_Fatal_And_Damaging
47.89954338,11,0,63.99270738,0.20143599,78.72,3,41385.36858,3,0.203121083,739,Significant_Damage_And_Serious_Injuries
25.57077626,18,7,55.28714676,0.64752326,82.2,4,43803.43611,1,0.080323425,11782,Minor_Damage_And_Injuries
20.59360731,19,14,29.44393801,0.60641255,80.71,6,46104.70299,0,0.011328329,5046,Minor_Damage_And_Injuries
39.6803653,10,6,54.37556974,0.192059863,86.98,4,26187.94838,4,0.047740544,5488,Significant_Damage_And_Fatalities
55.11415525,9,18,63.90154968,0.339914172,77.85,7,48569.55629,1,0.004492904,7,Significant_Damage_And_Serious_Injuries
41.73515982,16,3,72.4247949,0.240743599,89.51,2,27720.60393,1,0.378036721,6722,Minor_Damage_And_Injuries
31.09589041,16,7,68.59617138,0.22884313,79.47,3,34016.78961,0,0.170265585,4827,Significant_Damage_And_Serious_Injuries
40.77625571,13,6,65.90701914,0.337750451,77.28,3,33184.10788,1,0.166305015,2026,Significant_Damage_And_Serious_Injuries
46.02739726,15,24,82.04193254,0.318276956,87.79,7,20238.63788,1,0.002033276,11173,Minor_Damage_And_Injuries
44.33789954,15,5,59.89061076,0.338832312,80.39,2,25874.96575,2,0.350179582,689,Minor_Damage_And_Injuries
55.34246575,8,8,70.8295351,0.424299315,76.98,7,34199.89157,2,0.003273791,4880,Significant_Damage_And_Serious_Injuries
30.3196347,12,6,74.93163172,0.20179661,77.75,7,36804.68065,1,0.003378299,7681,Highly_Fatal_And_Damaging
68.76712329,8,15,61.62260711,0.532124775,77.62,2,29071.49595,1,0.39659767,2795,Minor_Damage_And_Injuries
46.84931507,7,10,45.39653601,0.745972593,76.48,7,35644.98827,2,0.003219267,3553,Significant_Damage_And_Fatalities
46.11872146,8,15,56.4721969,0.392925352,77,4,38524.22718,1,0.070322073,5605,Significant_Damage_And_Fatalities
40.86757991,9,4,72.01458523,0.516978723,78.56,6,37292.12903,1,0.008406733,5136,Highly_Fatal_And_Damaging
19.6803653,16,0,66.59070191,0.380303642,81.64,4,40231.67954,1,0.074238386,12453,Highly_Fatal_And_Damaging
52.19178082,13,8,69.4165907,0.335586729,77.22,2,50046.07836,1,0.680017846,6101,Minor_Damage_And_Injuries
56.84931507,5,4,69.4165907,0.463967544,78.46,4,30372.7583,2,0.055607104,10337,Highly_Fatal_And_Damaging
31.23287671,12,13,60.48313582,0.56602308,78.42,4,48746.72188,3,0.087961893,6470,Highly_Fatal_And_Damaging
36.62100457,11,7,68.50501367,0.319358817,80.96,5,27416.80617,2,0.017945824,8675,Highly_Fatal_And_Damaging
41.73515982,16,6,81.03919781,0.365157591,78.32,2,9023.6927,1,0.122686904,609,Minor_Damage_And_Injuries
44.47488584,8,3,47.31084777,0.444133429,83.01,2,40580.55024,1,0.550393966,1167,Significant_Damage_And_Fatalities
62.10045662,6,1,63.12670921,0.551958889,78.28,2,34473.79944,1,0.466552141,4649,Significant_Damage_And_Serious_Injuries
27.85388128,13,3,61.21239745,0.416726289,75.94,1,31038.90179,0,1.150298992,552,Highly_Fatal_And_Damaging
13.78995434,17,3,62.53418414,0.258413992,76.55,4,31180.60808,0,0.057775926,6028,Highly_Fatal_And_Damaging
51.00456621,10,2,49.08842297,0.418529391,81.93,3,34338.06173,1,0.171753656,12313,Minor_Damage_And_Injuries
23.92694064,14,1,89.97265269,0.297000361,81.94,4,27179.05196,2,0.049995275,1825,Highly_Fatal_And_Damaging
48.26484018,10,7,86.82771194,0.199632889,83.55,6,32708.13914,4,0.00777769,7379,Significant_Damage_And_Serious_Injuries
47.12328767,11,20,55.28714676,0.438002885,79.72,1,20241.62056,0,0.741000086,9635,Minor_Damage_And_Injuries
68.12785388,8,1,53.23609845,0.457476379,83.58,2,20482.4787,1,0.273440189,12272,Highly_Fatal_And_Damaging
43.19634703,15,0,77.4840474,0.256971511,83.51,2,23048.79008,3,0.311425648,12102,Minor_Damage_And_Injuries
40.3196347,13,9,58.84229717,0.531042914,82.64,2,36933.84468,2,0.503141111,9280,Significant_Damage_And_Serious_Injuries
35.25114155,18,8,74.88605287,0.281133069,78.92,4,25262.93231,0,0.046284345,11322,Minor_Damage_And_Injuries
52.23744292,9,2,72.56153145,0.430069239,78.13,2,9023.6927,2,0.122122401,7002,Highly_Fatal_And_Damaging
69.8630137,8,1,45.39653601,0.476589254,77.46,3,46418.38051,2,0.231845913,4411,Significant_Damage_And_Serious_Injuries
12.96803653,17,14,68.00364631,0.419611251,78.95,4,29273.78101,3,0.052585036,4750,Highly_Fatal_And_Damaging
49.5890411,10,14,73.97447584,0.334865489,80.65,3,17443.65487,4,0.087598217,3864,Significant_Damage_And_Serious_Injuries
61.05022831,10,1,52.18778487,0.492456545,75.88,2,42394.63133,4,0.576638955,6823,Highly_Fatal_And_Damaging
36.43835616,14,2,67.00091158,0.352535882,80.9,6,40992.61667,2,0.009929981,4140,Significant_Damage_And_Serious_Injuries
56.25570776,11,40,72.47037375,0.173307609,81.88,2,30271.19477,2,0.409147604,3483,Minor_Damage_And_Injuries
40.73059361,16,7,60.16408387,0.279690588,79.45,2,46987.93026,2,0.635729243,7931,Minor_Damage_And_Injuries
27.85388128,13,3,67.27438469,0.223433826,81.26,2,23291.3274,4,0.315041983,11476,Highly_Fatal_And_Damaging
68.63013699,11,1,52.82588879,0.36335449,82.81,7,36104.85699,3,0.00302253,155,Significant_Damage_And_Serious_Injuries
33.05936073,15,2,62.03281677,0.386794807,83.19,3,26459.33273,1,0.130516893,3714,Significant_Damage_And_Serious_Injuries
20.4109589,19,5,47.94895169,0.510126938,77.78,3,44292.00726,2,0.221846345,12158,Minor_Damage_And_Injuries
52.51141553,13,11,69.91795807,0.369124414,80.03,2,43971.71045,2,0.592637234,965,Minor_Damage_And_Injuries
15.43378995,17,5,63.90154968,0.287624234,79.85,3,39760.76834,2,0.198115802,11546,Highly_Fatal_And_Damaging
37.57990868,10,1,87.46581586,0.162849621,80.65,4,37374.05158,3,0.068896867,12027,Highly_Fatal_And_Damaging
26.43835616,17,13,57.52051048,0.496423368,82.34,3,19391.6963,2,0.094174774,11066,Significant_Damage_And_Serious_Injuries
25.25114155,17,9,76.80036463,0.306737108,79.63,6,41468.3975,3,0.010099866,3250,Significant_Damage_And_Serious_Injuries
39.8173516,17,0,64.26618049,0.448460873,76.9,4,28029.83029,1,0.052308589,10137,Minor_Damage_And_Injuries
50.4109589,13,6,69.55332726,0.438002885,78.22,3,20186.49709,2,0.098352269,10153,Minor_Damage_And_Injuries