Safety_Score,Days_Since_Inspection,Total_Safety_Complaints,Control_Metric,Turbulence_In_gforces,Cabin_Temperature,Accident_Type_Code,Max_Elevation,Violations,Adverse_Weather_Metric,Accident_ID,Severity
54.10958904,16,2,60.11850501,0.268150739,81.62,7,23792.10861,5,0.002491943,1966,Significant_Damage_And_Fatalities
41.32420091,16,4,61.85050137,0.529600433,80.25,7,35247.2888,1,0.003334424,12273,Minor_Damage_And_Injuries
43.65296804,9,5,79.30720146,0.383909845,88.67,4,12666.7712,2,0.023200001,6471,Highly_Fatal_And_Damaging
35.02283105,14,4,61.57702826,0.435117923,87.44,5,26433.28614,0,0.019310035,12322,Significant_Damage_And_Serious_Injuries
29.5890411,13,8,99.49863263,0.256971511,80.98,4,18890.36474,1,0.034097724,9769,Highly_Fatal_And_Damaging
29.543379,13,3,80.44667274,0.396892175,77.27,1,45265.38821,2,1.670143033,8545,Highly_Fatal_And_Damaging
21.23287671,15,5,65.58796718,0.391843491,80.42,4,35808.75344,3,0.064814779,835,Highly_Fatal_And_Damaging
21.00456621,15,29,63.90154968,0.379582402,76.22,4,49864.13337,1,0.090540253,9943,Highly_Fatal_And_Damaging
45.75342466,11,17,69.91795807,0.354699603,79.86,3,28555.35811,1,0.142969917,4623,Significant_Damage_And_Serious_Injuries
53.74429224,9,3,75.7064722,0.370927515,76.56,3,32649.46251,1,0.161430275,3101,Significant_Damage_And_Serious_Injuries
59.6803653,14,11,79.30720146,0.272838803,77.41,6,28658.63314,4,0.0070379,7529,Significant_Damage_And_Fatalities
23.10502283,14,2,60.48313582,0.330538045,81.78,1,21202.40578,3,0.778303323,8940,Highly_Fatal_And_Damaging
50.4109589,13,20,66.77301732,0.41780815,86.36,2,32017.11885,1,0.43263746,8694,Minor_Damage_And_Injuries
23.56164384,14,3,67.8213309,0.158882798,79.94,7,31278.38645,1,0.002915657,2431,Highly_Fatal_And_Damaging
54.65753425,9,3,68.14038286,0.280411828,78.11,6,26340.29948,2,0.006569039,9994,Significant_Damage_And_Serious_Injuries
84.38356164,7,1,42.98085688,0.505078255,79.6,7,16039.40439,2,0.001102636,10788,Significant_Damage_And_Fatalities
27.85388128,13,10,86.9644485,0.263823296,80.98,1,34035.08161,3,1.250078683,3774,Highly_Fatal_And_Damaging
33.92694064,11,1,55.10483136,0.389319149,79.4,7,49219.06178,3,0.004804808,5469,Significant_Damage_And_Fatalities
48.63013699,17,1,63.67365542,0.379221781,81.27,7,45031.08404,2,0.003977787,9971,Significant_Damage_And_Fatalities
32.55707763,15,1,56.19872379,0.453509556,81.93,2,36109.01287,4,0.489011563,8050,Minor_Damage_And_Injuries
39.8173516,13,26,64.81312671,0.48560476,77.39,3,37657.68721,2,0.187105192,1671,Significant_Damage_And_Serious_Injuries
38.76712329,10,2,37.83044667,0.571071763,83,4,33871.58628,1,0.062129766,5771,Significant_Damage_And_Fatalities
98.40182648,3,26,55.05925251,0.475868013,79.26,7,29830.85114,2,0.002627593,5270,Significant_Damage_And_Serious_Injuries
77.30593607,8,4,48.26800365,0.598839524,81.81,7,28535.2624,4,0.002789323,6417,Significant_Damage_And_Serious_Injuries
46.16438356,11,8,67.41112124,0.374894338,76.37,1,14096.26126,2,0.502479778,6508,Significant_Damage_And_Serious_Injuries
12.46575342,18,9,55.69735643,0.505799495,77.51,1,34469.92498,2,1.268472711,11539,Highly_Fatal_And_Damaging
51.00456621,10,7,69.78122151,0.349290299,79.69,1,36731.45941,2,1.363369436,11409,Significant_Damage_And_Serious_Injuries
16.80365297,16,15,67.7301732,0.231367472,77.74,4,29368.54965,3,0.053716373,6586,Highly_Fatal_And_Damaging
56.52968037,11,10,88.05834093,0.184486837,79.76,2,35847.89587,2,0.485770798,12233,Highly_Fatal_And_Damaging
36.34703196,17,0,70.23701003,0.357223945,84.1,5,41920.24716,2,0.028373615,7264,Minor_Damage_And_Injuries
27.44292237,13,6,55.51504102,0.418529391,80,7,32002.91576,3,0.002884408,6109,Significant_Damage_And_Fatalities
53.78995434,9,3,80.08204193,0.289427335,81.61,4,28024.97631,3,0.051937315,5728,Highly_Fatal_And_Damaging
34.42922374,14,13,89.42570647,0.200354129,79.58,4,26959.58191,3,0.049031446,628,Significant_Damage_And_Serious_Injuries
45.02283105,15,3,80.85688241,0.288706094,77.56,6,24842.6499,3,0.006053524,7754,Minor_Damage_And_Injuries
58.85844749,14,7,78.53236098,0.391482871,78.51,2,9023.6927,1,0.122122401,6374,Significant_Damage_And_Fatalities
43.33333333,15,5,70.00911577,0.501472052,75.01,2,61815.49829,1,0.74690874,8684,Minor_Damage_And_Injuries
39.31506849,13,13,71.87784868,0.314310133,79.53,6,38733.29547,2,0.010228374,4299,Significant_Damage_And_Serious_Injuries
58.31050228,4,10,41.79580675,0.735153985,82.16,7,28384.52631,1,0.002677742,5956,Significant_Damage_And_Fatalities
24.38356164,17,12,74.74931632,0.335586729,77.62,3,17884.80854,2,0.091799343,198,Significant_Damage_And_Serious_Injuries
24.33789954,14,6,59.61713765,0.267429499,76.93,4,31278.38645,2,0.057555783,1456,Highly_Fatal_And_Damaging
63.83561644,6,5,80.40109389,0.502914533,83.99,3,30869.21177,2,0.15459521,1410,Significant_Damage_And_Serious_Injuries
53.74429224,9,6,73.88331814,0.369485034,81.02,3,5573.652213,3,0.044715337,7364,Significant_Damage_And_Serious_Injuries
20.1826484,15,0,64.12944394,0.313588893,82.53,3,30363.14075,1,0.151734513,6478,Highly_Fatal_And_Damaging
57.67123288,11,1,83.91066545,0.274641904,78.46,2,44244.90346,3,0.600082621,2314,Minor_Damage_And_Injuries
78.67579909,8,1,73.70100273,0.277166246,82.49,1,36493.19435,2,1.325660782,9707,Significant_Damage_And_Fatalities
76.39269406,10,3,51.00273473,0.626607285,81.08,7,29654.87216,3,0.002859213,12348,Significant_Damage_And_Serious_Injuries
55.93607306,15,5,80.35551504,0.243628561,80.09,7,31177.11801,2,0.002814506,11961,Significant_Damage_And_Fatalities
22.23744292,15,7,70.32816773,0.379582402,77.03,3,27897.8067,1,0.138981059,6057,Highly_Fatal_And_Damaging
44.33789954,12,4,67.77575205,0.262741435,80.44,1,29763.18416,4,1.090265981,12285,Significant_Damage_And_Serious_Injuries
33.24200913,11,9,66.31722881,0.450263974,80.27,4,46847.45839,2,0.085307396,8533,Highly_Fatal_And_Damaging
46.66666667,14,21,78.48678213,0.450263974,85.04,2,20228.12287,1,0.273798141,8077,Minor_Damage_And_Injuries
4.794520548,20,9,58.75113947,0.609658132,83.36,4,44977.61376,1,0.082057235,10998,Highly_Fatal_And_Damaging
29.17808219,13,4,82.22424795,0.199993509,82.43,6,38579.06661,1,0.009410406,650,Highly_Fatal_And_Damaging
35.20547945,11,3,45.16864175,0.382467364,76.05,2,27376.17224,4,0.368316844,10453,Significant_Damage_And_Fatalities
56.89497717,8,10,66.27164995,0.410956365,82.66,3,31143.04043,3,0.15363564,5517,Significant_Damage_And_Serious_Injuries
35.98173516,11,1,76.48131267,0.281133069,79.17,3,33319.45389,3,0.164857539,12033,Highly_Fatal_And_Damaging
25.11415525,14,43,57.61166819,0.393285972,81.89,4,34608.2944,1,0.063093129,2410,Highly_Fatal_And_Damaging
22.92237443,14,7,49.86326345,0.354699603,77.09,6,48298.94548,3,0.01154537,7458,Significant_Damage_And_Fatalities
45.34246575,15,31,70.8295351,0.339914172,78.04,4,14736.03298,2,0.027781477,10427,Minor_Damage_And_Injuries
52.28310502,6,7,60.02734731,0.342799135,79.56,6,40156.81437,4,0.010255003,9522,Significant_Damage_And_Serious_Injuries
38.44748858,13,11,52.55241568,0.610018752,78.86,3,21681.66127,3,0.108846238,4970,Minor_Damage_And_Injuries
73.60730594,10,1,61.21239745,0.331980527,75.35,7,27060.72874,2,0.002166452,4483,Significant_Damage_And_Fatalities
19.7716895,15,3,54.55788514,0.374533718,81.06,1,36960.65853,2,1.359743565,6489,Highly_Fatal_And_Damaging
30.0913242,13,4,60.02734731,0.330538045,78.2,4,24720.96939,3,0.046336507,6873,Highly_Fatal_And_Damaging
38.44748858,10,7,77.16499544,0.269953841,82.73,4,30912.081,2,0.056617451,10510,Highly_Fatal_And_Damaging
40.68493151,16,8,55.10483136,0.307097728,81.7,2,35098.27802,1,0.474109752,1001,Highly_Fatal_And_Damaging
41.00456621,16,23,76.25341841,0.37705806,78.47,5,37862.91999,1,0.025719249,4166,Minor_Damage_And_Injuries
53.24200913,12,0,55.56061987,0.491374684,78.83,2,35000.86211,0,0.47352544,3936,Highly_Fatal_And_Damaging
34.06392694,11,0,81.72288058,0.285099892,83.62,4,30336.18148,2,0.056055804,10040,Highly_Fatal_And_Damaging
52.42009132,9,8,61.07566089,0.342799135,78.4,6,29545.42634,1,0.00752627,1162,Significant_Damage_And_Serious_Injuries
42.69406393,9,22,32.49772106,0.870025965,77.64,2,37920.67541,1,0.513039501,4749,Highly_Fatal_And_Damaging
58.03652968,14,3,66.72743847,0.192781103,81.96,7,25419.80152,2,0.002099343,9974,Significant_Damage_And_Fatalities
50.2739726,17,14,59.79945305,0.300245943,81.73,7,27823.05058,0,0.002433384,5773,Significant_Damage_And_Fatalities
27.94520548,20,8,72.65268915,0.41744753,81.02,4,52614.28743,3,0.09666903,12293,Minor_Damage_And_Injuries
64.20091324,13,29,64.67639015,0.277887486,80.39,7,38466.93709,1,0.003546872,5315,Significant_Damage_And_Fatalities
46.02739726,15,24,70.8295351,0.424299315,76.92,7,39722.06838,2,0.003462771,11717,Minor_Damage_And_Injuries
28.90410959,13,4,58.29535096,0.328734944,77.2,4,30464.23286,4,0.055722996,4226,Highly_Fatal_And_Damaging
38.44748858,17,9,73.74658159,0.294836639,81.62,4,17117.82572,2,0.031144118,2479,Minor_Damage_And_Injuries
36.43835616,10,3,68.41385597,0.400498377,80.98,4,35320.94545,1,0.065632541,6198,Highly_Fatal_And_Damaging
36.75799087,11,0,73.74658159,0.291591057,81.27,4,32729.39149,3,0.060569565,3479,Highly_Fatal_And_Damaging
36.07305936,11,3,53.73746582,0.345684097,78.29,4,38480.87663,2,0.070295392,10284,Significant_Damage_And_Fatalities
41.68949772,13,9,83.59161349,0.21441832,80.92,6,34665.46178,2,0.009235359,11292,Significant_Damage_And_Serious_Injuries
54.65753425,9,3,72.4247949,0.270314461,77.96,6,29454.47156,1,0.007365801,1388,Significant_Damage_And_Serious_Injuries
37.07762557,17,15,71.33090246,0.414201947,76.33,5,34921.55531,2,0.023390942,2499,Minor_Damage_And_Injuries
47.44292237,11,3,74.52142206,0.328734944,76.87,6,26734.01403,2,0.006530646,3950,Significant_Damage_And_Serious_Injuries
27.85388128,17,1,57.29261623,0.439805986,79.81,7,13671.37512,3,0.001299831,3342,Significant_Damage_And_Serious_Injuries
64.15525114,9,18,41.52233364,0.575759827,77.08,2,38139.85184,4,0.51535463,11522,Highly_Fatal_And_Damaging
23.69863014,18,0,81.22151322,0.20107537,88.93,3,27720.60393,2,0.137332931,7818,Significant_Damage_And_Serious_Injuries
51.64383562,10,0,60.34639927,0.444133429,82.73,5,20265.04262,2,0.014130092,7388,Significant_Damage_And_Serious_Injuries
4.292237443,20,0,77.34731085,0.234613054,76.44,1,27416.39475,1,1.006015505,2940,Highly_Fatal_And_Damaging
36.75799087,10,0,79.89972653,0.289427335,79.71,4,51844.94077,2,0.095825896,1734,Highly_Fatal_And_Damaging
36.30136986,17,1,71.55879672,0.194944825,76.11,6,40239.88026,2,0.009828205,11252,Minor_Damage_And_Injuries
50.73059361,10,16,70.19143118,0.394007212,76.98,3,20375.81543,3,0.101046351,9873,Significant_Damage_And_Serious_Injuries
52.73972603,6,1,63.67365542,0.301688424,74.85,4,18426.27714,2,0.03459891,3685,Highly_Fatal_And_Damaging
28.90410959,13,15,58.29535096,0.508684457,77.74,4,45199.66113,3,0.083050409,6501,Highly_Fatal_And_Damaging
82.51141553,7,11,82.1786691,0.285099892,78.47,7,42961.72877,1,0.003804788,8469,Significant_Damage_And_Fatalities
83.65296804,7,16,72.01458523,0.294115398,84.03,3,32463.03292,2,0.161430275,6341,Significant_Damage_And_Fatalities
35.25114155,11,6,54.8769371,0.448100252,81.84,1,36512.14298,2,1.343206675,6426,Significant_Damage_And_Fatalities
41.18721461,9,1,69.5077484,0.4311511,82.72,5,37987.3496,2,0.026259912,8884,Highly_Fatal_And_Damaging
49.40639269,14,14,57.11030082,0.35001154,85.91,5,52418.7151,2,0.034004246,10583,Minor_Damage_And_Injuries
82.28310502,8,35,45.39653601,0.735153985,78.61,7,33726.94367,2,0.003293385,7268,Significant_Damage_And_Serious_Injuries
52.51141553,9,1,48.22242479,0.669881717,77.68,3,31051.27797,2,0.154895229,7347,Minor_Damage_And_Injuries
62.69406393,10,6,85.27803099,0.306737108,78.08,2,27803.31303,3,0.377819605,904,Minor_Damage_And_Injuries
31.59817352,12,0,80.674567,0.22812189,80.66,4,35236.63188,1,0.06396106,7571,Highly_Fatal_And_Damaging
51.73515982,13,15,51.6864175,0.297721601,77.38,5,44372.36893,2,0.030281399,10130,Highly_Fatal_And_Damaging
12.64840183,20,13,58.56882407,0.547631446,79.03,4,33228.46213,3,0.060898366,8645,Significant_Damage_And_Serious_Injuries
46.11872146,15,3,72.33363719,0.287624234,81.18,2,31603.88168,1,0.425813096,6624,Minor_Damage_And_Injuries
67.67123288,12,17,72.88058341,0.365157591,77.89,7,21079.29955,1,0.001636694,160,Significant_Damage_And_Fatalities
40.91324201,13,0,54.74020055,0.456033898,85.26,3,22632.49304,2,0.113684532,723,Minor_Damage_And_Injuries
41.14155251,13,3,95.07748405,0.221991345,79.76,3,16271.06082,2,0.079875819,7190,Significant_Damage_And_Serious_Injuries
37.16894977,14,16,59.07019143,0.267790119,76.49,3,30575.81278,2,0.151672484,7085,Significant_Damage_And_Serious_Injuries
41.73515982,16,0,64.49407475,0.274641904,75.88,4,30380.73455,2,0.055322646,7615,Minor_Damage_And_Injuries
69.9543379,8,6,76.98268004,0.294476019,80.67,5,32342.11069,1,0.022173434,5108,Minor_Damage_And_Injuries
30.456621,16,9,70.46490428,0.417086909,78.58,1,24605.47132,3,0.885838636,4324,Significant_Damage_And_Serious_Injuries
76.02739726,9,5,66.36280766,0.346405337,86.47,7,26687.72132,2,0.002216365,4236,Significant_Damage_And_Fatalities
36.02739726,14,3,48.90610757,0.408432023,82.66,5,23011.51479,0,0.015199357,2283,Significant_Damage_And_Serious_Injuries
57.67123288,11,1,91.38559708,0.211533357,81.83,5,34989.06041,2,0.023023386,3228,Minor_Damage_And_Injuries
26.62100457,17,5,89.10665451,0.211893978,79.57,4,48141.34855,4,0.088559804,5725,Significant_Damage_And_Serious_Injuries
65.02283105,9,2,69.05195989,0.44521529,78.49,4,34285.70947,3,0.063112572,5055,Minor_Damage_And_Injuries
36.43835616,18,2,60.16408387,0.386794807,76.05,2,32682.90181,0,0.442948592,7339,Minor_Damage_And_Injuries
44.42922374,15,2,49.31631723,0.531042914,76.27,2,30701.49036,0,0.413994976,9053,Highly_Fatal_And_Damaging
31.91780822,19,0,59.38924339,0.344962856,84.1,4,47530.90621,4,0.086747169,11068,Minor_Damage_And_Injuries
44.42922374,8,14,61.48587056,0.433314821,86.43,3,14552.73491,2,0.075139231,7197,Highly_Fatal_And_Damaging
56.57534247,12,6,50.18231541,0.576481067,81.26,6,33999.24976,0,0.008994242,6316,Highly_Fatal_And_Damaging
57.71689498,11,0,61.39471285,0.328374324,77.19,2,29984.23582,2,0.405792505,7056,Minor_Damage_And_Injuries
35.89041096,18,8,80.94804011,0.331619906,80.09,2,25605.09866,0,0.344926674,7304,Minor_Damage_And_Injuries
22.19178082,15,1,68.77848678,0.17475009,82.27,2,31224.52824,2,0.421556535,1400,Highly_Fatal_And_Damaging
34.84018265,11,19,65.58796718,0.41744753,82.06,2,12376.56137,4,0.163093376,1793,Highly_Fatal_And_Damaging
68.26484018,8,15,68.96080219,0.159604039,77.56,2,13938.95103,2,0.194180113,6027,Minor_Damage_And_Injuries
52.73972603,13,3,63.99270738,0.302770285,84.8,2,39157.25938,2,0.527487411,4736,Minor_Damage_And_Injuries
56.48401826,15,0,69.55332726,0.291230436,80.77,5,19284.33641,1,0.013301896,5280,Significant_Damage_And_Fatalities
36.75799087,18,8,55.01367366,0.307097728,76.86,7,35794.83638,2,0.003023338,8761,Highly_Fatal_And_Damaging
50.0456621,17,14,80.4922516,0.218024522,81.04,6,32867.86357,1,0.00812808,12042,Significant_Damage_And_Fatalities
30.82191781,16,14,53.64630811,0.486326001,76.58,7,36010.89648,2,0.002980999,10055,Minor_Damage_And_Injuries
28.49315068,16,4,65.13217867,0.549434547,81.76,3,25740.88034,1,0.128439069,7477,Significant_Damage_And_Serious_Injuries
31.14155251,16,5,65.13217867,0.45891886,84.19,3,25740.88034,2,0.129476651,3062,Significant_Damage_And_Serious_Injuries
23.42465753,14,18,61.2579763,0.448460873,76.07,4,43075.3747,2,0.078572719,5468,Highly_Fatal_And_Damaging
21.27853881,15,7,52.32452142,0.333783628,77.99,5,17884.80854,2,0.011374111,4423,Highly_Fatal_And_Damaging
51.55251142,16,3,81.72288058,0.29555788,82.66,4,31810.9878,2,0.05941457,12315,Significant_Damage_And_Fatalities
34.38356164,18,1,73.47310848,0.311064551,78.48,4,28852.46558,2,0.052745465,3488,Minor_Damage_And_Injuries
25.61643836,14,3,51.04831358,0.564219978,79.46,4,45610.72879,2,0.083029009,88,Significant_Damage_And_Fatalities
27.48858447,20,13,63.90154968,0.199632889,79.85,2,23362.5383,2,0.315570346,7469,Minor_Damage_And_Injuries
54.56621005,9,5,88.46855059,0.362633249,78.08,2,9023.6927,1,0.096298659,12127,Significant_Damage_And_Serious_Injuries
20.86757991,15,1,54.7857794,0.34965092,78.4,7,26238.33762,1,0.002491943,11561,Significant_Damage_And_Fatalities
52.46575342,13,0,44.75843209,0.623001082,76.92,3,10393.05475,2,0.055825517,11422,Highly_Fatal_And_Damaging
46.66666667,18,0,62.53418414,0.303130905,80.25,7,30580.75163,3,0.002668264,7939,Significant_Damage_And_Fatalities
43.19634703,8,6,74.74931632,0.221630725,76.3,1,18800.88387,3,0.691594572,9197,Highly_Fatal_And_Damaging
31.59817352,12,12,62.53418414,0.314670754,80.53,5,30063.66224,3,0.019927301,9069,Highly_Fatal_And_Damaging
46.75799087,11,3,66.36280766,0.331980527,78.63,1,45541.23675,2,1.675368473,2194,Significant_Damage_And_Serious_Injuries
70,8,3,55.65177758,0.508684457,79.33,2,26637.37469,0,0.362925272,833,Highly_Fatal_And_Damaging
60.3652968,10,6,72.74384686,0.180520014,78.03,5,32944.33368,3,0.022408031,334,Minor_Damage_And_Injuries
75.98173516,6,0,89.24339107,0.298442842,77.36,4,23278.62889,1,0.042690702,84,Minor_Damage_And_Injuries
37.76255708,14,0,91.38559708,0.238940498,80.79,4,39651.76605,2,0.073235561,1820,Significant_Damage_And_Serious_Injuries
39.5890411,17,4,69.4165907,0.294476019,76.12,2,41493.49388,3,0.563297831,12282,Minor_Damage_And_Injuries
27.85388128,13,10,51.27620784,0.524191129,78.63,4,21179.10387,3,0.038790882,2842,Significant_Damage_And_Fatalities
18.94977169,16,5,71.1030082,0.224876307,79.49,1,35594.72289,1,1.315514477,9662,Highly_Fatal_And_Damaging
41.27853881,13,13,61.66818596,0.456033898,77.02,6,40904.2991,1,0.009525399,1753,Significant_Damage_And_Serious_Injuries
47.44292237,11,1,73.19963537,0.321161918,79.76,6,31227.88252,2,0.00812808,7416,Significant_Damage_And_Serious_Injuries
63.65296804,6,6,45.48769371,0.520945546,76.01,5,29573.35219,2,0.02003023,2035,Minor_Damage_And_Injuries
45.02283105,15,3,68.00364631,0.339914172,78.97,2,31468.23816,1,0.425813096,3146,Minor_Damage_And_Injuries
42.28310502,12,24,60.66545123,0.413120087,79.59,6,38068.07041,1,0.009644231,7381,Significant_Damage_And_Serious_Injuries
23.60730594,18,0,79.53509572,0.22920375,79.53,2,33067.62441,2,0.447420249,10650,Significant_Damage_And_Serious_Injuries
44.15525114,12,7,70.00911577,0.421414353,81.15,4,24783.15015,3,0.045305004,4031,Significant_Damage_And_Serious_Injuries
48.35616438,10,26,57.56608933,0.303130905,79.43,6,40114.36097,2,0.009575538,5555,Significant_Damage_And_Serious_Injuries
4.794520548,20,8,78.48678213,0.332701767,79.62,4,45004.81958,0,0.081792847,2186,Highly_Fatal_And_Damaging
23.88127854,18,8,56.79124886,0.315752614,77.75,3,40489.77898,1,0.201783602,7704,Minor_Damage_And_Injuries
59.45205479,14,1,83.13582498,0.269953841,80.44,7,36962.13154,0,0.003622184,6344,Significant_Damage_And_Fatalities
36.25570776,11,5,49.45305378,0.531042914,81.15,4,33871.58628,3,0.061879301,10382,Significant_Damage_And_Fatalities
26.30136986,17,26,71.05742935,0.380664263,78.56,6,31651.937,1,0.008116929,8859,Significant_Damage_And_Serious_Injuries
40.4109589,16,2,69.2342753,0.32368626,77.17,2,36086.89996,2,0.490557059,158,Minor_Damage_And_Injuries
36.62100457,10,10,65.40565178,0.578644789,82.41,4,25615.58223,2,0.046916575,5144,Highly_Fatal_And_Damaging
43.47031963,9,1,73.74658159,0.29627912,79.08,4,39875.61201,2,0.072614185,4662,Highly_Fatal_And_Damaging
65.29680365,12,1,60.39197812,0.231728092,78.5,7,43558.48316,2,0.004168662,6949,Significant_Damage_And_Fatalities
43.78995434,12,3,71.69553327,0.183044356,79.48,4,25252.74522,2,0.046270675,1928,Significant_Damage_And_Serious_Injuries
30.0913242,16,14,68.50501367,0.400498377,81.26,6,14682.35142,2,0.003162504,4266,Significant_Damage_And_Serious_Injuries
52.51141553,13,2,65.45123063,0.461082582,81.53,7,26534.35538,1,0.002227142,3207,Minor_Damage_And_Injuries
48.99543379,10,35,54.74020055,0.456394519,80.47,6,21422.7868,1,0.005269257,8195,Minor_Damage_And_Injuries
20.1826484,15,2,65.99817685,0.537173458,79.71,4,31682.67094,4,0.05632954,2359,Highly_Fatal_And_Damaging
27.07762557,13,1,69.37101185,0.224876307,81.37,4,28510.12249,1,0.051566363,9519,Highly_Fatal_And_Damaging
44.01826484,12,15,55.78851413,0.412038226,86.13,3,30428.30313,2,0.152337945,7186,Minor_Damage_And_Injuries
40.91324201,16,8,80.44667274,0.375976199,76.92,7,49461.7986,2,0.004366325,12030,Minor_Damage_And_Injuries
39.6803653,13,2,62.12397448,0.493899026,80.52,4,21612.75357,1,0.039826025,9724,Significant_Damage_And_Serious_Injuries
40.77625571,13,5,76.75478578,0.272117562,76.2,3,33861.5537,3,0.167503557,1045,Significant_Damage_And_Serious_Injuries
26.52968037,17,7,77.11941659,0.344602236,87.43,6,49095.25021,2,0.012357641,5526,Significant_Damage_And_Serious_Injuries
32.69406393,12,2,50.86599818,0.534288496,81.05,1,31571.34962,1,1.163182128,8839,Significant_Damage_And_Fatalities
50.2739726,13,0,63.67365542,0.334865489,77.8,6,37010.44316,2,0.008427571,6294,Minor_Damage_And_Injuries
62.64840183,6,4,52.50683683,0.311064551,78.37,7,40237.22278,3,0.003434911,6346,Minor_Damage_And_Injuries
34.65753425,11,5,53.73746582,0.551598269,86.47,4,33871.58628,3,0.062115872,1594,Significant_Damage_And_Fatalities
44.56621005,8,6,49.63536919,0.47154057,77.25,1,21043.0746,3,0.776282603,8123,Significant_Damage_And_Fatalities
44.42922374,15,3,54.8769371,0.30998269,79.89,2,31487.55674,2,0.427069261,3382,Highly_Fatal_And_Damaging
30.91324201,12,16,63.71923428,0.290509196,86.48,1,27823.05058,2,1.020970924,4731,Highly_Fatal_And_Damaging
48.35616438,10,13,40.06381039,0.78239524,77.93,5,28108.67352,2,0.018034112,6697,Minor_Damage_And_Injuries
23.05936073,14,16,74.93163172,0.457115759,81.85,1,55934.46857,3,2.04849048,1628,Highly_Fatal_And_Damaging
46.02739726,8,1,69.18869644,0.44521529,83.81,4,32120.74461,4,0.059229229,6319,Highly_Fatal_And_Damaging
19.543379,20,10,53.55515041,0.408792643,78.34,5,34956.47223,1,0.023686951,6524,Minor_Damage_And_Injuries
45.15981735,8,29,71.96900638,0.362633249,82.36,7,18887.31616,2,0.001603338,5890,Highly_Fatal_And_Damaging
50.2739726,10,6,54.9680948,0.348929679,76.3,3,20025.44336,0,0.099943014,7496,Minor_Damage_And_Injuries
35.38812785,18,1,76.61804923,0.281133069,77.56,4,26233.45234,3,0.047871629,1480,Minor_Damage_And_Injuries
28.72146119,13,2,62.53418414,0.396892175,82.46,1,33951.85584,2,1.249458766,5827,Highly_Fatal_And_Damaging
25.98173516,14,0,48.08568824,0.589824017,82.72,1,29636.50204,3,1.082698752,7977,Significant_Damage_And_Fatalities
53.01369863,6,4,63.35460346,0.256610891,79.26,1,32855.93507,1,1.198955258,8397,Highly_Fatal_And_Damaging
72.32876712,7,7,41.56791249,0.571071763,77.28,2,28164.48457,3,0.381682847,2686,Highly_Fatal_And_Damaging
45.47945205,11,0,56.92798541,0.409153264,79.29,6,41643.76829,2,0.01002475,8958,Minor_Damage_And_Injuries
21.36986301,15,0,67.45670009,0.523469888,79.71,6,36445.5067,2,0.009264392,9684,Highly_Fatal_And_Damaging
25.25114155,14,22,45.53327256,0.721450415,78.96,3,29692.02236,3,0.147944221,731,Significant_Damage_And_Fatalities
60.54794521,10,12,68.50501367,0.37741868,79.71,2,21098.27033,1,0.285534039,139,Minor_Damage_And_Injuries
5.753424658,20,2,74.15679125,0.223433826,78.58,4,31988.01981,4,0.058381927,400,Highly_Fatal_And_Damaging
46.98630137,11,0,77.07383774,0.272117562,79.03,3,24609.03355,0,0.121366162,1008,Significant_Damage_And_Serious_Injuries
13.37899543,17,18,70.55606199,0.274641904,79.85,6,47198.41608,2,0.011819111,3715,Highly_Fatal_And_Damaging
32.87671233,19,5,79.62625342,0.199993509,83.54,5,25752.52054,2,0.017655825,9439,Minor_Damage_And_Injuries
22.78538813,15,7,73.42752963,0.368403173,89.19,6,47592.31664,2,0.011699318,6286,Highly_Fatal_And_Damaging
12.96803653,17,34,66.49954421,0.41780815,81.97,6,15658.68487,3,0.0035137,6558,Highly_Fatal_And_Damaging
31.96347032,15,3,63.71923428,0.335947349,82.1,2,44363.18912,2,0.598166043,2744,Significant_Damage_And_Serious_Injuries
48.72146119,11,1,76.61804923,0.281854309,84.41,3,36736.29014,2,0.183310929,8745,Significant_Damage_And_Serious_Injuries
59.13242009,11,1,65.63354603,0.305294627,86.57,2,28901.60795,2,0.391521519,1404,Minor_Damage_And_Injuries
19.17808219,16,5,66.31722881,0.416365669,80.42,2,43290.0146,3,0.584702321,2185,Highly_Fatal_And_Damaging
21.27853881,15,1,54.7857794,0.481277317,76.07,4,36683.45992,2,0.067188101,1288,Significant_Damage_And_Fatalities
29.45205479,13,13,78.30446673,0.321161918,83.81,2,32806.28957,2,0.442732959,8438,Highly_Fatal_And_Damaging
71.59817352,7,0,57.24703737,0.26887198,78.48,4,22841.76341,3,0.042757913,6820,Minor_Damage_And_Injuries
49.6803653,7,1,80.35551504,0.22884313,79.3,5,48352.0148,0,0.033199769,7569,Highly_Fatal_And_Damaging
25.66210046,17,3,49.58979034,0.439445366,78.72,4,15714.19012,2,0.029742008,5207,Minor_Damage_And_Injuries
16.80365297,16,9,75.66089335,0.388237288,76.6,1,38752.94775,3,1.424918309,877,Highly_Fatal_And_Damaging
76.89497717,9,1,73.47310848,0.21441832,77.09,1,16008.61327,2,0.589488708,6771,Significant_Damage_And_Fatalities