Safety_Score,Days_Since_Inspection,Total_Safety_Complaints,Control_Metric,Turbulence_In_gforces,Cabin_Temperature,Accident_Type_Code,Max_Elevation,Violations,Adverse_Weather_Metric,Accident_ID,Severity
38.35616438,14,14,56.92798541,0.53897656,79.61,5,38518.28593,2,0.026259912,2036,Minor_Damage_And_Injuries
69.45205479,8,0,54.19325433,0.392564731,81.06,2,40360.61209,1,0.545838816,3735,Highly_Fatal_And_Damaging
46.11872146,18,0,48.54147675,0.414562568,83.01,1,23728.35171,2,0.87917692,939,Significant_Damage_And_Fatalities
26.43835616,17,1,82.08751139,0.262020195,78.05,3,26032.9419,3,0.128131027,7708,Significant_Damage_And_Serious_Injuries
7.762557078,19,0,65.31449407,0.312507032,82.36,4,41598.37595,2,0.076017227,9006,Highly_Fatal_And_Damaging
57.16894977,8,7,73.29079307,0.397974035,77,3,30933.82774,1,0.15459521,8236,Significant_Damage_And_Serious_Injuries
51.87214612,6,0,67.22880583,0.273199423,78.77,6,34905.79192,2,0.008505971,1503,Highly_Fatal_And_Damaging
58.44748858,11,8,76.89152233,0.428266138,78.52,2,9065.404171,3,0.116198849,6702,Minor_Damage_And_Injuries
56.57534247,12,13,56.06198724,0.35001154,81.55,4,15186.50795,1,0.026458831,12085,Highly_Fatal_And_Damaging
42.64840183,8,0,69.87237922,0.355060224,77.02,4,28529.86564,4,0.051937315,847,Highly_Fatal_And_Damaging
75.43378995,10,1,59.16134913,0.468294987,86.39,7,28059.46697,2,0.002733575,6350,Significant_Damage_And_Fatalities
80.3196347,8,13,53.96536007,0.451706455,87.1,7,25859.1798,2,0.002193456,7715,Significant_Damage_And_Serious_Injuries
62.37442922,13,13,69.5077484,0.246874144,78.11,7,46564.11059,3,0.003864052,439,Significant_Damage_And_Fatalities
51.05022831,13,3,64.72196901,0.354699603,78.87,2,46608.27201,1,0.630774369,249,Minor_Damage_And_Injuries
64.93150685,9,3,82.1786691,0.248316625,80.26,2,31326.11146,2,0.424712504,718,Minor_Damage_And_Injuries
58.08219178,14,2,79.1704649,0.254086549,80.65,4,25486.82546,1,0.046809166,9816,Significant_Damage_And_Fatalities
48.31050228,10,38,64.49407475,0.467213127,79.65,3,42049.77575,3,0.209489041,11152,Significant_Damage_And_Serious_Injuries
61.27853881,10,3,60.48313582,0.262380815,77.31,2,41329.44355,2,0.561565211,3561,Minor_Damage_And_Injuries
65.43378995,12,0,60.39197812,0.231728092,78.5,7,33393.25319,2,0.003329428,9888,Significant_Damage_And_Fatalities
66.57534247,9,2,45.89790337,0.657981248,78.27,7,26885.15763,3,0.002291261,7803,Significant_Damage_And_Serious_Injuries
32.46575342,15,18,64.94986326,0.551598269,86.13,6,43319.38364,1,0.010697032,9681,Significant_Damage_And_Serious_Injuries
55.15981735,8,13,66.1349134,0.362633249,76.37,3,58297.48027,0,0.274062714,35,Significant_Damage_And_Serious_Injuries
23.15068493,14,0,62.53418414,0.314670754,81.8,3,38605.12627,1,0.192253395,23,Highly_Fatal_And_Damaging
59.31506849,14,2,79.1704649,0.224876307,80.65,7,39422.79561,0,0.00354473,5507,Significant_Damage_And_Fatalities
57.26027397,11,5,81.40382862,0.236776776,81.61,2,31529.76232,1,0.427609652,649,Minor_Damage_And_Injuries
38.58447489,13,8,70.87511395,0.205402813,79.05,3,34397.75742,1,0.17071495,5377,Significant_Damage_And_Serious_Injuries
37.16894977,14,14,70.19143118,0.391482871,81.85,3,31728.65669,1,0.155315702,7051,Significant_Damage_And_Serious_Injuries
20.4109589,19,2,77.34731085,0.355781464,76.75,1,33776.65219,1,1.239769266,6767,Significant_Damage_And_Serious_Injuries
48.99543379,14,22,66.77301732,0.387876668,78.64,2,35694.29016,1,0.483069687,2551,Minor_Damage_And_Injuries
24.38356164,18,6,59.61713765,0.273560043,78.16,3,29492.5664,2,0.147062138,9599,Significant_Damage_And_Serious_Injuries
32.51141553,12,9,62.9443938,0.630213487,79.15,4,31875.45212,0,0.05929216,7261,Highly_Fatal_And_Damaging
23.42465753,15,23,74.74931632,0.532124775,77.94,1,42573.93535,2,1.561775246,5404,Highly_Fatal_And_Damaging
18.90410959,19,8,58.75113947,0.445936531,78.49,3,27487.6888,3,0.136461854,3734,Significant_Damage_And_Serious_Injuries
33.01369863,18,2,64.31175934,0.449903354,80.19,4,30175.04683,0,0.055722996,7499,Minor_Damage_And_Injuries
41.14155251,12,0,76.93710119,0.400137757,77.81,3,32158.99176,4,0.160237023,11418,Significant_Damage_And_Serious_Injuries
73.37899543,6,2,72.78942571,0.331980527,77.04,3,29146.68785,2,0.145942988,1133,Minor_Damage_And_Injuries
37.44292237,14,4,52.91704649,0.325849982,78.64,3,30464.23286,2,0.151103536,7935,Minor_Damage_And_Injuries
69.36073059,11,31,81.58614403,0.226679409,80.36,5,23758.02978,1,0.015481195,3292,Significant_Damage_And_Fatalities
36.84931507,17,7,80.40109389,0.243628561,75.69,2,36467.42424,2,0.488446052,2130,Minor_Damage_And_Injuries
37.48858447,10,0,68.64175023,0.333062387,76.63,4,33945.4313,2,0.061877156,12463,Highly_Fatal_And_Damaging
33.01369863,15,0,70.8295351,0.313228273,78.03,3,37868.60456,3,0.189029307,12074,Significant_Damage_And_Serious_Injuries
41.96347032,12,2,66.45396536,0.423938695,81.53,3,32349.23736,1,0.160237023,3179,Significant_Damage_And_Serious_Injuries
38.31050228,11,2,45.16864175,0.543304003,77.41,1,36638.34877,4,1.363369436,9921,Significant_Damage_And_Fatalities
60,14,17,66.36280766,0.319719437,78.24,7,34641.51186,4,0.003273791,3103,Significant_Damage_And_Fatalities
52.96803653,9,3,34.91340018,0.619394879,78.55,3,28014.71853,2,0.138895001,12228,Minor_Damage_And_Injuries
42.51141553,12,4,59.7538742,0.493899026,75.58,6,30312.60316,1,0.007161153,1536,Significant_Damage_And_Serious_Injuries
55.02283105,15,4,67.41112124,0.491735305,76.92,4,16629.63373,2,0.030473517,8654,Significant_Damage_And_Fatalities
20.3196347,15,1,65.08659982,0.523469888,80.44,1,26762.0713,2,0.982298601,6268,Highly_Fatal_And_Damaging
45.02283105,19,4,62.62534184,0.303130905,80.96,3,39157.25938,1,0.196190986,8935,Significant_Damage_And_Fatalities
46.48401826,11,2,85.59708295,0.362993869,77.73,3,25735.80475,3,0.128131027,11702,Significant_Damage_And_Serious_Injuries
41.78082192,13,11,63.35460346,0.298442842,78.01,4,43459.93175,4,0.080323425,4296,Significant_Damage_And_Serious_Injuries
55.75342466,5,7,71.60437557,0.243989181,77.52,4,32124.97323,2,0.058646528,11397,Highly_Fatal_And_Damaging
51.59817352,17,1,68.09480401,0.452067075,81.92,7,40677.51029,3,0.003716354,1229,Significant_Damage_And_Fatalities
61.00456621,10,1,76.89152233,0.426823657,75.8,5,17382.21842,1,0.010166741,1165,Minor_Damage_And_Injuries
56.02739726,12,13,63.67365542,0.258413992,81.83,2,31503.45358,2,0.426870488,9015,Minor_Damage_And_Injuries
72.00913242,11,7,75.7976299,0.272117562,78.16,7,36485.43005,3,0.003264625,8602,Significant_Damage_And_Fatalities
46.25570776,8,8,66.2260711,0.456394519,81.44,4,42414.40383,1,0.077150985,5025,Highly_Fatal_And_Damaging
51.59817352,13,9,84.91340018,0.21441832,77.52,3,30095.00139,2,0.149717569,1002,Minor_Damage_And_Injuries
50.2283105,16,7,0,0.600282005,81.82,7,45290.88375,3,0.004176009,5305,Significant_Damage_And_Serious_Injuries
42.10045662,19,0,76.57247037,0.281854309,76.17,2,42688.63692,3,0.576831072,7861,Significant_Damage_And_Fatalities
33.19634703,12,14,76.61804923,0.371648756,82.53,4,34589.1544,0,0.062842089,3214,Highly_Fatal_And_Damaging
32.87671233,15,5,79.26162261,0.224876307,79.2,3,30586.40724,2,0.151672484,1617,Significant_Damage_And_Serious_Injuries
30.95890411,16,0,82.90793072,0.337750451,86.96,6,37974.19419,1,0.009575538,2335,Significant_Damage_And_Serious_Injuries
32.92237443,15,5,79.26162261,0.272838803,83.96,4,26346.50481,2,0.048092084,8291,Significant_Damage_And_Serious_Injuries
54.52054795,9,3,58.02187785,0.402301479,80.48,5,42528.13418,2,0.028373615,2858,Significant_Damage_And_Serious_Injuries
2.739726027,20,0,77.34731085,0.238940498,79.01,5,26233.45234,3,0.016526595,11531,Highly_Fatal_And_Damaging
27.94520548,13,0,83.81950775,0.28329679,82.49,4,35048.02659,1,0.064150199,3177,Highly_Fatal_And_Damaging
30.68493151,16,6,63.99270738,0.3226044,75.68,3,30380.73455,1,0.151493601,5969,Significant_Damage_And_Serious_Injuries
58.99543379,14,25,61.53144941,0.427905517,81.71,7,45795.50296,0,0.003778639,10919,Significant_Damage_And_Fatalities
48.85844749,14,17,72.92616226,0.36371511,76.46,2,36906.1699,4,0.498635559,10383,Minor_Damage_And_Injuries
55.34246575,8,10,66.31722881,0.287263613,79.08,6,39269.05393,2,0.01003545,10384,Significant_Damage_And_Serious_Injuries
34.74885845,15,7,68.00364631,0.253004688,80.22,3,20061.5449,2,0.099322801,3923,Significant_Damage_And_Serious_Injuries
44.74885845,12,3,73.29079307,0.271396322,80.92,3,26266.36796,1,0.131036028,6619,Significant_Damage_And_Serious_Injuries
54.52054795,9,0,53.1905196,0.575759827,84.13,6,41870.02622,3,0.010153212,5660,Minor_Damage_And_Injuries
57.07762557,12,5,56.15314494,0.405186441,86.42,2,27829.01831,2,0.378611274,4675,Highly_Fatal_And_Damaging
46.25570776,15,10,60.98450319,0.516978723,78.5,5,43319.38364,1,0.029283072,10297,Minor_Damage_And_Injuries
24.65753425,14,11,39.83591613,0.557368193,84.94,4,21720.57383,5,0.039826025,11390,Significant_Damage_And_Fatalities
67.12328767,12,15,74.02005469,0.185208078,79.63,7,22336.4072,1,0.001685868,7010,Significant_Damage_And_Fatalities
27.39726027,17,2,78.8969918,0.367681933,77.36,3,15865.87217,3,0.078236346,7893,Significant_Damage_And_Serious_Injuries
44.42922374,15,3,93.66453965,0.231006852,82.44,5,32529.7644,1,0.021791943,1661,Minor_Damage_And_Injuries
33.24200913,12,7,75.43299909,0.3226044,76.27,1,32539.8451,1,1.19173458,11596,Highly_Fatal_And_Damaging
61.27853881,10,1,65.36007293,0.451345835,78.22,2,42036.96527,2,0.570660424,10899,Minor_Damage_And_Injuries
65.43378995,9,7,49.58979034,0.52599423,79.92,7,47232.02109,2,0.004297175,8974,Significant_Damage_And_Serious_Injuries
61.96347032,10,1,63.58249772,0.482359178,78.64,2,48285.89636,2,0.653014214,5511,Minor_Damage_And_Injuries
42.05479452,19,8,45.89790337,0.411316985,76.12,6,4866.798542,0,0.002920434,9986,Significant_Damage_And_Serious_Injuries
32.10045662,15,20,74.56700091,0.275723765,77.8,6,46794.80628,2,0.011291094,1345,Significant_Damage_And_Serious_Injuries
30.1826484,12,10,66.1349134,0.344241616,77.62,6,27780.21019,2,0.00670008,3199,Highly_Fatal_And_Damaging
49.9086758,10,1,41.24886053,0.505078255,80.09,5,36061.43246,3,0.024540663,10912,Minor_Damage_And_Injuries
61.32420091,10,1,57.65724704,0.399055896,79.56,2,30028.28408,1,0.40457706,11407,Minor_Damage_And_Injuries
21.87214612,15,13,53.87420237,0.362633249,79.11,4,23487.7295,4,0.043469396,12179,Significant_Damage_And_Fatalities
56.43835616,12,4,46.08021878,0.589463397,78.82,3,22169.2086,2,0.110523042,10155,Highly_Fatal_And_Damaging
41.09589041,9,2,63.67365542,0.301688424,77.53,4,38976.34068,2,0.071485634,2916,Highly_Fatal_And_Damaging
32.37442922,12,21,55.01367366,0.467573747,79.79,1,40593.90886,4,1.50178635,18,Significant_Damage_And_Fatalities
52.60273973,13,7,52.32452142,0.63418031,83.28,6,41837.53442,1,0.009503763,3139,Highly_Fatal_And_Damaging
34.01826484,15,0,68.00364631,0.362993869,80.98,4,40619.77897,3,0.074570854,5345,Significant_Damage_And_Serious_Injuries
49.6803653,7,5,85.41476755,0.270314461,79.79,3,37135.4299,3,0.18510024,11185,Highly_Fatal_And_Damaging
53.65296804,9,10,66.31722881,0.413841327,76.96,3,26277.03513,3,0.131036028,5851,Significant_Damage_And_Serious_Injuries
48.90410959,10,7,68.32269827,0.134,79.08,4,26636.76857,2,0.048913611,438,Significant_Damage_And_Serious_Injuries
50.54794521,13,20,94.21148587,0.304212766,78.55,7,22151.61486,3,0.00196337,3877,Minor_Damage_And_Injuries
1.415525114,22,2,62.71649954,0.585496574,80.86,1,28064.35466,2,1.043719067,4740,Highly_Fatal_And_Damaging
17.57990868,16,1,62.12397448,0.491014064,78.72,1,24135.44337,4,0.887893342,4745,Highly_Fatal_And_Damaging
19.6803653,15,3,54.55788514,0.34965092,74.82,5,45857.96599,1,0.032150674,11227,Significant_Damage_And_Fatalities
36.84931507,14,3,55.05925251,0.585496574,81.38,2,44557.47775,4,0.603019887,3445,Minor_Damage_And_Injuries
58.40182648,11,3,71.1030082,0.467573747,78.12,5,36617.72444,3,0.025344491,4308,Minor_Damage_And_Injuries
46.57534247,11,2,60.16408387,0.340274793,79.77,6,35902.35475,3,0.009197041,6127,Significant_Damage_And_Serious_Injuries
37.57990868,14,1,74.74931632,0.368403173,80.9,6,34176.12272,2,0.008690673,8585,Significant_Damage_And_Serious_Injuries
18.35616438,19,7,59.98176846,0.286181753,77.02,3,28554.77737,0,0.141294026,9507,Significant_Damage_And_Serious_Injuries
26.21004566,13,2,70.55606199,0.482359178,81.62,4,27296.49509,1,0.049995275,8434,Highly_Fatal_And_Damaging
23.47031963,14,0,78.07657247,0.397974035,82.06,3,26674.94339,2,0.132616662,12082,Highly_Fatal_And_Damaging
20.86757991,19,3,35.82497721,0.881926433,77.86,3,8400.18253,1,0.044715337,8559,Minor_Damage_And_Injuries
58.12785388,11,7,64.81312671,0.52599423,77.61,2,29989.7502,3,0.406388633,11014,Minor_Damage_And_Injuries
68.12785388,5,0,78.12215132,0.343880995,78.64,4,26248.79295,0,0.048409151,7689,Highly_Fatal_And_Damaging
36.75799087,10,6,66.31722881,0.547992066,82.81,4,32578.59435,2,0.059756087,1296,Highly_Fatal_And_Damaging
43.78995434,12,10,71.69553327,0.314310133,80.03,6,33980.66168,1,0.008598124,7737,Significant_Damage_And_Serious_Injuries
46.16438356,11,10,66.2260711,0.440887847,78.85,6,27563.66577,1,0.006569039,4447,Significant_Damage_And_Serious_Injuries
44.88584475,18,4,56.74567001,0.469376848,81.42,2,16099.47741,3,0.214957085,176,Significant_Damage_And_Serious_Injuries
70.50228311,7,44,64.90428441,0.588742157,79.49,5,33858.67946,1,0.022989915,4929,Minor_Damage_And_Injuries
23.47031963,14,8,53.32725615,0.392204111,85.17,4,34446.97622,3,0.063340485,8311,Significant_Damage_And_Fatalities
46.34703196,15,2,45.80674567,0.657981248,78.99,3,11809.79506,2,0.059449586,3121,Highly_Fatal_And_Damaging
26.07305936,17,1,47.90337284,0.429708619,76.13,7,33350.46818,3,0.00309592,1342,Minor_Damage_And_Injuries
40.73059361,13,0,48.22242479,0.516978723,77.67,6,22131.73628,3,0.005429829,4104,Minor_Damage_And_Injuries
45.15981735,11,6,60.11850501,0.329095564,78.52,4,29545.42634,3,0.05264305,11930,Significant_Damage_And_Serious_Injuries
39.9543379,16,0,74.33910665,0.239301118,77.47,2,30017.31061,1,0.40457706,12275,Minor_Damage_And_Injuries
41.18721461,13,7,65.17775752,0.370927515,79.42,3,38658.56928,3,0.193178641,3076,Significant_Damage_And_Serious_Injuries
38.67579909,13,14,73.15405652,0.334504868,81.37,3,12474.36,2,0.062723562,9760,Significant_Damage_And_Serious_Injuries
6.575342466,19,6,75.7976299,0.375976199,79.69,4,24442.033,1,0.044304207,8260,Highly_Fatal_And_Damaging
43.37899543,12,10,55.05925251,0.381024883,86.13,3,28403.23611,2,0.142232506,1780,Minor_Damage_And_Injuries
54.10958904,16,13,53.69188696,0.474786152,83.6,6,10299.82175,4,0.002792542,4825,Significant_Damage_And_Fatalities
45.25114155,15,18,66.86417502,0.192059863,83.03,1,34641.51186,1,1.275979044,3768,Minor_Damage_And_Injuries
31.09589041,12,25,60.98450319,0.378861161,78.66,6,15252.22178,1,0.0035137,10409,Highly_Fatal_And_Damaging
44.47488584,15,0,86.78213309,0.286542373,78.91,4,25083.65791,2,0.0452208,5564,Minor_Damage_And_Injuries
30.1369863,16,6,44.75843209,0.608215651,79.06,2,19136.0861,2,0.252547765,4012,Minor_Damage_And_Injuries
8.538812785,19,3,54.14767548,0.598118283,77.82,4,24755.21837,1,0.045618295,7163,Significant_Damage_And_Fatalities
57.35159817,8,2,64.49407475,0.365518211,77.53,6,24664.52893,4,0.006375142,9159,Significant_Damage_And_Serious_Injuries
48.17351598,14,1,97.99453054,0.217663902,78,2,13214.85189,2,0.176030905,7536,Minor_Damage_And_Injuries
56.25570776,12,13,55.83409298,0.378139921,75.8,7,43425.61295,2,0.003957107,6600,Highly_Fatal_And_Damaging
57.35159817,8,19,71.55879672,0.388958529,79.54,3,44143.7353,1,0.221921191,5957,Significant_Damage_And_Serious_Injuries
41.82648402,12,1,74.52142206,0.402301479,76.56,6,34274.99438,2,0.009103878,9004,Significant_Damage_And_Serious_Injuries
41.91780822,12,1,56.19872379,0.413480707,79.64,7,42176.92229,2,0.003972531,9315,Minor_Damage_And_Injuries
25.66210046,17,5,62.16955333,0.509405698,77.4,3,34979.64834,3,0.175089765,2513,Significant_Damage_And_Serious_Injuries
24.70319635,18,3,80.62898815,0.303130905,78.05,6,49272.8265,0,0.012895052,1385,Significant_Damage_And_Serious_Injuries
37.39726027,14,12,71.87784868,0.381024883,80.75,6,31993.45889,3,0.007816347,2245,Significant_Damage_And_Serious_Injuries
70.50228311,7,4,64.4484959,0.497505229,88.78,1,10541.47198,1,0.387799082,8638,Minor_Damage_And_Injuries
40.3196347,13,9,78.12215132,0.39112225,76.4,1,17590.82705,1,0.660172964,2118,Significant_Damage_And_Serious_Injuries
47.53424658,17,19,44.34822242,0.621919221,76.04,7,24798.35408,2,0.002304928,1100,Significant_Damage_And_Serious_Injuries
64.29223744,9,0,78.07657247,0.361190768,81.12,5,36104.85699,2,0.025344491,2403,Minor_Damage_And_Injuries
20.54794521,15,2,55.69735643,0.311425171,76.3,5,24613.54889,2,0.016468912,10014,Significant_Damage_And_Fatalities
42.96803653,16,3,62.7620784,0.47190119,80.16,2,48111.33803,1,0.653478546,11694,Minor_Damage_And_Injuries
60.54794521,14,0,74.56700091,0.306015867,83.15,7,25716.03912,1,0.002294141,2996,Significant_Damage_And_Fatalities
77.76255708,9,15,56.19872379,0.45891886,83.26,7,38745.5763,2,0.003716566,5882,Significant_Damage_And_Serious_Injuries
29.26940639,13,1,75.34184139,0.337750451,86.57,5,40561.69267,2,0.027316802,12067,Highly_Fatal_And_Damaging
29.6347032,13,0,81.58614403,0.435478543,75.31,1,37864.75283,1,1.395491763,715,Highly_Fatal_And_Damaging
44.38356164,15,5,82.04193254,0.158882798,79.3,1,45084.69164,2,1.710775853,7509,Minor_Damage_And_Injuries
33.19634703,15,2,63.90154968,0.368403173,79.8,6,37550.39877,0,0.009525399,3902,Significant_Damage_And_Serious_Injuries
37.80821918,17,0,77.16499544,0.33630797,78.59,1,22938.17793,0,0.853373916,5743,Minor_Damage_And_Injuries
66.98630137,12,15,70.41932543,0.555925712,76.71,7,37882.52721,0,0.003578425,808,Significant_Damage_And_Fatalities
42.05479452,16,1,64.49407475,0.246513523,78.43,2,27255.61956,1,0.36782847,12364,Minor_Damage_And_Injuries
62.78538813,6,0,58.84229717,0.41816877,75.7,3,19689.99187,1,0.09765878,1691,Significant_Damage_And_Serious_Injuries
36.16438356,11,2,79.35278031,0.199632889,80.43,4,25758.1198,3,0.046916575,10343,Highly_Fatal_And_Damaging
19.9086758,23,1,52.87146764,0.407350162,76.1,6,47964.94339,4,0.011408998,10154,Minor_Damage_And_Injuries
62.69406393,6,2,73.15405652,0.352175261,84.62,2,25814.27752,4,0.348733923,8608,Significant_Damage_And_Serious_Injuries
39.17808219,13,7,69.05195989,0.320080058,79.6,3,51422.20464,2,0.26103585,7318,Significant_Damage_And_Serious_Injuries
55.75342466,5,1,59.02461258,0.32368626,78.46,1,20295.70212,1,0.744647606,5917,Highly_Fatal_And_Damaging
37.80821918,14,8,56.74567001,0.786362063,77.51,3,47156.93843,3,0.236464525,3895,Significant_Damage_And_Serious_Injuries
62.32876712,13,0,64.85870556,0.284018031,87.65,7,27287.79299,1,0.002433078,5252,Significant_Damage_And_Fatalities
45.98173516,15,2,59.98176846,0.386794807,79.83,2,44295.2918,1,0.598789654,7678,Minor_Damage_And_Injuries
72.46575342,10,2,59.52597995,0.416005049,79.69,7,33921.70262,1,0.003061486,10683,Significant_Damage_And_Fatalities
26.34703196,14,2,73.74658159,0.281493689,77.07,7,23888.07088,2,0.002366971,475,Highly_Fatal_And_Damaging
58.85844749,7,3,45.39653601,0.478392355,77.74,2,22443.89357,4,0.302231914,7136,Minor_Damage_And_Injuries
28.90410959,13,7,52.78030994,0.304573386,78.96,3,19484.24361,2,0.095587438,8845,Highly_Fatal_And_Damaging
38.63013699,13,14,45.44211486,0.543664623,78.61,1,45350.27024,2,1.675368473,11086,Minor_Damage_And_Injuries
41.64383562,13,11,62.07839562,0.439445366,77.02,6,20637.7837,2,0.005269257,4427,Significant_Damage_And_Serious_Injuries
65.66210046,12,0,86.59981768,0.272117562,82.4,5,36027.86127,0,0.025110149,10862,Significant_Damage_And_Fatalities
38.08219178,17,6,54.37556974,0.467213127,76.86,1,10587.35258,2,0.414537352,7734,Highly_Fatal_And_Damaging
52.19178082,13,3,85.27803099,0.29663974,79.12,5,28885.57324,3,0.020456608,5015,Minor_Damage_And_Injuries
60.1369863,14,22,71.37648131,0.224876307,85.4,7,29143.75455,3,0.002703379,817,Significant_Damage_And_Fatalities
58.44748858,11,5,81.54056518,0.29627912,77.56,2,21526.32425,1,0.293093095,11902,Minor_Damage_And_Injuries
25.29680365,14,4,82.99908842,0.317916336,79.71,1,25111.1749,2,0.925208521,5475,Highly_Fatal_And_Damaging
30.1369863,13,14,55.46946217,0.43079048,87,4,18842.78867,2,0.034097724,562,Significant_Damage_And_Fatalities
68.67579909,11,7,44.94074749,0.382467364,79.3,7,37495.85849,3,0.003433937,3120,Significant_Damage_And_Serious_Injuries
40.59360731,13,1,75.47857794,0.333062387,75.95,3,18869.58762,4,0.095949251,2979,Significant_Damage_And_Serious_Injuries
35.25114155,11,4,43.07201459,0.543304003,83,2,19136.0861,3,0.253283471,10533,Significant_Damage_And_Fatalities
30.3196347,16,0,86.9644485,0.328734944,78.46,6,24044.67151,4,0.006276541,2812,Significant_Damage_And_Serious_Injuries
34.38356164,11,7,57.52051048,0.478392355,80.92,2,29699.21428,1,0.403086321,10238,Highly_Fatal_And_Damaging
28.90410959,13,8,63.30902461,0.303130905,76.04,4,33080.04314,1,0.059945972,12326,Highly_Fatal_And_Damaging
59.45205479,14,15,48.81494986,0.735153985,75.71,7,31377.43925,3,0.002798876,8262,Significant_Damage_And_Serious_Injuries
46.16438356,11,10,66.2260711,0.413841327,80.23,6,28542.00418,3,0.007366924,1482,Significant_Damage_And_Serious_Injuries
32.05479452,15,20,62.07839562,0.387876668,79.29,6,18816.72362,2,0.004332081,4119,Significant_Damage_And_Serious_Injuries
54.84018265,5,28,64.99544211,0.248316625,75.84,4,25598.80454,4,0.047527435,10722,Highly_Fatal_And_Damaging
53.92694064,12,17,75.25068368,0.273199423,79.17,5,38379.98352,3,0.026949467,1529,Minor_Damage_And_Injuries
31.09589041,15,2,62.71649954,0.330898666,86.96,3,38418.95355,2,0.19093699,4779,Significant_Damage_And_Serious_Injuries
39.13242009,13,2,69.14311759,0.380303642,79.17,3,13468.0085,3,0.069397951,2602,Significant_Damage_And_Serious_Injuries
21.46118721,15,3,72.01458523,0.240022358,75.01,1,49396.87641,2,1.818558216,4235,Highly_Fatal_And_Damaging
14.06392694,17,1,57.88514129,0.285821132,75.34,4,22535.73019,3,0.041271889,4568,Highly_Fatal_And_Damaging
22.60273973,15,8,92.11485871,0.211172737,83.48,4,29639.29746,2,0.055059953,7483,Highly_Fatal_And_Damaging
47.71689498,11,3,63.99270738,0.20143599,78.72,3,19643.59874,0,0.09765878,11178,Significant_Damage_And_Serious_Injuries
46.57534247,7,0,56.88240656,0.47190119,76.95,4,40893.10241,0,0.075347018,2970,Significant_Damage_And_Fatalities
46.57534247,11,1,75.29626253,0.183044356,82.7,3,40532.78544,1,0.202363111,465,Significant_Damage_And_Serious_Injuries
25.98173516,14,12,63.90154968,0.334504868,76.22,4,21862.35138,2,0.039167902,1078,Highly_Fatal_And_Damaging
46.80365297,14,3,48.08568824,0.516618103,83.28,3,31908.04001,1,0.159540452,678,Highly_Fatal_And_Damaging
61.41552511,14,3,56.15314494,0.438724125,74.82,4,52783.66999,3,0.09790633,12345,Highly_Fatal_And_Damaging
36.57534247,14,5,57.88514129,0.35037216,83.08,1,16391.20156,1,0.563737504,10707,Significant_Damage_And_Serious_Injuries
60.2739726,7,19,56.33546035,0.397252795,80.47,5,28540.55316,1,0.019310035,2080,Minor_Damage_And_Injuries
18.03652968,16,6,71.87784868,0.279690588,78.28,4,26538.32226,3,0.048092084,9560,Highly_Fatal_And_Damaging
28.67579909,13,0,71.87784868,0.419971872,80.34,1,28193.96225,2,1.046036393,8129,Highly_Fatal_And_Damaging
58.40182648,11,4,69.37101185,0.191338622,79.22,2,34315.53692,2,0.462514456,8323,Minor_Damage_And_Injuries
49.5890411,10,15,51.04831358,0.540419041,83.6,4,38896.17291,3,0.071719022,3266,Minor_Damage_And_Injuries
25.57077626,17,9,63.99270738,0.199632889,76.74,5,31610.95561,1,0.022471369,816,Significant_Damage_And_Serious_Injuries
40.63926941,13,8,80.94804011,0.306015867,78.96,4,45239.95248,2,0.083479828,10213,Significant_Damage_And_Serious_Injuries
32.42009132,12,14,51.5952598,0.368042553,81.44,1,23086.07039,1,0.845845626,1292,Significant_Damage_And_Fatalities
30.73059361,19,2,67.8213309,0.258053372,79.28,4,34016.78961,1,0.061947518,7546,Minor_Damage_And_Injuries
49.5890411,13,3,53.73746582,0.312867652,77.38,4,29734.44134,1,0.054639864,7900,Minor_Damage_And_Injuries
4.794520548,20,5,77.84867821,0.342438514,80.06,4,23042.4621,2,0.042389134,5158,Highly_Fatal_And_Damaging
27.16894977,17,2,72.01458523,0.413480707,81.15,1,18856.48341,4,0.683703598,6378,Significant_Damage_And_Serious_Injuries
17.26027397,16,11,79.03372835,0.394367833,76.65,1,36698.17102,2,1.346364085,9116,Highly_Fatal_And_Damaging
30.68493151,16,0,82.90793072,0.315752614,80.27,6,23126.29197,2,0.005477108,9594,Significant_Damage_And_Serious_Injuries
50.50228311,6,1,70.46490428,0.249759106,82.11,4,36166.00391,3,0.066024887,10966,Highly_Fatal_And_Damaging
39.36073059,17,0,68.00364631,0.362993869,84.01,7,54279.88661,1,0.004804808,3346,Minor_Damage_And_Injuries
42.51141553,16,7,37.2379216,0.577923549,77.9,2,24285.89193,2,0.330528597,10686,Highly_Fatal_And_Damaging
48.90410959,13,0,54.83135825,0.385352326,85.6,2,37251.6714,1,0.504117435,9788,Highly_Fatal_And_Damaging
36.25570776,11,1,70.00911577,0.36371511,81.11,1,39396.11662,1,1.443530955,464,Highly_Fatal_And_Damaging