Safety_Score,Days_Since_Inspection,Total_Safety_Complaints,Control_Metric,Turbulence_In_gforces,Cabin_Temperature,Accident_Type_Code,Max_Elevation,Violations,Adverse_Weather_Metric,Accident_ID,Severity
40.77625571,9,1,49.58979034,0.468655608,81.43,1,21022.74327,2,0.775459295,2881,Significant_Damage_And_Fatalities
44.33789954,15,6,70.00911577,0.547270826,76.11,2,28473.78615,2,0.385350791,4532,Minor_Damage_And_Injuries
42.23744292,9,3,74.79489517,0.33702921,81.27,4,16209.2903,2,0.029923051,7488,Highly_Fatal_And_Damaging
40.86757991,13,2,55.92525068,0.550877028,81.72,4,45002.00793,3,0.081338958,4349,Minor_Damage_And_Injuries
34.42922374,11,8,77.93983592,0.241104219,82.45,4,33358.8046,2,0.060719841,10904,Highly_Fatal_And_Damaging
69.45205479,8,2,58.34092981,0.383188604,79.1,2,30488.79694,0,0.411684928,10948,Minor_Damage_And_Injuries
28.99543379,16,11,70.00911577,0.299885323,78.64,4,22297.57562,1,0.040926354,3383,Significant_Damage_And_Serious_Injuries
40.63926941,9,6,54.05651778,0.380303642,77.25,4,29538.27364,2,0.053900361,12416,Significant_Damage_And_Fatalities
35.52511416,14,2,64.99544211,0.502193292,78.97,1,30513.4373,2,1.129263661,11655,Significant_Damage_And_Serious_Injuries
57.48858447,11,11,62.8532361,0.328013704,79.26,2,12376.56137,1,0.168418282,7445,Minor_Damage_And_Injuries
44.56621005,8,14,49.54421149,0.444133429,83.17,4,33892.77025,2,0.062500905,11705,Significant_Damage_And_Fatalities
39.17808219,10,1,69.14311759,0.262020195,83.63,2,33523.70234,2,0.454618024,419,Highly_Fatal_And_Damaging
17.89954338,20,9,61.349134,0.570350523,77.86,4,29365.0115,1,0.05406471,12083,Significant_Damage_And_Serious_Injuries
55.93607306,15,4,68.96080219,0.253725929,82.09,7,21703.2159,2,0.001701728,5113,Significant_Damage_And_Fatalities
22.96803653,15,8,67.77575205,0.375254959,82.34,1,38266.75565,2,1.412637009,5816,Highly_Fatal_And_Damaging
44.56621005,8,7,62.16955333,0.352535882,80.83,7,36008.68227,3,0.003086182,6516,Highly_Fatal_And_Damaging
46.89497717,11,0,80.40109389,0.223433826,78.33,4,43136.25353,3,0.078572719,7608,Significant_Damage_And_Serious_Injuries
45.79908676,11,17,72.24247949,0.194944825,77.89,5,29143.75455,1,0.019462946,3900,Significant_Damage_And_Serious_Injuries
44.47488584,15,0,79.21604376,0.358305806,79.54,1,28433.32995,2,1.050286812,9593,Minor_Damage_And_Injuries
29.36073059,13,10,82.86235187,0.173307609,80.09,4,28994.83338,2,0.053282506,9831,Highly_Fatal_And_Damaging
54.52054795,8,1,60.61987238,0.430429859,75.61,3,45864.17804,3,0.22768113,6491,Significant_Damage_And_Serious_Injuries
43.33333333,15,4,51.5041021,0.490292824,78.11,2,35845.56311,2,0.486765495,10405,Highly_Fatal_And_Damaging
65.43378995,12,12,67.00091158,0.293394158,77.27,2,44263.04351,3,0.599471586,5362,Significant_Damage_And_Fatalities
39.9543379,13,4,64.58523245,0.246513523,77.8,6,40686.38439,1,0.010108419,4484,Significant_Damage_And_Serious_Injuries
45.29680365,15,1,71.05742935,0.281493689,78.02,2,20020.27019,1,0.266623439,3115,Minor_Damage_And_Injuries
55.84474886,12,0,55.46946217,0.599560765,78.67,2,35070.33319,2,0.47376346,1444,Highly_Fatal_And_Damaging
34.33789954,11,8,73.65542388,0.40410458,78.2,4,43204.16899,1,0.078338733,3495,Highly_Fatal_And_Damaging
34.06392694,15,1,62.35186873,0.339192932,77.36,4,36420.9563,2,0.066496379,1717,Significant_Damage_And_Serious_Injuries
51.23287671,10,6,74.2023701,0.207205914,79.47,3,35378.13292,2,0.175894785,7540,Significant_Damage_And_Serious_Injuries
37.48858447,10,21,74.52142206,0.364436351,77.26,5,29921.1345,1,0.020353891,12479,Highly_Fatal_And_Damaging
75.25114155,9,0,71.64995442,0.300245943,88.57,1,20970.59354,4,0.770245197,760,Significant_Damage_And_Fatalities
36.07305936,18,1,72.4247949,0.287624234,77.96,1,25722.52802,2,0.936484556,3578,Minor_Damage_And_Injuries
19.9543379,15,13,92.98085688,0.238940498,79.58,4,17933.05028,4,0.032005752,9196,Highly_Fatal_And_Damaging
40.73059361,9,1,75.7064722,0.325849982,79.51,4,36315.72701,4,0.065952202,10641,Highly_Fatal_And_Damaging
70.4109589,11,14,40.15496809,0.261659574,81.84,7,19333.5256,4,0.001654836,775,Significant_Damage_And_Fatalities
38.76712329,17,2,68.00364631,0.253004688,83.6,7,33951.33867,3,0.003118626,4686,Minor_Damage_And_Injuries
37.16894977,14,7,62.12397448,0.421774973,78.09,4,30858.54314,3,0.056666427,11381,Significant_Damage_And_Serious_Injuries
72.55707763,10,1,69.82680036,0.263823296,79.93,7,26338.72732,2,0.002437274,4402,Significant_Damage_And_Fatalities
28.67579909,20,0,56.83682771,0.378139921,84.82,1,26365.38632,1,0.971098833,5686,Highly_Fatal_And_Damaging
47.35159817,14,8,45.89790337,0.623001082,85.1,3,45760.75609,2,0.227253122,5732,Highly_Fatal_And_Damaging
53.92694064,12,23,50.86599818,0.500390191,77.91,2,31318.38611,1,0.423631716,10346,Minor_Damage_And_Injuries
25.61643836,14,7,56.15314494,0.523469888,84.45,3,38780.39094,3,0.193090444,1322,Significant_Damage_And_Fatalities
37.48858447,14,0,73.15405652,0.277887486,78.11,3,29660.96349,1,0.147855294,5037,Significant_Damage_And_Serious_Injuries
29.8630137,12,6,74.93163172,0.265626397,77,1,33036.65233,2,1.213858457,897,Highly_Fatal_And_Damaging
42.28310502,16,28,65.13217867,0.248316625,83.03,2,23749.03605,3,0.318991758,11866,Minor_Damage_And_Injuries
37.48858447,10,12,69.91795807,0.237858637,79.16,4,26338.72732,2,0.048000031,2624,Highly_Fatal_And_Damaging
34.74885845,14,5,78.80583409,0.302770285,84.48,6,51862.79613,2,0.012601336,837,Significant_Damage_And_Serious_Injuries
32.23744292,15,4,76.02552416,0.316473855,78.95,6,40538.78082,2,0.010012707,2547,Significant_Damage_And_Serious_Injuries
18.94977169,19,0,64.3573382,0.256610891,84.43,6,26247.7093,1,0.006459519,12151,Significant_Damage_And_Serious_Injuries
46.34703196,15,0,67.86690975,0.395810314,76.95,2,32848.29328,3,0.442314977,4115,Minor_Damage_And_Injuries
42.96803653,9,24,80.08204193,0.40374396,76.21,7,25796.94853,2,0.002489056,1278,Highly_Fatal_And_Damaging
31.14155251,15,0,84.86782133,0.203960332,76.41,4,35535.20052,0,0.065163674,11958,Significant_Damage_And_Serious_Injuries
20.2283105,15,3,66.90975387,0.416365669,80.85,4,24651.96663,2,0.046132904,4702,Highly_Fatal_And_Damaging
45.20547945,15,8,67.09206928,0.385352326,80.42,5,40406.30633,1,0.027958096,8807,Minor_Damage_And_Injuries
31.14155251,16,5,68.59617138,0.22884313,81.34,1,40821.19588,1,1.503987543,12319,Significant_Damage_And_Serious_Injuries
70,11,7,64.99544211,0.52599423,78.67,2,25033.36689,2,0.338607931,3218,Minor_Damage_And_Injuries
42.46575342,16,2,63.90154968,0.378139921,77.17,2,46974.3904,2,0.637636245,8041,Minor_Damage_And_Injuries
34.42922374,11,9,89.42570647,0.200354129,79.16,2,21123.66151,3,0.287088419,10594,Highly_Fatal_And_Damaging
11.82648402,18,5,89.88149499,0.481637937,81.97,1,26991.83804,2,1.007250968,2095,Highly_Fatal_And_Damaging
29.40639269,13,5,70.9206928,0.43079048,77.09,1,33393.59309,2,1.229645331,4678,Highly_Fatal_And_Damaging
23.92694064,14,1,71.05742935,0.482359178,81.72,4,29830.01929,2,0.054369686,7986,Highly_Fatal_And_Damaging
58.40182648,11,4,71.74111212,0.354699603,78.03,2,25723.82936,3,0.348853856,2851,Minor_Damage_And_Injuries
48.99543379,14,6,70.87511395,0.467573747,77.2,6,38151.50602,1,0.010337571,11050,Minor_Damage_And_Injuries
50.2739726,17,7,54.7857794,0.30962207,79.31,2,30190.76531,2,0.407910453,8143,Significant_Damage_And_Serious_Injuries
46.02739726,8,8,68.50501367,0.41744753,81.44,4,29261.07244,1,0.053177242,5219,Highly_Fatal_And_Damaging
58.67579909,11,5,68.14038286,0.212975838,80.63,2,26755.00794,3,0.362925272,3448,Minor_Damage_And_Injuries
46.21004566,15,15,83.81950775,0.263823296,78.92,2,25487.60502,3,0.34702939,9238,Minor_Damage_And_Injuries
24.06392694,22,4,73.01731996,0.265987018,76.63,7,29660.96349,4,0.002795276,7595,Minor_Damage_And_Injuries
65.75342466,9,0,75.7064722,0.224876307,79.2,2,19550.42361,0,0.254538381,7246,Minor_Damage_And_Injuries
29.22374429,16,7,54.46672744,0.410235124,85.17,3,35285.26904,2,0.176294828,11827,Minor_Damage_And_Injuries
53.74429224,16,2,74.79489517,0.325489362,83.07,7,48535.65619,0,0.004764548,7883,Significant_Damage_And_Fatalities
41.78082192,9,3,58.52324521,0.304573386,80.64,4,27518.72352,2,0.049709403,8055,Highly_Fatal_And_Damaging
32.87671233,18,3,54.37556974,0.527797331,79.1,4,29487.0992,2,0.052387497,7881,Minor_Damage_And_Injuries
46.16438356,11,7,72.10574294,0.351454021,77.86,5,35974.82174,3,0.024598468,66,Significant_Damage_And_Serious_Injuries
54.79452055,12,5,39.88149499,0.676733502,79.89,6,37292.12903,1,0.009103878,4709,Highly_Fatal_And_Damaging
73.10502283,10,1,84.54876937,0.298442842,78.64,7,33601.5719,2,0.003329428,10858,Significant_Damage_And_Fatalities
76.39269406,10,1,55.92525068,0.456394519,85.02,7,50713.17016,2,0.004492904,6010,Significant_Damage_And_Serious_Injuries
32.55707763,12,7,64.26618049,0.324046881,79.15,6,28783.69929,2,0.007516405,8808,Highly_Fatal_And_Damaging
32.69406393,12,3,54.6946217,0.40410458,77.9,5,33249.38107,1,0.021794667,11540,Significant_Damage_And_Fatalities
31.09589041,12,25,73.19963537,0.325489362,77.26,4,39140.61137,0,0.07180187,2163,Highly_Fatal_And_Damaging
30.63926941,13,3,56.28988149,0.466491886,79.05,4,43852.84535,4,0.080751171,524,Significant_Damage_And_Fatalities
30.50228311,12,1,56.88240656,0.555204472,78.63,3,38800.96731,2,0.192477284,10890,Highly_Fatal_And_Damaging
50.3196347,13,5,70.28258888,0.546188965,97.51,7,31300.06572,1,0.002776185,695,Minor_Damage_And_Injuries
39.17808219,13,3,79.21604376,0.29663974,83.21,3,26346.50481,3,0.131363387,297,Significant_Damage_And_Serious_Injuries
41.68949772,13,6,67.36554239,0.372369996,82.33,4,29628.16841,3,0.055088709,7071,Significant_Damage_And_Serious_Injuries
73.28767123,10,6,60.57429353,0.220548864,81.26,5,33111.57337,2,0.021647601,3131,Significant_Damage_And_Fatalities
73.10502283,9,4,45.39653601,0.637425893,78.37,7,30305.51648,2,0.002659088,7266,Significant_Damage_And_Serious_Injuries
50.54794521,13,0,70.41932543,0.29627912,81.14,5,40360.21541,3,0.027207138,6183,Minor_Damage_And_Injuries
44.52054795,15,0,75.84320875,0.338832312,78.91,2,25688.5205,2,0.347298541,6909,Minor_Damage_And_Injuries
32.73972603,12,7,74.2935278,0.232809953,76.99,1,29123.25838,2,1.088962805,10283,Highly_Fatal_And_Damaging
28.08219178,13,8,66.54512306,0.305294627,78.11,4,40524.89511,3,0.074342295,5049,Highly_Fatal_And_Damaging
25.29680365,14,17,37.51139471,0.594512081,85.58,4,33020.68268,3,0.059945972,2175,Significant_Damage_And_Fatalities
68.03652968,8,0,76.48131267,0.321522539,80.67,5,26328.77174,1,0.016972183,9926,Minor_Damage_And_Injuries
48.44748858,14,6,72.01458523,0.351093401,79.22,2,42622.37152,2,0.579229482,9061,Minor_Damage_And_Injuries
65.84474886,9,18,70.14585232,0.301327804,88.4,2,36389.91282,4,0.488446052,3366,Minor_Damage_And_Injuries
19.17808219,16,4,73.24521422,0.238940498,79.8,3,22172.72266,2,0.11037399,4572,Highly_Fatal_And_Damaging
59.04109589,14,2,70.64721969,0.432954201,77.32,5,36343.41649,2,0.025353861,11886,Significant_Damage_And_Fatalities
39.9086758,13,3,69.59890611,0.312146412,78.55,3,16902.3487,2,0.084033025,4802,Significant_Damage_And_Serious_Injuries
40.82191781,13,0,51.82315406,0.491014064,78.22,4,34711.47462,2,0.063446375,9868,Significant_Damage_And_Serious_Injuries
81.46118721,8,0,68.73290793,0.199632889,81.62,7,21703.2159,3,0.001701728,9650,Significant_Damage_And_Fatalities
70.54794521,11,1,57.15587967,0.49858709,78.31,7,46975.27577,2,0.003992844,2722,Significant_Damage_And_Serious_Injuries
38.63013699,17,2,63.71923428,0.320801298,78.78,2,38615.12656,1,0.523220781,8580,Minor_Damage_And_Injuries
33.92694064,11,7,52.05104831,0.422496213,81.89,4,31317.09211,3,0.058145989,301,Significant_Damage_And_Fatalities
13.78995434,17,5,65.72470374,0.193502344,77.36,7,27607.90091,2,0.002477745,8384,Highly_Fatal_And_Damaging
27.48858447,20,17,66.59070191,0.380303642,77.3,4,37616.41493,2,0.068896867,5925,Minor_Damage_And_Injuries
34.47488584,11,8,77.93983592,0.245792283,79.85,4,33492.60989,2,0.060964781,12146,Highly_Fatal_And_Damaging
21.36986301,15,5,71.0118505,0.35001154,77.19,2,29821.78236,3,0.403593936,9703,Highly_Fatal_And_Damaging
33.28767123,15,10,64.26618049,0.462525063,75.55,3,43075.3747,2,0.215610803,5411,Significant_Damage_And_Serious_Injuries
78.58447489,9,14,56.70009116,0.502914533,78.33,6,21995.4182,3,0.005452119,5351,Significant_Damage_And_Serious_Injuries
47.89954338,7,18,69.37101185,0.440887847,77.27,3,58297.48027,2,0.264749961,5378,Highly_Fatal_And_Damaging
40.54794521,16,11,53.69188696,0.548713307,82.71,2,39434.25611,4,0.532383165,9663,Highly_Fatal_And_Damaging
54.74885845,9,15,71.64995442,0.324046881,79.58,6,29978.38207,1,0.007525956,4553,Significant_Damage_And_Serious_Injuries
45.98173516,15,3,71.19416591,0.243267941,80.33,2,34832.02015,4,0.471153593,2319,Minor_Damage_And_Injuries
55.52511416,12,2,70.87511395,0.467573747,77.94,5,29552.58818,2,0.019720596,11826,Minor_Damage_And_Injuries
17.26027397,16,14,76.75478578,0.284378651,76.78,4,32791.84219,1,0.059625833,6580,Highly_Fatal_And_Damaging
63.83561644,13,3,57.52051048,0.447379012,77.02,4,27034.8777,3,0.049194325,11134,Significant_Damage_And_Fatalities
25.57077626,14,10,73.06289881,0.275002524,77.53,4,31335.47682,1,0.057863231,1372,Highly_Fatal_And_Damaging
28.40182648,13,14,51.5952598,0.785640822,82.27,1,48583.54863,2,1.799131254,9678,Significant_Damage_And_Fatalities
46.48401826,15,3,71.19416591,0.386073567,79.45,2,41118.89527,1,0.555593899,1979,Minor_Damage_And_Injuries
33.74429224,15,0,80.35551504,0.28329679,77.49,6,32761.0173,3,0.007811181,8963,Significant_Damage_And_Serious_Injuries
40.0913242,13,16,59.07019143,0.447018392,82.82,6,47132.95711,2,0.011775811,9542,Significant_Damage_And_Serious_Injuries
19.04109589,16,1,73.01731996,0.204320952,83.17,4,35121.55445,3,0.063852543,9731,Highly_Fatal_And_Damaging
30.77625571,20,0,56.83682771,0.378139921,79.57,6,26238.33762,2,0.006459519,1247,Highly_Fatal_And_Damaging
38.44748858,17,9,59.98176846,0.283657411,79.23,2,36657.84557,2,0.488383083,9525,Minor_Damage_And_Injuries
38.76712329,14,5,71.92342753,0.183044356,76.11,3,40239.88026,2,0.200404041,3444,Significant_Damage_And_Serious_Injuries
19.17808219,16,15,76.52689152,0.284378651,84.53,2,20313.47617,2,0.273757874,704,Highly_Fatal_And_Damaging
66.80365297,9,2,72.74384686,0.180520014,76.64,5,47141.22631,2,0.031131125,2248,Minor_Damage_And_Injuries
58.49315068,4,5,74.43026436,0.330898666,76.11,5,32357.71931,3,0.022389162,4768,Significant_Damage_And_Serious_Injuries
37.53424658,20,1,68.09480401,0.527797331,78.09,7,36310.45769,3,0.003075499,9420,Significant_Damage_And_Fatalities
62.51141553,13,29,78.03099362,0.271035701,80.09,3,45294.83047,2,0.222453977,272,Significant_Damage_And_Fatalities
57.12328767,11,10,81.40382862,0.234252434,82.26,2,26993.95763,2,0.365529248,4087,Minor_Damage_And_Injuries
18.12785388,16,7,62.07839562,0.494980887,77.42,4,19618.54857,2,0.035320494,6642,Highly_Fatal_And_Damaging
39.7260274,17,3,59.29808569,0.53897656,77.85,5,34587.88621,2,0.022989915,11052,Minor_Damage_And_Injuries
38.44748858,17,0,52.32452142,0.433314821,76.9,2,27549.67974,2,0.37362346,12441,Highly_Fatal_And_Damaging
37.39726027,14,10,70.8295351,0.276805626,76.76,3,31335.47682,1,0.15796768,1268,Significant_Damage_And_Serious_Injuries
41.14155251,12,3,73.29079307,0.308900829,78.78,6,40538.78082,4,0.009860799,10593,Significant_Damage_And_Serious_Injuries
59.7716895,10,17,79.1704649,0.361190768,80.42,2,33976.45531,2,0.458859034,9616,Minor_Damage_And_Injuries
44.33789954,15,5,88.46855059,0.22920375,79.93,6,38116.55169,1,0.010244545,12244,Minor_Damage_And_Injuries
55.89041096,12,5,73.92889699,0.232809953,75.69,5,21532.34639,3,0.014216882,5551,Minor_Damage_And_Injuries
32.14611872,12,14,85.59708295,0.312146412,80.07,3,29715.3911,2,0.147855294,1641,Highly_Fatal_And_Damaging
18.31050228,16,7,60.57429353,0.395089073,77.53,1,46755.51645,3,1.748519461,7287,Highly_Fatal_And_Damaging
53.88127854,12,1,68.14038286,0.215860801,86.18,7,24953.13826,1,0.002433605,5911,Minor_Damage_And_Injuries
42.87671233,12,3,68.91522334,0.325849982,81.23,3,34172.77639,1,0.170899114,8953,Significant_Damage_And_Serious_Injuries
48.26484018,10,3,47.26526892,0.416005049,83.22,6,42615.83892,3,0.010799847,11093,Minor_Damage_And_Injuries
50.73059361,13,0,54.83135825,0.462525063,78.47,2,33905.3514,2,0.458227397,1698,Highly_Fatal_And_Damaging
23.37899543,15,4,63.90154968,0.401580238,81.01,4,28465.35424,2,0.052308589,7892,Highly_Fatal_And_Damaging
40.63926941,13,8,75.47857794,0.392925352,77.11,7,35683.71709,2,0.003297076,12407,Significant_Damage_And_Serious_Injuries
46.16438356,15,17,83.81950775,0.289427335,87.79,2,44941.58098,3,0.606591695,10526,Minor_Damage_And_Injuries
52.37442922,6,2,50.68368277,0.596675802,78.76,4,29518.61292,3,0.053341108,9411,Significant_Damage_And_Fatalities
47.89954338,14,21,49.13400182,0.804753696,77.12,1,36597.97026,0,1.359743565,5650,Highly_Fatal_And_Damaging
44.84018265,8,6,88.24065634,0.185568698,79.76,1,48905.45794,4,1.787288872,997,Highly_Fatal_And_Damaging
59.26940639,14,5,57.52051048,0.351093401,85.61,7,32475.3942,1,0.00309592,5416,Significant_Damage_And_Fatalities
20.59360731,23,6,65.49680948,0.194944825,78.84,4,28976.83875,2,0.0536168,474,Minor_Damage_And_Injuries
63.65296804,10,13,49.27073838,0.687191489,77.44,2,42231.82324,0,0.569552534,3763,Highly_Fatal_And_Damaging
41.91780822,12,0,52.14220602,0.522748648,78.91,2,22671.81721,1,0.304127715,8502,Minor_Damage_And_Injuries
25.25114155,18,17,52.96262534,0.509045078,80.67,6,47124.24111,2,0.011494352,955,Minor_Damage_And_Injuries
24.61187215,14,16,68.41385597,0.417086909,77.83,4,36305.793,2,0.065909045,3090,Highly_Fatal_And_Damaging
37.07762557,14,14,84.86782133,0.312146412,81.48,1,20210.96474,2,0.742435605,3777,Significant_Damage_And_Serious_Injuries
43.78995434,8,1,60.61987238,0.48524414,78.32,4,35828.53682,1,0.064820393,7544,Highly_Fatal_And_Damaging
41.64383562,19,12,58.65998177,0.462164443,76.63,1,27179.87288,4,1.000881409,2291,Significant_Damage_And_Fatalities
60.1369863,7,20,61.03008204,0.353617743,84.03,1,34780.48185,2,1.280567924,10534,Significant_Damage_And_Serious_Injuries
32.14611872,12,6,88.46855059,0.245071042,79.31,3,33367.41207,3,0.164857539,541,Highly_Fatal_And_Damaging
30.91324201,16,0,84.86782133,0.333062387,83.5,3,47530.90621,4,0.237190415,10242,Significant_Damage_And_Serious_Injuries
63.33333333,6,7,45.48769371,0.520945546,76.37,3,29313.43283,3,0.144959688,5267,Minor_Damage_And_Injuries
42.96803653,9,6,86.64539654,0.231367472,79.36,1,34371.5426,3,1.26281554,9152,Highly_Fatal_And_Damaging
40.2283105,13,12,67.36554239,0.374894338,83.94,7,35683.71709,0,0.002949219,6481,Significant_Damage_And_Serious_Injuries
40.54794521,13,7,79.03372835,0.249759106,79.99,6,55177.52584,1,0.01504029,11246,Significant_Damage_And_Serious_Injuries
51.23287671,10,6,69.78122151,0.351093401,79.75,4,29545.42634,0,0.053398411,4346,Significant_Damage_And_Serious_Injuries
55.66210046,5,4,57.52051048,0.29627912,81.93,1,40114.36097,2,1.4843158,10805,Highly_Fatal_And_Damaging
34.06392694,15,3,72.5159526,0.319358817,78.82,6,44036.81466,2,0.010531104,11821,Significant_Damage_And_Serious_Injuries
14.24657534,17,0,80.44667274,0.249398485,76.61,4,27464.48878,1,0.049790808,10160,Highly_Fatal_And_Damaging
47.57990868,11,1,77.4840474,0.372730617,76.09,6,37915.6428,4,0.009523106,7532,Significant_Damage_And_Serious_Injuries
33.19634703,12,6,50.77484047,0.55340137,82.53,1,32227.71314,2,1.19173458,6403,Significant_Damage_And_Fatalities
46.43835616,15,7,69.91795807,0.438002885,77.89,2,18466.43025,1,0.251138573,4203,Minor_Damage_And_Injuries
52.19178082,13,7,69.4165907,0.32368626,80.03,4,42416.27043,3,0.07754197,4829,Minor_Damage_And_Injuries
24.70319635,18,4,61.03008204,0.407710783,80.46,3,36405.03304,3,0.182025378,4178,Significant_Damage_And_Serious_Injuries
59.543379,14,1,65.13217867,0.304573386,78.7,7,47024.42561,1,0.003750067,1580,Significant_Damage_And_Fatalities
41.78082192,12,9,65.72470374,0.419250631,80.83,3,28320.7286,0,0.140626767,10785,Significant_Damage_And_Serious_Injuries
67.67123288,12,1,78.62351869,0.326210602,79.68,7,28815.05953,1,0.002671148,11136,Significant_Damage_And_Fatalities
49.26940639,10,4,70.37374658,0.325849982,84.02,4,35862.16829,2,0.065012323,8199,Significant_Damage_And_Serious_Injuries
32.83105023,15,7,72.33363719,0.413480707,79.8,4,37664.92132,0,0.067964505,3737,Significant_Damage_And_Serious_Injuries
33.97260274,11,4,69.96353692,0.306376488,79.14,4,48242.60248,3,0.088535561,1485,Highly_Fatal_And_Damaging
43.01369863,12,4,67.04649043,0.414923188,81.46,3,32349.23736,1,0.160231708,7641,Significant_Damage_And_Serious_Injuries
55.02283105,9,1,68.14038286,0.253365308,80.34,6,26340.29948,2,0.006920266,6971,Significant_Damage_And_Serious_Injuries
26.02739726,14,0,83.54603464,0.28329679,79.71,4,38300.78253,1,0.070887327,3002,Highly_Fatal_And_Damaging
29.7716895,12,7,62.12397448,0.44449405,80.52,3,38081.23585,3,0.18906238,6067,Highly_Fatal_And_Damaging
64.29223744,9,0,60.66545123,0.387155427,83.84,2,33231.61691,2,0.452214632,7797,Minor_Damage_And_Injuries
52.96803653,9,6,61.48587056,0.448100252,81.23,6,28985.72087,1,0.00706945,5168,Significant_Damage_And_Serious_Injuries
31.64383562,12,1,73.33637192,0.433314821,82.21,1,28193.96225,2,1.045190491,8304,Highly_Fatal_And_Damaging
72.14611872,11,9,67.45670009,0.306376488,77.51,5,23467.08178,2,0.01512687,8967,Significant_Damage_And_Fatalities
22.92237443,14,7,53.50957156,0.47226181,84.45,4,22442.65908,2,0.040551605,6598,Significant_Damage_And_Fatalities
61.41552511,10,2,83.54603464,0.359748287,77.26,2,30684.67256,4,0.41673381,8734,Minor_Damage_And_Injuries
52.10045662,6,7,76.20783956,0.276805626,80.83,4,9125.609626,3,0.020264181,8890,Highly_Fatal_And_Damaging
39.9086758,13,2,64.58523245,0.260938334,78.76,4,36375.38646,2,0.066451261,3487,Significant_Damage_And_Serious_Injuries
26.30136986,13,13,62.89881495,0.406628922,80.39,3,32472.07366,0,0.162085007,11327,Highly_Fatal_And_Damaging
34.15525114,15,3,55.28714676,0.64752326,83.76,1,39289.21952,4,1.449302137,4127,Minor_Damage_And_Injuries
72.55707763,3,44,55.60619872,0.5396978,83.28,3,38538.5523,3,0.192469683,7649,Minor_Damage_And_Injuries
10.50228311,18,31,56.60893345,0.279690588,79.85,1,26302.93235,2,0.978578768,12104,Highly_Fatal_And_Damaging
65.75342466,12,7,62.7620784,0.47190119,78.67,5,35985.11936,4,0.024057487,10488,Significant_Damage_And_Fatalities
40.63926941,13,11,63.35460346,0.421053732,76.4,3,32310.92424,0,0.15976162,11637,Significant_Damage_And_Serious_Injuries
46.43835616,11,0,55.65177758,0.44485467,77.93,1,40389.79847,3,1.493366451,5887,Minor_Damage_And_Injuries
54.52054795,9,0,66.36280766,0.419611251,76.13,3,42123.01035,2,0.209340193,11934,Significant_Damage_And_Serious_Injuries
45.43378995,15,14,68.59617138,0.340274793,80.7,5,52015.79442,2,0.035319452,5383,Minor_Damage_And_Injuries
31.64383562,12,2,74.74931632,0.20179661,76.02,2,37164.64198,2,0.501428821,10898,Highly_Fatal_And_Damaging
45.29680365,11,4,62.71649954,0.425020555,83.45,3,27486.69474,3,0.136461854,7012,Significant_Damage_And_Serious_Injuries
79.17808219,8,0,51.45852325,0.60641255,81.81,7,40528.32977,3,0.003403008,5372,Significant_Damage_And_Serious_Injuries
33.24200913,15,0,78.48678213,0.376336819,81.63,3,43072.48174,2,0.215610803,11965,Significant_Damage_And_Serious_Injuries
37.53424658,14,6,62.12397448,0.44449405,77.38,6,40226.17826,3,0.009890619,6180,Significant_Damage_And_Serious_Injuries
35.43378995,11,14,73.42752963,0.395810314,79.28,6,33944.64314,3,0.008427571,7971,Highly_Fatal_And_Damaging
33.92694064,11,2,70.19143118,0.331619906,78.9,2,30842.46665,3,0.42055479,8785,Highly_Fatal_And_Damaging
44.42922374,15,2,79.21604376,0.31034331,78.91,2,35815.52754,2,0.485968994,453,Minor_Damage_And_Injuries
66.25570776,12,14,70.8295351,0.382467364,77.46,7,24423.57528,4,0.002172658,8716,Significant_Damage_And_Fatalities
50.0456621,17,0,69.73564266,0.33702921,78.34,2,51069.62087,1,0.691152161,10083,Significant_Damage_And_Fatalities
54.01826484,12,1,56.79124886,0.572514245,77.19,7,33372.81979,4,0.003201106,3358,Highly_Fatal_And_Damaging
31.32420091,15,2,45.89790337,0.560253155,80.12,1,32718.36774,2,1.211954306,3815,Minor_Damage_And_Injuries
59.543379,7,28,56.33546035,0.560974396,80.98,6,29365.0115,1,0.007291694,2570,Minor_Damage_And_Injuries
40.59360731,13,1,76.75478578,0.242907321,81.52,3,26632.01297,4,0.132638956,3323,Significant_Damage_And_Serious_Injuries
50.50228311,10,2,73.06289881,0.254807789,83.37,3,31603.88168,3,0.155972033,4167,Significant_Damage_And_Serious_Injuries
60.456621,7,33,51.00273473,0.76869167,77.44,5,40193.96412,3,0.026480979,10245,Significant_Damage_And_Serious_Injuries
46.16438356,15,17,66.86417502,0.351093401,82.34,2,45992.77078,1,0.627669709,1497,Minor_Damage_And_Injuries
42.19178082,12,4,74.52142206,0.587299675,78.71,3,42777.42594,1,0.211178176,1043,Significant_Damage_And_Serious_Injuries
42.28310502,12,4,57.47493163,0.430069239,82.03,3,32656.99709,1,0.161857417,6304,Significant_Damage_And_Serious_Injuries