Safety_Score,Days_Since_Inspection,Total_Safety_Complaints,Control_Metric,Turbulence_In_gforces,Cabin_Temperature,Accident_Type_Code,Max_Elevation,Violations,Adverse_Weather_Metric,Accident_ID,Severity
14.47488584,17,3,43.07201459,0.456033898,77.67,2,24602.81872,3,0.330528597,3187,Significant_Damage_And_Fatalities
27.85388128,13,2,79.94530538,0.403022719,77.86,1,33951.85584,1,1.250078683,1414,Highly_Fatal_And_Damaging
47.89954338,14,19,75.61531449,0.392925352,78.89,2,41118.89527,1,0.553503806,328,Minor_Damage_And_Injuries
24.06392694,18,1,56.15314494,0.315752614,80.27,4,39723.33291,0,0.073235561,11324,Minor_Damage_And_Injuries
56.62100457,8,9,80.4922516,0.305294627,81.73,3,35986.69183,2,0.179039159,11044,Significant_Damage_And_Serious_Injuries
38.81278539,13,8,66.36280766,0.43079048,77.28,6,26972.50397,1,0.006768414,1767,Significant_Damage_And_Serious_Injuries
60.456621,7,20,66.45396536,0.346765957,80.03,5,35167.71937,2,0.023706508,8309,Significant_Damage_And_Serious_Injuries
53.56164384,9,0,74.2935278,0.264905157,81.62,6,21852.7136,5,0.00566656,12232,Significant_Damage_And_Serious_Injuries
33.10502283,15,23,52.68915223,0.467573747,81.89,3,36172.41342,1,0.180345251,8820,Minor_Damage_And_Injuries
60.1826484,14,13,64.4484959,0.341356653,76.52,7,31355.0756,2,0.002822779,11441,Significant_Damage_And_Fatalities
24.61187215,14,11,68.41385597,0.388237288,80.25,4,35460.26528,2,0.065163674,3370,Highly_Fatal_And_Damaging
65.43378995,12,2,49.04284412,0.543664623,78.46,7,24997.87526,3,0.002371588,9480,Significant_Damage_And_Serious_Injuries
48.94977169,14,2,72.01458523,0.315752614,76.87,5,29454.47156,2,0.019927715,11202,Minor_Damage_And_Injuries
80.456621,8,19,80.99361896,0.231006852,78.2,7,30806.38863,3,0.00270473,10188,Significant_Damage_And_Fatalities
17.30593607,16,1,37.51139471,0.680339704,79.6,1,34595.36334,1,1.274150561,11236,Significant_Damage_And_Fatalities
16.48401826,16,0,65.17775752,0.312507032,85.04,2,23279.07835,3,0.311631545,10637,Highly_Fatal_And_Damaging
26.57534247,17,14,70.69279854,0.330177425,77.62,6,29579.78794,1,0.007366924,4442,Significant_Damage_And_Serious_Injuries
36.43835616,14,10,71.42206016,0.35001154,80.75,3,47147.82972,2,0.23368441,8386,Significant_Damage_And_Serious_Injuries
19.6803653,15,44,54.7857794,0.5130119,81.89,4,47102.06174,0,0.086740473,1921,Significant_Damage_And_Fatalities
51.05022831,13,3,43.07201459,0.72902344,84.96,6,38055.69038,1,0.009398348,7116,Highly_Fatal_And_Damaging
22.64840183,15,5,37.73928897,0.542582762,80.78,1,37034.40564,2,1.350050265,4450,Significant_Damage_And_Fatalities
30.59360731,12,4,86.50865998,0.262380815,79.83,3,42885.39068,0,0.217596029,12387,Highly_Fatal_And_Damaging
60.1369863,10,0,63.67365542,0.494620267,79.6,2,11806.55067,2,0.146846222,5716,Minor_Damage_And_Injuries
54.10958904,12,0,68.96080219,0.198911648,83.07,2,26062.36733,3,0.352325724,3460,Minor_Damage_And_Injuries
27.12328767,13,2,79.94530538,0.268150739,75.68,7,35245.20339,1,0.003101218,6323,Highly_Fatal_And_Damaging
65.29680365,13,1,63.26344576,0.321161918,78.5,7,33393.25319,1,0.003118626,5023,Significant_Damage_And_Fatalities
33.83561644,15,2,67.68459435,0.294115398,81.87,3,43568.48792,3,0.21476276,5803,Significant_Damage_And_Serious_Injuries
56.21004566,15,0,74.56700091,0.344241616,81.14,7,55638.9033,2,0.004949685,913,Significant_Damage_And_Fatalities
65.43378995,12,1,72.5159526,0.334865489,83.21,6,32779.54277,3,0.007739787,4067,Minor_Damage_And_Injuries
58.49315068,4,4,71.19416591,0.403022719,82.07,3,35044.20884,3,0.175089765,7424,Significant_Damage_And_Serious_Injuries
18.94977169,16,2,89.51686418,0.259856473,78.23,2,16355.89056,1,0.209716721,8552,Highly_Fatal_And_Damaging
18.31050228,16,9,62.53418414,0.392925352,78,6,40951.91633,3,0.010052366,4030,Highly_Fatal_And_Damaging
63.83561644,13,0,45.62443026,0.508684457,86.3,7,37386.79127,2,0.003453591,7651,Significant_Damage_And_Serious_Injuries
70.54794521,7,1,64.4484959,0.252644068,78.17,5,33111.57337,2,0.021794667,12149,Minor_Damage_And_Injuries
43.37899543,15,6,60.52871468,0.361190768,77,2,38079.84275,1,0.51535463,8271,Minor_Damage_And_Injuries
43.10502283,15,2,62.7620784,0.468294987,77.78,2,48111.33803,1,0.651116156,6826,Minor_Damage_And_Injuries
40.63926941,9,5,75.7064722,0.397613415,79.51,6,27093.09727,1,0.006512845,3291,Highly_Fatal_And_Damaging
22.83105023,15,7,68.77848678,0.411677605,77.19,4,29722.83991,3,0.054445065,2869,Highly_Fatal_And_Damaging
18.94977169,16,7,70.51048314,0.253725929,79.49,1,39850.21403,2,1.462002426,7162,Highly_Fatal_And_Damaging
50.73059361,13,0,74.52142206,0.339192932,83.6,5,47530.90621,3,0.031980135,3512,Minor_Damage_And_Injuries
27.16894977,13,0,65.58796718,0.587299675,79.08,4,24600.5651,3,0.045305004,3376,Highly_Fatal_And_Damaging
33.28767123,15,0,68.00364631,0.240022358,78.8,3,33405.15256,2,0.165002364,9517,Significant_Damage_And_Serious_Injuries
98.40182648,6,11,47.17411121,0.5396978,86.47,7,47232.02109,2,0.004135454,8441,Significant_Damage_And_Serious_Injuries
4.657534247,20,1,57.52051048,0.345684097,78.92,1,13761.72025,2,0.513028955,8093,Highly_Fatal_And_Damaging
61.05022831,10,15,73.47310848,0.473704291,79.53,2,41708.64183,1,0.567201133,9709,Minor_Damage_And_Injuries
40.3652968,20,8,45.89790337,0.411316985,76.52,6,50314.72046,3,0.01298163,2922,Significant_Damage_And_Serious_Injuries
96.57534247,2,3,78.07657247,0.414201947,79.83,6,16209.2903,3,0.003418416,427,Significant_Damage_And_Fatalities
57.53424658,11,3,41.56791249,0.516978723,82.85,2,22443.89357,4,0.303007317,906,Highly_Fatal_And_Damaging
41.73515982,16,6,76.48131267,0.253725929,83.41,2,42329.01793,2,0.569213826,1995,Minor_Damage_And_Injuries
4.931506849,20,4,74.15679125,0.270314461,82.02,6,23270.13309,1,0.005342839,10265,Highly_Fatal_And_Damaging
34.84018265,11,0,81.72288058,0.325849982,78.52,4,44040.99295,2,0.080470584,11451,Highly_Fatal_And_Damaging
49.5890411,14,2,92.88969918,0.134,79.98,2,22558.35973,1,0.304127715,10215,Minor_Damage_And_Injuries
37.26027397,14,8,61.39471285,0.298803462,78.7,5,41712.90892,4,0.028105937,7322,Significant_Damage_And_Serious_Injuries
46.66666667,15,9,60.98450319,0.503996394,81.86,2,45992.77078,2,0.623420577,11825,Minor_Damage_And_Injuries
32.92237443,15,2,60.16408387,0.318276956,80.55,6,40233.90928,2,0.009523106,2991,Significant_Damage_And_Serious_Injuries
37.07762557,11,4,53.73746582,0.345684097,78.7,3,25279.72404,1,0.125860335,5557,Significant_Damage_And_Fatalities
49.5890411,10,12,62.9443938,0.295197259,78.54,3,20692.524,1,0.103524312,1779,Significant_Damage_And_Serious_Injuries
83.65296804,7,21,73.38195077,0.436199784,80.03,7,43564.09444,1,0.004244527,11938,Significant_Damage_And_Fatalities
20.2283105,15,3,29.44393801,0.771576632,79.46,4,32429.45872,3,0.058953543,2477,Significant_Damage_And_Fatalities
35.75342466,18,14,60.02734731,0.308540209,78.67,5,37917.17971,1,0.026849836,6688,Minor_Damage_And_Injuries
50.0913242,13,3,73.47310848,0.288706094,84.4,7,14087.13134,1,0.000367501,1230,Minor_Damage_And_Injuries
55.34246575,8,21,73.60984503,0.34965092,77.85,3,34199.89157,3,0.171753656,9296,Significant_Damage_And_Serious_Injuries
59.45205479,14,8,52.41567912,0.405186441,79.39,7,40757.09378,3,0.00354473,12197,Significant_Damage_And_Serious_Injuries
28.21917808,20,11,71.0118505,0.293394158,77.33,3,32269.06835,1,0.160110192,9952,Minor_Damage_And_Injuries
45.20547945,15,0,81.81403829,0.317916336,83.34,7,20238.63788,1,0.001829376,11565,Minor_Damage_And_Injuries
68.67579909,11,15,69.00638104,0.331980527,79.97,7,29171.21137,4,0.002901544,1139,Significant_Damage_And_Fatalities
29.45205479,13,10,53.78304467,0.416365669,82.92,1,29989.02658,2,1.103234634,12382,Significant_Damage_And_Fatalities
61.46118721,13,11,79.30720146,0.254086549,81.27,7,25486.82546,3,0.002281694,5703,Significant_Damage_And_Fatalities
27.57990868,13,30,75.25068368,0.300606563,85.3,4,29518.33153,2,0.054106566,3021,Highly_Fatal_And_Damaging
26.57534247,17,14,64.31175934,0.44521529,79.59,6,29952.07602,2,0.007139188,2944,Significant_Damage_And_Serious_Injuries
45.47945205,15,3,44.16590702,0.571071763,79.14,3,18915.50902,2,0.097059186,547,Highly_Fatal_And_Damaging
50.50228311,10,4,67.68459435,0.507602596,89.29,6,26335.2238,2,0.006995705,288,Significant_Damage_And_Serious_Injuries
58.21917808,8,7,80.7657247,0.413120087,81.73,3,30641.64772,3,0.152703287,1924,Significant_Damage_And_Serious_Injuries
13.78995434,17,1,57.88514129,0.345684097,77.18,4,34108.49509,3,0.062398476,436,Highly_Fatal_And_Damaging
26.48401826,13,5,78.76025524,0.397613415,76.35,1,33393.59309,2,1.229645331,1773,Highly_Fatal_And_Damaging
49.5890411,7,8,70.00911577,0.251562207,83.19,4,26338.72732,4,0.048409151,8811,Highly_Fatal_And_Damaging
41.91780822,12,0,59.70829535,0.524191129,83.03,6,36837.966,3,0.009163566,9228,Significant_Damage_And_Serious_Injuries
46.34703196,7,1,75.7064722,0.368763794,77.33,4,43619.81531,3,0.080663892,6220,Highly_Fatal_And_Damaging
63.19634703,13,19,71.83226983,0.179438154,79.38,2,26471.40049,2,0.357126172,5102,Significant_Damage_And_Fatalities
15.75342466,20,4,82.13309025,0.436199784,79.74,3,40230.35284,3,0.201830705,2863,Significant_Damage_And_Serious_Injuries
55.02283105,15,3,66.72743847,0.340274793,79.89,7,26687.72132,3,0.002414052,11478,Significant_Damage_And_Fatalities
44.42922374,15,5,68.77848678,0.273199423,76.98,5,13938.95103,2,0.010692073,4066,Minor_Damage_And_Injuries
80.59360731,8,4,62.53418414,0.284739272,78.7,2,15928.15204,3,0.219247712,1577,Significant_Damage_And_Fatalities
51.05022831,10,4,40.10938924,0.584775334,77.9,6,32860.90576,2,0.00812808,8273,Minor_Damage_And_Injuries
89.08675799,3,2,81.35824977,0.303130905,75.96,6,19199.25023,3,0.004776066,7775,Significant_Damage_And_Fatalities
33.88127854,11,6,66.86417502,0.450263974,78.49,5,31236.0296,3,0.021002845,3684,Highly_Fatal_And_Damaging
46.57534247,11,1,53.60072926,0.476589254,79.53,3,23944.3761,2,0.11971137,2768,Significant_Damage_And_Serious_Injuries
17.35159817,16,2,68.86964448,0.25588965,85.77,3,31224.52824,1,0.155336912,12007,Highly_Fatal_And_Damaging
43.51598174,12,1,43.84685506,0.456033898,77.46,6,34711.47462,3,0.009103878,9125,Significant_Damage_And_Serious_Injuries
42.37442922,12,4,78.39562443,0.313228273,78.78,3,53176.45114,3,0.283294536,11784,Significant_Damage_And_Serious_Injuries
55.38812785,9,2,75.47857794,0.292312297,81.04,5,33067.62441,2,0.021344099,11808,Significant_Damage_And_Serious_Injuries
55.34246575,8,7,41.20328168,0.692240173,75.63,4,24520.05996,2,0.044566011,12211,Minor_Damage_And_Injuries
8.538812785,19,15,69.73564266,0.222712586,79.07,6,36566.39648,3,0.008633995,2897,Highly_Fatal_And_Damaging
70.3652968,11,3,40.15496809,0.529600433,79.58,7,29518.61292,2,0.002716604,9133,Significant_Damage_And_Fatalities
50.3196347,14,10,0,0.777707176,80.78,5,36354.48843,2,0.024540663,135,Highly_Fatal_And_Damaging
57.44292237,12,7,81.40382862,0.365157591,81.36,1,43754.17868,3,1.624445559,12317,Minor_Damage_And_Injuries
60.54794521,14,0,61.53144941,0.342799135,83.15,7,22475.12587,2,0.001654836,9368,Significant_Damage_And_Fatalities
59.6347032,14,7,38.96991796,0.635622791,75.71,7,25814.84687,0,0.002461424,2967,Significant_Damage_And_Serious_Injuries
35.47945205,11,6,67.54785779,0.251922827,82.66,5,44568.66176,3,0.029708181,6918,Highly_Fatal_And_Damaging
44.06392694,9,0,52.87146764,0.381385503,78.47,4,49219.06178,2,0.091507463,11964,Significant_Damage_And_Fatalities
41.91780822,13,2,56.4721969,0.466491886,78.49,7,33289.17764,2,0.003327749,9140,Minor_Damage_And_Injuries
38.26484018,10,4,69.00638104,0.245431662,81.53,1,21703.2159,2,0.790553606,12053,Highly_Fatal_And_Damaging
35.29680365,14,1,61.62260711,0.317195096,78.09,2,39744.98674,0,0.537374916,10065,Significant_Damage_And_Serious_Injuries
36.30136986,14,5,71.92342753,0.314310133,79.09,3,36866.60223,3,0.182899219,9822,Significant_Damage_And_Serious_Injuries
60.59360731,14,3,39.88149499,0.406628922,74.82,7,52783.66999,4,0.004383559,10060,Significant_Damage_And_Serious_Injuries
32.46575342,15,2,54.8769371,0.442330328,75.04,7,24707.19699,3,0.002400873,3191,Minor_Damage_And_Injuries
46.84931507,18,0,57.74840474,0.428987378,81.06,7,28203.48913,2,0.002884408,8433,Significant_Damage_And_Fatalities
57.48858447,8,3,89.24339107,0.242907321,79.37,6,32254.07207,2,0.008024948,2792,Significant_Damage_And_Serious_Injuries
27.39726027,17,2,70.19143118,0.370927515,84.8,1,28434.21719,2,1.032429911,12059,Significant_Damage_And_Serious_Injuries
41.78082192,9,2,75.93436645,0.334504868,79.08,4,23744.06931,2,0.043584757,10388,Highly_Fatal_And_Damaging
41.68949772,13,2,69.5077484,0.317195096,81.46,5,34207.94438,3,0.023244491,5862,Significant_Damage_And_Serious_Injuries
55.15981735,12,4,40.29170465,0.571071763,78.7,5,27755.4735,1,0.018515923,9394,Highly_Fatal_And_Damaging
55.66210046,5,0,59.07019143,0.324768121,80.71,4,22475.12587,3,0.041271889,9719,Highly_Fatal_And_Damaging
44.52054795,8,0,66.86417502,0.272117562,79.36,7,42848.62495,2,0.004004563,5058,Highly_Fatal_And_Damaging
8.493150685,19,9,80.44667274,0.378500541,86.02,4,36011.63454,4,0.065956258,9620,Highly_Fatal_And_Damaging
38.58447489,13,6,70.87511395,0.281493689,81.11,6,36866.60223,3,0.008265888,4345,Significant_Damage_And_Serious_Injuries
73.51598174,10,1,65.90701914,0.338471691,75.27,7,18869.58762,1,0.002037902,10249,Significant_Damage_And_Fatalities
64.84018265,9,7,48.76937101,0.638147133,82.03,2,40580.55024,1,0.552348029,10962,Highly_Fatal_And_Damaging
24.84018265,18,5,56.74567001,0.555204472,77.93,1,35966.24702,2,1.325258967,5349,Minor_Damage_And_Injuries
62.19178082,6,1,63.12670921,0.551958889,81.79,3,44882.61511,3,0.224640366,10662,Significant_Damage_And_Serious_Injuries
48.49315068,14,8,59.29808569,0.375976199,80.74,5,32346.1543,1,0.022192923,4849,Minor_Damage_And_Injuries
42.96803653,9,24,99.95442115,0.370927515,79.22,4,36313.35054,1,0.065732886,335,Highly_Fatal_And_Damaging
57.67123288,11,11,77.07383774,0.189535521,77.91,7,33256.46682,0,0.003332008,8219,Minor_Damage_And_Injuries
65.43378995,9,20,54.83135825,0.427905517,78.93,4,29542.29355,1,0.053716373,11085,Significant_Damage_And_Serious_Injuries
47.76255708,14,1,70.14585232,0.501472052,81.82,7,41870.02622,3,0.003784553,8954,Minor_Damage_And_Injuries
68.49315068,11,1,64.26618049,0.320801298,85.71,6,48197.22075,3,0.011644007,10094,Significant_Damage_And_Fatalities
20.1826484,19,3,35.82497721,0.611100613,88.01,2,47505.46229,2,0.641130507,4168,Minor_Damage_And_Injuries
58.31050228,11,8,49.58979034,0.522748648,80.41,5,44516.62973,1,0.029960465,1900,Highly_Fatal_And_Damaging
30.3196347,16,14,68.82406563,0.273920664,79.21,5,51678.28465,2,0.03627154,7143,Significant_Damage_And_Serious_Injuries
38.44748858,17,22,52.41567912,0.247956004,79.39,3,15261.99326,1,0.075315564,12328,Highly_Fatal_And_Damaging
48.31050228,11,2,55.51504102,0.585496574,78.67,3,29541.18411,1,0.146630035,4858,Minor_Damage_And_Injuries
51.96347032,13,13,67.27438469,0.1606859,76.89,5,26069.49687,0,0.016908445,11914,Minor_Damage_And_Injuries
37.53424658,11,1,50.68368277,0.522388027,80.45,7,47541.00507,3,0.004347284,9610,Significant_Damage_And_Fatalities
27.39726027,20,2,73.65542388,0.40410458,81.15,2,25768.14521,2,0.348220671,3341,Minor_Damage_And_Injuries
28.76712329,13,12,63.76481313,0.383188604,78.7,4,37949.72439,3,0.069819399,8962,Highly_Fatal_And_Damaging
42.28310502,8,0,34.86782133,0.619394879,78.08,3,37308.58659,3,0.186318355,8379,Significant_Damage_And_Fatalities
38.85844749,13,22,67.77575205,0.344602236,87.51,1,18897.27746,2,0.690155081,9100,Significant_Damage_And_Serious_Injuries
82.23744292,7,10,50.31905196,0.354699603,87.08,7,36458.58021,3,0.003201106,5525,Significant_Damage_And_Fatalities
48.35616438,14,8,80.44667274,0.303130905,82.53,1,37038.54145,1,1.351274876,10255,Minor_Damage_And_Injuries
39.5890411,17,11,69.4165907,0.440887847,76.92,4,26972.50397,0,0.049194325,5118,Minor_Damage_And_Injuries
31.59817352,12,0,82.90793072,0.180520014,78.93,3,18807.98376,1,0.097059186,8085,Highly_Fatal_And_Damaging
49.9086758,13,5,55.97082954,0.36335449,79.94,2,45878.87959,2,0.622444466,1923,Highly_Fatal_And_Damaging
49.49771689,10,5,68.77848678,0.343159755,82.37,6,34501.86148,1,0.008406733,326,Significant_Damage_And_Serious_Injuries
15.75342466,20,28,68.86964448,0.267429499,76.75,3,20059.38471,3,0.09765878,8949,Significant_Damage_And_Serious_Injuries
29.36073059,13,5,75.34184139,0.271035701,85.13,4,27603.78468,2,0.050710543,4212,Highly_Fatal_And_Damaging
25.89041096,14,2,62.26071103,0.314670754,78.09,4,31541.91533,3,0.05719701,11206,Highly_Fatal_And_Damaging
32.55707763,12,0,41.43117593,0.63345907,80.82,4,32448.26264,1,0.058588425,4554,Significant_Damage_And_Fatalities
58.03652968,11,6,82.1786691,0.351093401,79.12,5,20761.98442,3,0.014719042,5460,Minor_Damage_And_Injuries
31.32420091,16,4,61.75934366,0.548352687,83.52,1,39289.21952,1,1.432605349,10197,Significant_Damage_And_Serious_Injuries
63.78995434,13,0,72.97174111,0.365157591,81.12,2,35354.64915,0,0.478306032,1363,Significant_Damage_And_Fatalities
47.89954338,14,8,64.12944394,0.453870177,81.75,2,32713.7867,1,0.442732959,6886,Minor_Damage_And_Injuries
45.57077626,18,7,64.22060164,0.40374396,78.89,7,33520.75002,3,0.003264625,4934,Significant_Damage_And_Fatalities
31.14155251,12,3,56.4721969,0.463606924,84.27,1,29536.64283,1,1.086592366,6634,Significant_Damage_And_Fatalities
44.33789954,8,2,57.61166819,0.619394879,87.34,4,36297.4081,2,0.066752274,12399,Highly_Fatal_And_Damaging
36.62100457,11,11,65.40565178,0.329456185,82.41,2,15542.64367,4,0.210056404,785,Highly_Fatal_And_Damaging
40.3196347,13,13,61.66818596,0.490292824,78.22,3,50314.72046,2,0.25150993,2524,Significant_Damage_And_Serious_Injuries
60.1826484,14,8,54.83135825,0.409153264,75.71,7,28559.65914,3,0.002668264,6792,Significant_Damage_And_Serious_Injuries
34.61187215,14,6,65.86144029,0.362272629,77.04,7,32624.82262,2,0.003332008,7119,Significant_Damage_And_Serious_Injuries
44.20091324,19,4,66.68185962,0.340274793,77.27,2,52865.2951,2,0.703340359,11217,Significant_Damage_And_Fatalities
62.55707763,10,7,40.51959891,0.745972593,77.93,1,37945.78025,2,1.389295497,929,Highly_Fatal_And_Damaging
82.78538813,7,6,79.94530538,0.308900829,78.44,5,29881.47307,2,0.020353891,2859,Significant_Damage_And_Fatalities
50.2283105,13,5,73.47310848,0.288706094,81.58,3,43655.12526,1,0.21476276,3104,Minor_Damage_And_Injuries
24.24657534,18,3,80.99361896,0.306015867,81.7,6,29272.47245,2,0.007594776,4105,Significant_Damage_And_Serious_Injuries
47.76255708,14,14,64.99544211,0.347487198,77.76,2,40055.66195,3,0.542924326,8565,Minor_Damage_And_Injuries
27.89954338,17,5,76.57247037,0.281493689,75.05,3,16837.05984,0,0.081545026,10910,Significant_Damage_And_Serious_Injuries
28.94977169,20,3,63.08113036,0.461082582,78.09,6,24370.22654,2,0.006066867,11383,Significant_Damage_And_Fatalities
63.97260274,6,6,58.11303555,0.432954201,75.12,3,34738.05825,3,0.172361875,10146,Significant_Damage_And_Serious_Injuries
53.10502283,12,0,43.66453965,0.598118283,79.6,6,49015.88883,2,0.013187176,2982,Significant_Damage_And_Serious_Injuries
64.24657534,13,9,57.01914312,0.660144969,76.63,4,31988.19599,2,0.058720554,1076,Significant_Damage_And_Serious_Injuries
29.9543379,16,5,85.27803099,0.199632889,79.79,4,46306.19207,2,0.084795432,7324,Significant_Damage_And_Serious_Injuries
12.42009132,18,1,52.82588879,0.361551388,77.56,1,34469.92498,1,1.269377387,871,Significant_Damage_And_Fatalities
41.68949772,16,6,73.92889699,0.334865489,81.03,1,37384.68157,3,1.377590414,9198,Minor_Damage_And_Injuries
32.42009132,12,2,48.90610757,0.543664623,77.68,1,25739.38468,2,0.94229742,558,Highly_Fatal_And_Damaging
62.00913242,10,1,63.90154968,0.205042193,84.02,5,28901.60795,0,0.019995937,10901,Minor_Damage_And_Injuries
57.35159817,8,3,72.06016408,0.206124053,79.36,6,39012.9367,2,0.010247916,27,Significant_Damage_And_Serious_Injuries
62.14611872,6,1,63.12670921,0.489932203,80.79,2,37581.57149,2,0.50694664,1929,Highly_Fatal_And_Damaging
29.49771689,20,1,73.65542388,0.412398846,85.07,6,28603.75484,0,0.007265459,9884,Minor_Damage_And_Injuries
37.57990868,10,2,56.24430264,0.463606924,76.18,4,30049.56963,2,0.05443928,2184,Significant_Damage_And_Fatalities
36.43835616,14,11,60.98450319,0.407710783,77.16,3,27240.68619,3,0.134484837,2826,Significant_Damage_And_Serious_Injuries
38.58447489,13,11,66.49954421,0.413841327,79.39,2,32739.24598,2,0.442732959,1097,Significant_Damage_And_Serious_Injuries
49.22374429,14,6,57.11030082,0.426102416,83.46,4,27686.24136,2,0.050903542,9637,Minor_Damage_And_Injuries
42.42009132,19,0,45.89790337,0.630213487,84.74,4,34210.20436,2,0.061947518,11996,Significant_Damage_And_Serious_Injuries
37.99086758,13,8,69.14311759,0.320080058,84.3,3,26062.36733,5,0.12803262,9950,Significant_Damage_And_Serious_Injuries
26.43835616,17,14,70.69279854,0.330177425,79.24,6,29579.78794,2,0.007513743,5429,Significant_Damage_And_Serious_Injuries
17.57990868,16,2,59.29808569,0.338111071,85.26,4,35728.30057,3,0.064797311,4896,Highly_Fatal_And_Damaging
54.84018265,9,34,72.01458523,0.303130905,82.3,3,40726.44969,1,0.200404041,8442,Significant_Damage_And_Serious_Injuries
42.78538813,8,5,63.44576117,0.225958168,77.89,1,29893.73351,1,1.103234634,3756,Highly_Fatal_And_Damaging
29.31506849,16,3,85.27803099,0.240382979,76.8,6,34929.74042,1,0.009187615,9803,Significant_Damage_And_Serious_Injuries
18.76712329,16,1,73.01731996,0.222351965,78.7,1,45351.56632,2,1.645890542,11725,Highly_Fatal_And_Damaging
30.86757991,16,3,83.36371923,0.315752614,86.94,1,36644.95616,3,1.356484467,12214,Significant_Damage_And_Serious_Injuries
56.66666667,15,0,73.19963537,0.341717274,80.59,7,42273.64573,1,0.003913116,11564,Significant_Damage_And_Fatalities
30,13,2,65.13217867,0.360469528,82.02,4,36292.19498,3,0.066777347,10694,Highly_Fatal_And_Damaging
56.84931507,5,20,69.2342753,0.440887847,81.57,4,11265.91779,2,0.001523304,11177,Highly_Fatal_And_Damaging
79.543379,8,0,70.00911577,0.353257122,79.85,4,25251.11556,1,0.045601254,3593,Significant_Damage_And_Fatalities
73.37899543,7,2,70.23701003,0.416726289,81.55,6,40485.8932,3,0.009870495,8371,Minor_Damage_And_Injuries
46.71232877,18,4,66.18049225,0.456394519,83.01,7,15301.25196,3,0.001299831,6128,Significant_Damage_And_Fatalities
30.0913242,19,0,50.95715588,0.439445366,77.98,4,38506.49335,2,0.070106808,5344,Highly_Fatal_And_Damaging
33.24200913,12,1,65.67912489,0.462885683,78.63,4,28029.83029,1,0.051494904,5717,Highly_Fatal_And_Damaging
54.74885845,16,1,76.07110301,0.378139921,81.26,7,27520.75176,3,0.002286384,10747,Significant_Damage_And_Fatalities
30.91324201,16,7,65.13217867,0.395810314,75.94,4,27897.8067,2,0.051177443,7937,Significant_Damage_And_Serious_Injuries
56.94063927,12,10,72.01458523,0.36335449,79.26,2,28780.42355,2,0.387182417,6639,Minor_Damage_And_Injuries
49.49771689,7,2,64.31175934,0.345323476,81.26,4,36408.26857,3,0.065956258,6631,Highly_Fatal_And_Damaging
11.82648402,18,0,77.4840474,0.342438514,76,4,29428.5998,4,0.053716373,11709,Highly_Fatal_And_Damaging
54.38356164,12,4,51.09389243,0.394728453,82.01,4,20934.37275,3,0.038451783,3875,Minor_Damage_And_Injuries
4.520547945,20,0,54.46672744,0.357584565,83.36,4,41920.24716,1,0.075886726,3904,Significant_Damage_And_Fatalities
29.40639269,13,13,67.7301732,0.375615579,87.51,4,34859.8064,0,0.063723766,267,Highly_Fatal_And_Damaging
33.19634703,12,5,75.43299909,0.383188604,76.35,1,40226.47701,2,1.494719746,10258,Highly_Fatal_And_Damaging
58.85844749,14,7,81.26709207,0.237137396,81.58,7,29255.42665,2,0.002667026,5077,Significant_Damage_And_Fatalities
12.42009132,18,3,73.33637192,0.32332564,82.08,4,20146.91725,2,0.037390916,4499,Highly_Fatal_And_Damaging
42.96803653,8,4,47.17411121,0.410595745,84.52,4,19762.26081,3,0.036195843,430,Significant_Damage_And_Fatalities
59.13242009,11,3,65.63354603,0.305294627,81.37,2,16545.07182,2,0.225648057,8668,Minor_Damage_And_Injuries
52.37442922,16,6,53.69188696,0.476589254,83.26,5,20739.63188,2,0.013906206,5580,Significant_Damage_And_Fatalities
40.86757991,9,3,88.24065634,0.250840966,78.31,1,35147.78537,1,1.285879116,822,Highly_Fatal_And_Damaging
25.15981735,14,11,66.86417502,0.217303282,81.99,4,23467.08178,0,0.043445023,5079,Highly_Fatal_And_Damaging
48.44748858,11,19,62.16955333,0.52527299,77.98,3,50882.16877,2,0.253669022,647,Significant_Damage_And_Serious_Injuries
70.50228311,7,44,62.53418414,0.352535882,83.73,3,38971.58497,1,0.195566783,11801,Minor_Damage_And_Injuries
29.7260274,13,8,64.6308113,0.417086909,80.13,4,38281.71425,0,0.071028764,8981,Highly_Fatal_And_Damaging
56.25570776,11,40,58.47766636,0.459640101,84.52,2,42049.77575,4,0.570472082,10267,Highly_Fatal_And_Damaging
38.08219178,17,3,73.19963537,0.318276956,78.59,2,30784.9895,2,0.41673381,4467,Minor_Damage_And_Injuries
39.8173516,9,4,76.84594348,0.370566895,78.4,4,41917.32217,0,0.075850778,343,Highly_Fatal_And_Damaging
13.78995434,17,1,63.40018232,0.585496574,80.07,4,40073.72017,1,0.074291332,7808,Highly_Fatal_And_Damaging
60.1369863,7,7,79.1704649,0.224876307,81.53,6,43306.58745,2,0.010697032,8888,Significant_Damage_And_Serious_Injuries