Safety_Score,Days_Since_Inspection,Total_Safety_Complaints,Control_Metric,Turbulence_In_gforces,Cabin_Temperature,Accident_Type_Code,Max_Elevation,Violations,Adverse_Weather_Metric,Accident_ID,Severity
54.42922374,9,2,75.47857794,0.28293617,81.53,6,27827.85143,2,0.006857542,11144,Significant_Damage_And_Serious_Injuries
40.0913242,10,7,66.59070191,0.334144248,81.4,7,49461.7986,2,0.004492904,10126,Highly_Fatal_And_Damaging
32.83105023,19,4,48.04010939,0.660144969,76.64,6,18640.07253,2,0.004920492,4088,Highly_Fatal_And_Damaging
53.74429224,12,15,84.22971741,0.287263613,78.4,7,28885.57324,1,0.002596598,1833,Minor_Damage_And_Injuries
48.49315068,14,14,63.94712853,0.387516048,77.78,4,24023.58775,2,0.043576767,5220,Minor_Damage_And_Injuries
32.14611872,12,8,59.98176846,0.281493689,79.28,4,36657.84557,2,0.067196148,6345,Highly_Fatal_And_Damaging
35.75342466,11,2,74.2935278,0.218024522,78.91,4,21036.14873,2,0.038347765,8343,Highly_Fatal_And_Damaging
29.13242009,13,8,82.86235187,0.173307609,80.09,4,21267.70437,2,0.038989965,821,Highly_Fatal_And_Damaging
50.50228311,13,5,69.14311759,0.254086549,76.58,5,45972.13598,2,0.031615331,5088,Minor_Damage_And_Injuries
17.16894977,16,14,75.25068368,0.291230436,76.6,3,32625.71793,1,0.162427777,6386,Highly_Fatal_And_Damaging
41.91780822,16,3,64.49407475,0.246513523,78.43,2,35342.30106,1,0.477812896,924,Minor_Damage_And_Injuries
40.63926941,13,1,75.47857794,0.388597908,78.55,3,49758.64154,2,0.24511841,1104,Significant_Damage_And_Serious_Injuries
46.11872146,15,3,70.64721969,0.205402813,77.56,2,38369.54216,2,0.517879251,3520,Minor_Damage_And_Injuries
62.00913242,10,1,71.1030082,0.375254959,76.73,2,14865.90565,1,0.194180113,8814,Minor_Damage_And_Injuries
37.39726027,11,2,62.53418414,0.315752614,80.53,2,19518.56216,2,0.264253744,3853,Highly_Fatal_And_Damaging
54.10958904,12,1,73.01731996,0.246874144,81.61,2,42287.05534,1,0.571030414,8113,Minor_Damage_And_Injuries
30.73059361,19,4,54.32999088,0.527797331,81.82,3,26015.96294,2,0.128573249,2508,Minor_Damage_And_Injuries
19.6803653,16,11,61.98723792,0.500029571,78.16,1,13860.57832,2,0.518572471,10883,Highly_Fatal_And_Damaging
53.19634703,16,7,36.73655424,0.662308691,84.51,4,44475.68701,1,0.08203656,2946,Significant_Damage_And_Serious_Injuries
40.2283105,13,2,64.12944394,0.490292824,79.17,7,33289.17764,2,0.003327376,4287,Significant_Damage_And_Serious_Injuries
49.9086758,6,3,73.74658159,0.21441832,79.31,4,28684.06764,0,0.05310589,6647,Highly_Fatal_And_Damaging
22.32876712,15,27,61.4402917,0.405186441,84.03,7,46047.50763,2,0.003874501,4810,Highly_Fatal_And_Damaging
30.73059361,19,1,74.93163172,0.337750451,79.89,6,38525.41418,2,0.009870495,6263,Minor_Damage_And_Injuries
22.69406393,18,0,66.54512306,0.36335449,83.58,1,30810.61571,2,1.12126285,8698,Significant_Damage_And_Serious_Injuries
42.51141553,16,4,74.52142206,0.587299675,85.22,2,53908.79751,2,0.704789637,578,Minor_Damage_And_Injuries
31.91780822,15,3,59.29808569,0.502914533,79.09,6,32127.88846,1,0.007642091,11779,Significant_Damage_And_Serious_Injuries
22.32876712,15,1,54.92251595,0.481277317,81.93,1,28921.5487,2,1.068075206,9020,Significant_Damage_And_Fatalities
49.5890411,13,3,31.08477666,0.60713379,79.25,1,31864.08819,0,1.166752277,3244,Minor_Damage_And_Injuries
19.6803653,15,44,45.53327256,0.721450415,78.59,1,34608.2944,1,1.279502423,1514,Significant_Damage_And_Fatalities
41.87214612,12,8,80.26435734,0.340996033,79.09,5,28225.48783,0,0.019310035,6564,Significant_Damage_And_Serious_Injuries
22.00913242,15,10,68.77848678,0.411677605,78.83,4,25321.37303,3,0.045389662,1401,Highly_Fatal_And_Damaging
28.90410959,13,0,39.74475843,0.55340137,86.03,2,44821.40067,2,0.606591695,12300,Highly_Fatal_And_Damaging
50.1369863,13,0,67.18322698,0.417086909,77.7,4,31695.64223,2,0.058028836,10783,Minor_Damage_And_Injuries
28.31050228,13,6,64.40291705,0.444133429,80.37,4,17869.27129,2,0.032080508,3500,Highly_Fatal_And_Damaging
29.8173516,12,0,59.25250684,0.509766318,78.22,2,40813.30576,3,0.549198026,3786,Highly_Fatal_And_Damaging
17.71689498,16,16,44.71285324,0.694764515,77.48,1,46768.82219,1,1.73952818,1064,Significant_Damage_And_Fatalities
62.78538813,6,0,58.84229717,0.425381176,77.65,2,47324.95278,2,0.648170989,1830,Significant_Damage_And_Serious_Injuries
37.39726027,10,21,87.46581586,0.245431662,78.33,6,30445.29914,3,0.007430734,1000,Highly_Fatal_And_Damaging
40.54794521,20,2,74.06563355,0.306737108,79.27,7,14087.13134,4,0.000750738,7552,Significant_Damage_And_Fatalities
33.92694064,11,4,86.50865998,0.362993869,80.66,4,20937.17051,1,0.038408982,1203,Highly_Fatal_And_Damaging
51.55251142,6,4,40.47402005,0.645359538,82.96,4,36297.4081,2,0.066531454,392,Significant_Damage_And_Fatalities
28.67579909,13,6,62.7620784,0.329456185,82.12,4,31967.45495,3,0.05929216,8283,Highly_Fatal_And_Damaging
44.01826484,9,1,74.74931632,0.344962856,79.08,1,29221.50957,4,1.096336157,6445,Highly_Fatal_And_Damaging
23.10502283,14,15,56.19872379,0.362633249,78.35,4,35120.77623,0,0.063976051,1112,Highly_Fatal_And_Damaging
57.07762557,8,11,54.01093892,0.381024883,75.78,7,30933.82774,3,0.002819382,7874,Significant_Damage_And_Serious_Injuries
38.58447489,13,5,66.36280766,0.394007212,77.34,3,19754.58124,2,0.098352269,2452,Significant_Damage_And_Serious_Injuries
28.81278539,16,2,65.36007293,0.449903354,82.25,5,27306.27854,1,0.017945824,10980,Significant_Damage_And_Serious_Injuries
43.65296804,12,2,58.38650866,0.465770646,82.02,6,43786.17336,3,0.010630226,2411,Significant_Damage_And_Serious_Injuries
67.53424658,12,4,56.83682771,0.487768482,79.99,7,25644.46842,0,0.0023283,9188,Significant_Damage_And_Serious_Injuries
42.64840183,9,1,59.7538742,0.365878832,87.08,4,24171.84286,1,0.044704784,8149,Highly_Fatal_And_Damaging
38.44748858,17,8,66.49954421,0.346405337,80.04,2,54788.24704,1,0.74690874,3931,Minor_Damage_And_Injuries
44.93150685,12,3,73.29079307,0.316113235,77.17,6,18110.9171,3,0.004632261,866,Significant_Damage_And_Serious_Injuries
46.84931507,7,4,75.7064722,0.293394158,75.35,4,41509.54528,0,0.07637104,11618,Highly_Fatal_And_Damaging
34.74885845,11,5,43.07201459,0.518421204,80.82,1,34595.36334,1,1.275979044,9346,Significant_Damage_And_Fatalities
39.6347032,13,6,69.82680036,0.387516048,76.4,3,22792.17401,2,0.112754073,8467,Significant_Damage_And_Serious_Injuries
61.41552511,10,1,82.90793072,0.434757303,78.13,5,32364.35222,4,0.022161161,1578,Minor_Damage_And_Injuries
54.10958904,12,10,69.64448496,0.333423008,77.03,5,35167.17093,2,0.023799066,7105,Minor_Damage_And_Injuries
46.25570776,11,0,55.65177758,0.44485467,77.93,2,29784.27436,2,0.401935158,11130,Minor_Damage_And_Injuries
41.82648402,12,1,69.5077484,0.464328164,79.42,3,18784.40868,2,0.094174774,8108,Significant_Damage_And_Serious_Injuries
30.73059361,19,1,57.83956244,0.441969708,78.63,5,34376.57832,1,0.022989915,5374,Minor_Damage_And_Injuries
19.6803653,16,11,61.349134,0.500029571,84.12,4,8652.455948,4,0.016714137,5850,Highly_Fatal_And_Damaging
70.4109589,11,0,60.71103008,0.368403173,81.73,5,36104.85699,3,0.024495462,5462,Significant_Damage_And_Fatalities
27.16894977,17,6,94.43938013,0.22920375,79.2,6,34489.27966,1,0.008990355,9012,Significant_Damage_And_Serious_Injuries
58.63013699,7,2,71.19416591,0.246513523,80.05,7,38899.65944,3,0.003533139,7036,Highly_Fatal_And_Damaging
43.42465753,8,2,68.36827712,0.400498377,77.89,7,35320.94545,3,0.003327376,3814,Highly_Fatal_And_Damaging
42.19178082,12,9,69.59890611,0.29555788,78.11,7,38924.62144,2,0.003546195,2360,Significant_Damage_And_Serious_Injuries
43.56164384,19,9,69.18869644,0.380303642,83.82,7,33740.88582,4,0.003134738,4041,Significant_Damage_And_Fatalities
28.94977169,13,3,55.78851413,0.319358817,77.39,4,40894.86627,3,0.075006051,330,Significant_Damage_And_Fatalities
31.09589041,12,7,87.55697356,0.215860801,78.93,3,46043.98581,0,0.228868428,6898,Highly_Fatal_And_Damaging
24.38356164,17,2,84.18413856,0.240382979,80.98,3,22753.31325,3,0.113475553,202,Significant_Damage_And_Serious_Injuries
82.23744292,8,7,56.83682771,0.405907681,82.97,7,17582.73967,2,0.002060174,6876,Significant_Damage_And_Fatalities
54.65753425,9,0,75.47857794,0.325849982,88.47,7,20217.16569,1,0.001585053,7310,Significant_Damage_And_Serious_Injuries
33.97260274,15,3,62.57976299,0.307818969,82.53,3,43032.2194,3,0.215461328,4038,Significant_Damage_And_Serious_Injuries
71.32420091,7,19,62.53418414,0.284739272,81.3,3,15928.15204,3,0.078236346,3058,Minor_Damage_And_Injuries
33.78995434,15,2,61.21239745,0.452788316,81.09,5,27067.91961,3,0.018701491,7792,Significant_Damage_And_Serious_Injuries
66.80365297,12,8,62.30628988,0.381024883,86.4,7,25177.57275,2,0.002281694,8819,Significant_Damage_And_Fatalities
50.2283105,13,25,69.64448496,0.30998269,81.9,2,16546.3944,2,0.231292269,11400,Minor_Damage_And_Injuries
40.456621,16,8,62.71649954,0.375254959,80.25,2,35666.0434,1,0.483125215,5201,Minor_Damage_And_Injuries
50.50228311,10,0,74.56700091,0.24218608,82.58,3,27627.73993,2,0.137550418,3909,Significant_Damage_And_Serious_Injuries
45.98173516,18,1,42.88969918,0.520945546,84.74,6,37436.73221,2,0.009523106,911,Significant_Damage_And_Serious_Injuries
45.02283105,15,6,74.2935278,0.234973675,83.41,5,45934.13348,3,0.032026073,8460,Minor_Damage_And_Injuries
57.99086758,11,1,41.56791249,0.457115759,75.98,2,26252.0559,2,0.355224117,918,Highly_Fatal_And_Damaging
47.12328767,11,4,87.46581586,0.292312297,80.92,3,39651.76605,2,0.197627289,7916,Significant_Damage_And_Serious_Injuries
39.17808219,10,5,57.47493163,0.385352326,81.78,3,28135.91731,3,0.140526429,1858,Highly_Fatal_And_Damaging
38.81278539,17,20,62.89881495,0.379582402,78.18,2,32230.50007,2,0.43598353,9691,Minor_Damage_And_Injuries
55.02283105,15,4,58.61440292,0.468294987,79.22,5,35634.89413,2,0.024297069,839,Significant_Damage_And_Fatalities
36.84931507,14,0,58.24977211,0.35037216,78.73,3,48525.11071,2,0.243487496,8203,Significant_Damage_And_Serious_Injuries
36.07305936,17,3,63.90154968,0.401580238,83.57,4,51754.9704,1,0.09496067,10339,Minor_Damage_And_Injuries
33.65296804,15,9,66.0437557,0.356863325,78.63,3,55360.35692,2,0.264749961,3075,Significant_Damage_And_Serious_Injuries
15.29680365,17,2,45.39653601,0.520945546,78.88,4,24455.0852,3,0.044928916,11909,Significant_Damage_And_Fatalities
4.931506849,20,6,89.88149499,0.21513956,78.7,1,38564.12923,2,1.425641276,4452,Highly_Fatal_And_Damaging
47.94520548,14,8,80.08204193,0.289427335,82.49,3,27206.77747,2,0.133480825,10840,Minor_Damage_And_Injuries
41.82648402,12,0,70.19143118,0.379582402,76.58,6,32158.99176,0,0.007732087,3631,Significant_Damage_And_Serious_Injuries
31.32420091,15,13,71.87784868,0.392564731,81.85,6,25321.37303,3,0.00608158,7297,Significant_Damage_And_Serious_Injuries
35.70776256,11,8,69.2342753,0.43079048,76.74,4,48613.97087,1,0.088497376,10393,Highly_Fatal_And_Damaging
70.50228311,11,5,46.627165,0.5396978,83.58,7,27551.10353,2,0.002293936,607,Significant_Damage_And_Serious_Injuries
18.94977169,16,3,75.47857794,0.223794446,79.8,1,35006.64787,0,1.29142485,7189,Highly_Fatal_And_Damaging
35.38812785,18,1,79.1704649,0.297360981,77.56,2,18660.89601,3,0.254538381,9934,Minor_Damage_And_Injuries
29.40639269,13,10,70.9206928,0.226679409,81.37,4,26069.35508,0,0.048241062,8825,Highly_Fatal_And_Damaging
25.70776256,14,2,65.26891522,0.306737108,80.27,4,30290.75017,2,0.055390534,9301,Highly_Fatal_And_Damaging
70.0456621,8,15,76.52689152,0.292672917,77.91,5,22235.48707,3,0.015969433,9427,Minor_Damage_And_Injuries
60.456621,10,0,61.2579763,0.461082582,75.61,2,38165.42072,4,0.514265511,8455,Minor_Damage_And_Injuries
48.72146119,17,13,68.50501367,0.502553913,77.78,7,19804.49457,3,0.001559274,8664,Significant_Damage_And_Fatalities
65.34246575,5,5,58.84229717,0.540419041,83.56,1,43419.87556,1,1.60962628,8114,Highly_Fatal_And_Damaging
39.6347032,17,11,59.89061076,0.496423368,76.96,1,21043.0746,4,0.768085134,11453,Minor_Damage_And_Injuries
68.31050228,8,12,70.37374658,0.394007212,79.31,5,49898.05012,2,0.035047967,12498,Minor_Damage_And_Injuries
16.71232877,16,4,68.86964448,0.446657771,84.87,4,39076.31353,0,0.071211938,9345,Highly_Fatal_And_Damaging
69.36073059,11,10,73.92889699,0.436199784,77.46,7,28566.63301,2,0.002927105,8957,Significant_Damage_And_Fatalities
62.19178082,13,5,52.55241568,0.456394519,79.39,7,36617.72444,2,0.003118626,6733,Significant_Damage_And_Serious_Injuries
60.1826484,7,6,75.38742024,0.292312297,82.36,3,31750.40468,1,0.155473833,5724,Significant_Damage_And_Serious_Injuries
33.47031963,12,9,66.31722881,0.610739993,80.27,1,34719.03767,2,1.277242017,5761,Highly_Fatal_And_Damaging
49.6803653,13,7,48.26800365,0.516618103,78.73,2,39207.84094,0,0.525000449,6959,Highly_Fatal_And_Damaging
50.0456621,17,0,52.78030994,0.223794446,81.61,6,23701.00758,3,0.006375142,8569,Significant_Damage_And_Fatalities
77.30593607,3,19,58.61440292,0.473704291,85.4,2,26314.0707,3,0.354010722,306,Minor_Damage_And_Injuries
25.29680365,14,4,73.33637192,0.434396682,79.41,6,37773.35538,1,0.009399694,210,Highly_Fatal_And_Damaging
12.37442922,18,4,73.33637192,0.290509196,82.5,7,24323.50751,0,0.002117959,5492,Highly_Fatal_And_Damaging
48.31050228,11,3,53.96536007,0.312867652,76.85,2,37249.52009,3,0.505802786,6955,Minor_Damage_And_Injuries
14.47488584,17,5,51.18505014,0.581529751,79.35,7,22436.8048,1,0.002068028,7816,Significant_Damage_And_Fatalities
43.37899543,16,7,75.38742024,0.311064551,78.42,2,33257.59519,1,0.450995316,6397,Minor_Damage_And_Injuries
46.57534247,11,1,66.36280766,0.224515687,82.41,6,27700.90688,2,0.006768414,5567,Significant_Damage_And_Serious_Injuries
41.73515982,16,5,59.20692799,0.504717634,84.82,2,28957.80882,1,0.391182536,1562,Minor_Damage_And_Injuries
55.34246575,9,1,87.28350046,0.268150739,76.18,4,26194.68629,2,0.048670086,10221,Significant_Damage_And_Serious_Injuries
41.64383562,19,4,80.40109389,0.286542373,82.64,7,5513.586528,2,0.001231455,3467,Significant_Damage_And_Fatalities
40.82191781,9,3,89.10665451,0.304573386,79.88,6,23639.8521,3,0.006181819,1938,Highly_Fatal_And_Damaging
19.17808219,16,1,74.24794895,0.204320952,79.16,1,18660.89601,2,0.680514978,8775,Highly_Fatal_And_Damaging
47.48858447,11,3,73.97447584,0.335226109,78.03,3,24203.68958,3,0.120541261,9824,Significant_Damage_And_Serious_Injuries
60.456621,10,6,66.08933455,0.300967184,85.61,5,23123.37793,2,0.015679292,986,Minor_Damage_And_Injuries
42.10045662,12,2,55.92525068,0.578644789,83.03,2,37215.07572,3,0.506304901,7864,Minor_Damage_And_Injuries
50.86757991,13,0,69.96353692,0.351454021,85.64,2,40898.70672,1,0.555493062,9981,Minor_Damage_And_Injuries
30.1369863,13,10,53.78304467,0.421414353,83.97,2,27549.67974,3,0.37362346,12411,Significant_Damage_And_Fatalities
75.66210046,9,8,69.96353692,0.355060224,79.86,7,33954.17858,2,0.003297076,5181,Significant_Damage_And_Fatalities
98.40182648,5,28,49.63536919,0.354338983,76.53,7,34738.05825,2,0.003079773,1331,Significant_Damage_And_Serious_Injuries
68.49315068,11,9,65.22333637,0.356142084,81.28,4,15509.4345,3,0.028427969,8415,Significant_Damage_And_Fatalities
33.78995434,18,2,88.28623519,0.199632889,79.85,3,25712.68915,2,0.12803262,5085,Minor_Damage_And_Injuries
28.90410959,13,8,62.26071103,0.383909845,77.82,4,19093.08225,3,0.035089083,6083,Highly_Fatal_And_Damaging
62.78538813,10,6,54.23883318,0.456394519,83.9,2,20574.54872,1,0.279104058,12287,Highly_Fatal_And_Damaging
56.57534247,12,13,55.46946217,0.378139921,80.13,6,42277.9679,3,0.010118563,3360,Highly_Fatal_And_Damaging
60,14,23,70.10027347,0.33702921,83.23,7,28715.68393,3,0.00266007,7764,Significant_Damage_And_Fatalities
46.57534247,11,1,75.29626253,0.243989181,78.33,6,18103.78971,3,0.004632261,11299,Significant_Damage_And_Serious_Injuries
62.69406393,13,3,45.62443026,0.40482582,77.81,7,28287.9926,2,0.002855861,7613,Significant_Damage_And_Serious_Injuries
83.88127854,5,2,76.61804923,0.455673278,77.45,2,28671.29542,2,0.388023789,5902,Minor_Damage_And_Injuries
35.20547945,11,3,79.21604376,0.31034331,81.21,4,32806.28957,2,0.060177744,11356,Highly_Fatal_And_Damaging
30.82191781,12,1,74.24794895,0.484522899,75.89,1,22950.58102,2,0.849289067,4535,Highly_Fatal_And_Damaging
63.15068493,6,4,82.31540565,0.351093401,75.61,3,49986.89941,4,0.248870118,3966,Significant_Damage_And_Serious_Injuries
30.3196347,12,6,66.1349134,0.305294627,78.29,4,39985.26132,3,0.073270254,7493,Highly_Fatal_And_Damaging
57.03196347,11,9,70.41932543,0.229924991,79.34,7,50476.52682,1,0.00442897,6310,Minor_Damage_And_Injuries
36.11872146,14,3,61.39471285,0.40482582,76.89,1,27179.87288,4,0.996497974,1677,Significant_Damage_And_Serious_Injuries
69.45205479,8,0,67.45670009,0.415644428,76.13,4,28815.05953,4,0.05264305,8494,Minor_Damage_And_Injuries
40.2283105,9,10,76.84594348,0.397974035,78.5,4,37862.91999,3,0.069748216,571,Highly_Fatal_And_Damaging
56.48401826,15,7,76.25341841,0.37705806,78.89,7,47578.16088,2,0.004746738,631,Significant_Damage_And_Fatalities
55.98173516,12,5,72.01458523,0.420332492,78.56,6,44888.17302,2,0.010630226,1530,Minor_Damage_And_Injuries
46.84931507,11,0,51.36736554,0.527436711,75.67,3,24084.88732,0,0.118795588,9310,Minor_Damage_And_Injuries
42.10045662,9,2,58.52324521,0.333423008,82.48,7,14894.16202,1,0.000763559,10675,Highly_Fatal_And_Damaging
30.59360731,12,3,79.53509572,0.366960692,84.55,4,36292.19498,4,0.06672159,9960,Highly_Fatal_And_Damaging
38.72146119,14,9,61.66818596,0.490292824,78.23,5,34008.98922,1,0.023817699,6097,Significant_Damage_And_Serious_Injuries
31.78082192,23,7,66.68185962,0.368403173,88.39,2,36933.84468,3,0.500932954,4566,Significant_Damage_And_Fatalities
30,22,0,50.95715588,0.481277317,83.58,1,42866.57918,2,1.575609222,11463,Highly_Fatal_And_Damaging
45.70776256,11,0,57.976299,0.502553913,79.39,3,30440.47139,1,0.150293722,1565,Significant_Damage_And_Serious_Injuries
58.31050228,11,5,49.58979034,0.51193004,78.18,3,34132.24122,3,0.1720013,7329,Highly_Fatal_And_Damaging
36.84931507,14,4,40.38286235,0.558089434,79.97,5,32860.90576,2,0.021240851,6217,Minor_Damage_And_Injuries
50.91324201,10,10,54.9680948,0.605691309,77.55,6,34887.21721,1,0.008769983,12467,Minor_Damage_And_Injuries
63.19634703,13,16,85.59708295,0.306737108,83.29,6,32184.46643,2,0.007724895,2417,Significant_Damage_And_Fatalities
32.46575342,15,18,76.02552416,0.317916336,77.17,1,20399.78282,2,0.746269613,3430,Significant_Damage_And_Serious_Injuries
37.48858447,10,2,60.39197812,0.36335449,74.82,4,52783.66999,2,0.094183053,1033,Highly_Fatal_And_Damaging
55.70776256,12,23,76.98268004,0.294476019,80.8,6,18147.48347,2,0.004701024,11587,Minor_Damage_And_Injuries
40.1826484,13,2,77.07383774,0.344602236,78.67,3,35393.98969,1,0.17583753,8019,Significant_Damage_And_Serious_Injuries
34.65753425,15,8,57.88514129,0.30962207,78.97,7,32734.06616,1,0.003075499,8254,Significant_Damage_And_Serious_Injuries
50.2739726,17,7,47.72105743,0.504717634,81.35,7,32473.86421,3,0.00331236,510,Significant_Damage_And_Serious_Injuries
36.02739726,14,6,58.38650866,0.35037216,81.02,3,43887.30197,1,0.221846345,4159,Significant_Damage_And_Serious_Injuries
25.25114155,14,13,56.83682771,0.505078255,79.1,4,35509.22852,3,0.065163674,1194,Significant_Damage_And_Fatalities
46.43835616,15,7,60.98450319,0.361190768,76.1,5,30217.38669,1,0.019846267,5071,Minor_Damage_And_Injuries
49.5890411,10,6,54.7857794,0.259856473,81.16,6,26187.94838,2,0.007016086,5722,Minor_Damage_And_Injuries
53.01369863,16,0,80.12762078,0.297721601,82.66,7,5513.586528,3,0.00138424,1805,Significant_Damage_And_Fatalities
77.85388128,4,10,52.96262534,0.430429859,83.5,2,31288.34316,4,0.423475054,1088,Highly_Fatal_And_Damaging
72.32876712,10,12,71.46763902,0.32368626,77.09,7,15748.13414,3,0.001454434,5095,Significant_Damage_And_Fatalities
25.25114155,17,5,49.58979034,0.696206996,81.66,2,37966.03254,2,0.510633766,6882,Minor_Damage_And_Injuries
50.50228311,10,0,67.77575205,0.392564731,78.94,1,26565.04758,2,0.973442982,11923,Significant_Damage_And_Serious_Injuries
37.85388128,17,11,75.11394713,0.281133069,79.62,4,20146.91725,1,0.037829265,8840,Minor_Damage_And_Injuries
41.73515982,16,1,54.74020055,0.503275153,77.25,3,32613.93379,3,0.162108139,11072,Highly_Fatal_And_Damaging
42.10045662,19,0,80.40109389,0.358305806,77.27,4,28643.63065,3,0.053847807,4677,Significant_Damage_And_Fatalities
47.85388128,14,7,80.08204193,0.28329679,83.56,2,20432.27973,3,0.274727998,6787,Minor_Damage_And_Injuries
41.14155251,13,2,69.14311759,0.320080058,81.23,3,28510.12249,4,0.142232506,3270,Significant_Damage_And_Serious_Injuries
27.85388128,13,2,70.9206928,0.409874504,80.34,4,27009.59537,2,0.048897582,9372,Highly_Fatal_And_Damaging
48.90410959,7,1,76.75478578,0.281854309,78.86,4,20490.65172,1,0.036900366,1188,Highly_Fatal_And_Damaging
79.17808219,7,5,44.43938013,0.589824017,79.64,7,38888.75301,2,0.003462771,3494,Significant_Damage_And_Serious_Injuries
9.315068493,19,13,35.82497721,0.619394879,80.34,1,19033.89634,3,0.685290137,7878,Significant_Damage_And_Fatalities
20.82191781,15,2,44.75843209,0.72794158,77.64,3,14274.05901,1,0.074467276,8849,Significant_Damage_And_Fatalities
58.44748858,11,5,82.1786691,0.292672917,77.17,1,30095.00139,2,1.107133229,9629,Minor_Damage_And_Injuries
36.16438356,11,2,68.41385597,0.37705806,81.53,1,24420.713,1,0.890281948,6309,Highly_Fatal_And_Damaging
52.96803653,9,6,62.53418414,0.289066715,77.66,6,23792.10861,3,0.006257062,11883,Significant_Damage_And_Serious_Injuries
30.73059361,19,2,48.67821331,0.691158312,76.64,2,26816.75198,0,0.362925272,9472,Highly_Fatal_And_Damaging
65.66210046,12,4,71.19416591,0.232449333,84.95,7,42627.76317,2,0.00397747,11969,Significant_Damage_And_Fatalities
36.07305936,14,3,82.90793072,0.351093401,82.88,2,31463.56857,1,0.425876292,10203,Significant_Damage_And_Serious_Injuries
40.2283105,13,0,62.9443938,0.358305806,78.71,3,28742.13127,2,0.142927068,5646,Significant_Damage_And_Serious_Injuries
55.98173516,12,0,88.60528715,0.184486837,82.06,3,30207.85231,1,0.151493601,5159,Minor_Damage_And_Injuries
9.315068493,18,4,56.10756609,0.375615579,76.66,4,28559.52199,2,0.051656492,2875,Significant_Damage_And_Fatalities
65.98173516,12,3,66.54512306,0.321161918,78.63,7,23826.09132,1,0.00212511,2436,Significant_Damage_And_Fatalities
37.80821918,17,11,52.23336372,0.297721601,80.19,7,23192.15587,1,0.002433384,11012,Highly_Fatal_And_Damaging
49.5890411,10,0,50.59252507,0.411316985,83.57,4,54279.88661,2,0.102535146,10598,Minor_Damage_And_Injuries
44.42922374,15,2,48.22242479,0.610018752,82.2,5,35903.2115,0,0.024101592,11096,Highly_Fatal_And_Damaging
65.89041096,9,2,45.89790337,0.657981248,78.27,7,26531.17709,2,0.00243244,175,Significant_Damage_And_Serious_Injuries
29.17808219,13,1,64.94986326,0.455673278,77.59,2,40840.64636,3,0.551419592,10159,Highly_Fatal_And_Damaging
57.26027397,8,3,72.06016408,0.420332492,77.09,5,23674.06185,1,0.015331062,4286,Significant_Damage_And_Serious_Injuries
49.08675799,10,1,61.21239745,0.469376848,79.29,1,33501.2328,1,1.226737218,2789,Significant_Damage_And_Serious_Injuries
43.83561644,12,3,79.76298997,0.378139921,78,5,15865.87217,1,0.011600334,476,Significant_Damage_And_Serious_Injuries
28.90410959,13,0,56.92798541,0.409153264,77.53,2,23407.411,1,0.318224182,6594,Significant_Damage_And_Fatalities
45.15981735,8,14,88.46855059,0.199632889,78.24,2,23008.26447,2,0.311425648,5534,Highly_Fatal_And_Damaging
38.44748858,10,2,65.99817685,0.474064912,77.62,1,25958.13746,0,0.957063791,6539,Highly_Fatal_And_Damaging
44.61187215,12,13,51.09389243,0.644998918,77.12,6,39152.99337,2,0.009371013,5241,Minor_Damage_And_Injuries
57.67123288,3,10,40.56517776,0.578644789,79.6,7,21720.57383,2,0.002068028,11004,Significant_Damage_And_Fatalities
29.8630137,12,1,74.2023701,0.337750451,77,4,41432.74871,3,0.075850778,4652,Highly_Fatal_And_Damaging
64.29223744,9,1,91.20328168,0.217663902,83.53,7,31529.76232,2,0.002599787,11404,Minor_Damage_And_Injuries
54.88584475,12,1,63.71923428,0.568547422,77.55,2,29989.7502,3,0.405598313,4925,Minor_Damage_And_Injuries
70.54794521,7,1,72.37921604,0.334865489,77.04,2,39884.65322,1,0.542971582,2670,Minor_Damage_And_Injuries
20.86757991,19,1,75.43299909,0.238219257,79.16,4,30476.6917,2,0.05576251,1044,Significant_Damage_And_Serious_Injuries
54.01826484,12,17,49.31631723,0.444133429,80.83,2,29673.45967,1,0.403593936,11516,Minor_Damage_And_Injuries
60,10,0,66.54512306,0.368763794,78.13,2,42059.52891,1,0.56890846,4864,Minor_Damage_And_Injuries
40.1369863,16,2,64.90428441,0.274641904,79.37,2,33355.86404,1,0.451609331,5031,Minor_Damage_And_Injuries
46.66666667,18,0,57.74840474,0.303852146,80.96,4,45969.45269,3,0.084785639,10097,Significant_Damage_And_Fatalities
69.26940639,11,10,83.54603464,0.371288136,79.02,2,31865.4134,3,0.43263746,2802,Significant_Damage_And_Fatalities
20.1826484,15,0,65.08659982,0.256610891,84.15,2,21997.4295,2,0.299180249,9970,Highly_Fatal_And_Damaging
36.75799087,14,3,71.05742935,0.29555788,79.92,1,37304.99762,0,1.379409622,7739,Significant_Damage_And_Serious_Injuries