Safety_Score,Days_Since_Inspection,Total_Safety_Complaints,Control_Metric,Turbulence_In_gforces,Cabin_Temperature,Accident_Type_Code,Max_Elevation,Violations,Adverse_Weather_Metric,Accident_ID,Severity
47.30593607,7,0,58.79671832,0.412038226,82.8,4,43915.36281,1,0.07961405,216,Highly_Fatal_And_Damaging
49.08675799,17,2,51.91431176,0.480556076,82.69,7,26534.35538,1,0.002302843,623,Significant_Damage_And_Serious_Injuries
25.25114155,14,3,79.53509572,0.333783628,79.63,7,29154.54459,2,0.002856572,7454,Highly_Fatal_And_Damaging
36.75799087,14,0,59.07019143,0.434396682,78.03,3,27327.47437,2,0.135864511,12110,Significant_Damage_And_Serious_Injuries
49.31506849,14,14,57.11030082,0.440887847,79.61,4,20375.81543,0,0.037029031,3689,Minor_Damage_And_Injuries
70,8,15,70.51048314,0.391482871,83.11,5,36421.57363,3,0.023958575,10471,Minor_Damage_And_Injuries
59.40639269,11,12,97.99453054,0.212975838,75.76,2,31117.25437,2,0.422623433,12143,Minor_Damage_And_Injuries
41.91780822,12,15,53.46399271,0.477671114,80.32,2,52978.47906,1,0.715453969,7609,Minor_Damage_And_Injuries
51.23287671,13,3,59.07019143,0.316834475,78.68,2,27518.72352,2,0.373413681,8475,Minor_Damage_And_Injuries
19.13242009,21,0,59.43482224,0.267429499,80.96,3,36059.22158,2,0.179225377,1037,Highly_Fatal_And_Damaging
28.21917808,13,0,64.99544211,0.422856834,77.32,7,49951.14276,3,0.004602863,6387,Highly_Fatal_And_Damaging
52.64840183,6,7,71.60437557,0.430069239,81.57,4,46540.27204,2,0.084771779,6855,Highly_Fatal_And_Damaging
33.78995434,15,2,61.21239745,0.318276956,80.49,2,40233.90928,3,0.54115283,11679,Significant_Damage_And_Serious_Injuries
24.88584475,18,3,81.40382862,0.224876307,79.8,4,19984.54461,2,0.035617203,1121,Significant_Damage_And_Serious_Injuries
11.64383562,18,0,89.88149499,0.200354129,76.96,4,28605.29785,1,0.053398411,10697,Highly_Fatal_And_Damaging
27.94520548,13,3,67.27438469,0.355420844,80.14,4,35662.48086,2,0.065357008,12084,Highly_Fatal_And_Damaging
40.91324201,16,23,67.6390155,0.375615579,79.06,2,54788.24704,3,0.773009611,11688,Minor_Damage_And_Injuries
30.3196347,13,3,63.99270738,0.456033898,80.13,4,21651.04946,2,0.039577916,10513,Highly_Fatal_And_Damaging
44.88584475,11,13,71.74111212,0.35001154,78.92,6,35974.82174,2,0.008398254,10794,Significant_Damage_And_Serious_Injuries
56.75799087,8,3,100,0.21441832,80.16,6,39017.57592,3,0.010012707,4898,Significant_Damage_And_Serious_Injuries
74.70319635,6,14,52.46125798,0.366960692,76.53,3,22484.62233,3,0.111897063,4184,Highly_Fatal_And_Damaging
50.95890411,10,29,55.05925251,0.475868013,78.79,3,35818.65322,2,0.179067509,7804,Significant_Damage_And_Serious_Injuries
22.92237443,14,8,57.88514129,0.448100252,84.03,4,21763.4376,3,0.039859773,921,Highly_Fatal_And_Damaging
34.38356164,18,11,53.64630811,0.440887847,81.44,2,39434.25611,3,0.533857645,3916,Highly_Fatal_And_Damaging
33.15068493,15,2,68.64175023,0.251922827,76.93,3,25093.12607,3,0.124868867,11444,Significant_Damage_And_Serious_Injuries
38.99543379,10,0,51.82315406,0.54005842,76.99,1,21043.0746,1,0.775459295,2386,Significant_Damage_And_Fatalities
57.16894977,8,2,64.49407475,0.339553552,77.53,6,31387.73033,4,0.008100385,8532,Significant_Damage_And_Serious_Injuries
35.29680365,11,2,76.48131267,0.243989181,79.17,6,33319.45389,3,0.008519933,794,Highly_Fatal_And_Damaging
30.59360731,12,6,74.93163172,0.28293617,76.27,1,38318.56777,2,1.411538428,12369,Highly_Fatal_And_Damaging
61.32420091,10,1,60.71103008,0.328374324,75.27,2,25016.36379,3,0.335107168,329,Minor_Damage_And_Injuries
41.09589041,9,12,32.49772106,0.542582762,77.95,2,25662.08402,1,0.34702939,3459,Highly_Fatal_And_Damaging
27.12328767,17,1,72.01458523,0.413480707,79.74,3,35557.67809,1,0.176919346,6209,Significant_Damage_And_Serious_Injuries
36.98630137,10,6,66.31722881,0.334144248,78.52,4,34921.55531,3,0.064150199,47,Highly_Fatal_And_Damaging
20.1369863,19,8,72.01458523,0.340274793,79.22,3,29457.13142,4,0.146658422,3625,Significant_Damage_And_Serious_Injuries
37.39726027,17,1,76.61804923,0.335226109,78.83,1,35132.22646,2,1.29142485,8278,Minor_Damage_And_Injuries
23.65296804,14,0,76.61804923,0.22884313,80.98,4,33358.8046,1,0.061019592,2348,Highly_Fatal_And_Damaging
57.44292237,11,0,66.36280766,0.400137757,77.18,2,16069.26517,3,0.21472379,6411,Minor_Damage_And_Injuries
19.9086758,16,0,85.5515041,0.21550018,80.05,4,22016.95227,2,0.041338453,63,Highly_Fatal_And_Damaging
34.10958904,15,1,70.46490428,0.331259286,84.1,3,47530.90621,4,0.236847336,4122,Significant_Damage_And_Serious_Injuries
63.83561644,6,2,58.84229717,0.425381176,76.13,3,44792.42195,4,0.223008337,10077,Significant_Damage_And_Serious_Injuries
33.05936073,15,15,51.64083865,0.368042553,78.83,3,32746.02867,2,0.163704051,3170,Minor_Damage_And_Injuries
54.79452055,12,1,78.76025524,0.39076163,78.7,4,26501.85903,1,0.048670086,11499,Minor_Damage_And_Injuries
46.94063927,14,19,49.04284412,0.251201587,82.99,2,29638.26397,1,0.403546823,4135,Highly_Fatal_And_Damaging
45.29680365,15,3,73.60984503,0.405907681,81.56,2,29261.07807,3,0.396376042,1416,Minor_Damage_And_Injuries
18.31050228,16,1,74.24794895,0.204320952,76.78,1,48882.99695,1,1.787288872,10689,Highly_Fatal_And_Damaging
12.92237443,18,3,66.49954421,0.268150739,76.28,4,24613.54889,1,0.045340764,534,Highly_Fatal_And_Damaging
30.82191781,16,5,53.2816773,0.343159755,79.11,3,31200.25273,2,0.156527897,6976,Minor_Damage_And_Injuries
44.38356164,15,5,82.04193254,0.317195096,82.09,5,4030.141124,3,0.00259798,300,Minor_Damage_And_Injuries
58.31050228,11,2,66.49954421,0.367681933,78.32,2,50138.85333,1,0.677300019,11094,Minor_Damage_And_Injuries
38.08219178,17,0,54.37556974,0.599560765,81.42,3,42065.38243,3,0.209889349,11219,Highly_Fatal_And_Damaging
36.21004566,11,5,48.22242479,0.430069239,81.37,2,9666.940558,3,0.122686904,4011,Significant_Damage_And_Fatalities
26.25570776,17,13,64.31175934,0.44521529,78.49,6,32439.25628,2,0.008048971,3545,Significant_Damage_And_Serious_Injuries
41.18721461,9,0,69.5077484,0.421774973,84,3,47530.90621,2,0.237190415,3942,Highly_Fatal_And_Damaging
34.70319635,14,13,73.29079307,0.333062387,82.69,3,36541.84914,2,0.18202449,16,Significant_Damage_And_Serious_Injuries
42.10045662,16,5,70.00911577,0.41816877,75.14,2,61815.49829,2,0.773009611,10380,Minor_Damage_And_Injuries
55.25114155,9,10,66.27164995,0.395449693,84.19,7,38745.5763,0,0.00370278,11642,Significant_Damage_And_Serious_Injuries
43.33333333,12,10,51.09389243,0.341717274,81.37,4,29832.35471,1,0.054865468,7064,Minor_Damage_And_Injuries
39.6347032,13,1,60.66545123,0.432593581,82.19,3,46938.70933,0,0.233867616,1222,Significant_Damage_And_Serious_Injuries
41.41552511,16,7,56.51777575,0.32296502,79.73,4,50122.01975,3,0.090371603,6685,Highly_Fatal_And_Damaging
72.55707763,2,11,55.60619872,0.45891886,87.1,3,33757.00536,2,0.168760794,11991,Minor_Damage_And_Injuries
74.65753425,6,6,74.33910665,0.478392355,76.18,6,26733.76325,2,0.006687082,5539,Minor_Damage_And_Injuries
22.19178082,15,6,65.36007293,0.274641904,78.52,1,19463.3736,2,0.721848476,9221,Highly_Fatal_And_Damaging
14.06392694,17,9,66.72743847,0.268150739,75.34,4,21193.42533,2,0.038989965,9739,Highly_Fatal_And_Damaging
60.1369863,10,2,60.71103008,0.380303642,76.67,2,47324.95278,3,0.643975973,4603,Minor_Damage_And_Injuries
54.33789954,12,2,78.62351869,0.313228273,80.53,5,39951.21403,4,0.025793732,1163,Minor_Damage_And_Injuries
12.96803653,17,0,37.51139471,0.602806347,82.81,4,32744.17068,2,0.060569565,11387,Significant_Damage_And_Fatalities
47.48858447,11,2,56.88240656,0.47190119,81.96,2,52978.47906,1,0.729576238,7710,Minor_Damage_And_Injuries
46.11872146,15,0,58.1586144,0.303852146,81.71,2,24781.91587,2,0.337051194,4600,Minor_Damage_And_Injuries
37.16894977,14,14,84.86782133,0.25552903,83.32,3,24101.14266,3,0.118795588,3178,Significant_Damage_And_Serious_Injuries
61.05022831,10,3,52.18778487,0.460361342,77.36,2,40813.30576,1,0.551419592,3230,Highly_Fatal_And_Damaging
37.71689498,14,4,67.00091158,0.294476019,79.47,4,35594.53289,2,0.065037421,11464,Significant_Damage_And_Serious_Injuries
20.86757991,15,14,52.09662716,0.493538406,79.6,1,17307.2747,2,0.660172964,3035,Significant_Damage_And_Fatalities
34.61187215,14,5,72.37921604,0.413480707,79.27,1,24605.47132,2,0.901972619,2447,Significant_Damage_And_Serious_Injuries
54.24657534,12,0,90.15496809,0.268150739,79.54,2,28885.57324,2,0.390799415,178,Minor_Damage_And_Injuries
35.70776256,11,10,73.60984503,0.405907681,77.65,2,31638.62932,3,0.429665881,863,Highly_Fatal_And_Damaging
58.99543379,14,25,60.75660893,0.416726289,77.16,7,34472.0838,0,0.003044578,2983,Significant_Damage_And_Fatalities
42.00913242,16,13,78.94257065,0.321161918,84.48,1,28364.61146,3,1.043719067,7843,Minor_Damage_And_Injuries
33.92694064,11,22,65.40565178,0.334865489,81.39,1,33157.43728,2,1.222971208,11607,Highly_Fatal_And_Damaging
30.59360731,16,2,45.89790337,0.549795168,78.96,5,43627.79498,3,0.030245811,10528,Minor_Damage_And_Injuries
42.42009132,12,17,35.27803099,0.881926433,86.52,3,37920.67541,1,0.18906238,11490,Significant_Damage_And_Serious_Injuries
60.0913242,10,3,70.32816773,0.226679409,75.93,2,20520.74105,2,0.275778719,5811,Minor_Damage_And_Injuries
21.46118721,15,3,67.77575205,0.253004688,75.84,4,48288.14244,2,0.088231647,7991,Highly_Fatal_And_Damaging
25.25114155,18,13,50.82041933,0.76869167,80.16,6,31006.55725,3,0.007746555,5210,Minor_Damage_And_Injuries
57.76255708,11,3,46.49042844,0.451345835,83.23,3,18438.39087,2,0.091799343,4948,Highly_Fatal_And_Damaging
62.96803653,13,19,64.26618049,0.230646232,77.79,7,19742.27302,2,0.002034498,1156,Significant_Damage_And_Fatalities
52.46575342,13,1,82.1786691,0.199993509,84.34,2,28885.57324,2,0.391941807,5356,Minor_Damage_And_Injuries
55.79908676,15,11,62.39744758,0.43151172,79.6,7,33387.84831,3,0.003327749,5849,Significant_Damage_And_Fatalities
38.12785388,10,1,73.51868733,0.394728453,78.74,1,35132.22646,1,1.285879116,9782,Highly_Fatal_And_Damaging
37.57990868,10,12,57.70282589,0.448100252,77.25,1,33700.42268,2,1.239177313,2078,Highly_Fatal_And_Damaging
38.03652968,14,2,60.84776664,0.371288136,78.46,5,31151.75116,2,0.019846267,7442,Significant_Damage_And_Serious_Injuries
39.36073059,10,14,65.86144029,0.32332564,77.9,3,36507.36325,2,0.180699126,1745,Highly_Fatal_And_Damaging
13.10502283,18,13,50.13673655,0.482719798,77.5,7,22795.71188,2,0.001654836,5124,Significant_Damage_And_Fatalities
23.92694064,14,6,71.05742935,0.306376488,76.36,4,37868.60456,1,0.069236804,8610,Highly_Fatal_And_Damaging
42.51141553,12,6,67.04649043,0.413120087,78.63,2,21213.12437,2,0.287088419,2496,Significant_Damage_And_Serious_Injuries
35.20547945,11,2,77.34731085,0.269953841,81.25,4,28855.41867,2,0.05310589,2567,Highly_Fatal_And_Damaging
19.22374429,16,6,70.51048314,0.434396682,81.26,1,12542.55061,0,0.306645191,5205,Highly_Fatal_And_Damaging
49.22374429,14,6,63.94712853,0.245792283,82.01,2,22674.84765,1,0.303007317,4350,Minor_Damage_And_Injuries
35.02283105,14,4,78.80583409,0.276445005,80.34,6,27827.85143,2,0.006715818,2872,Significant_Damage_And_Serious_Injuries
70.3196347,7,0,82.90793072,0.18845366,79.79,4,35819.0665,4,0.064877455,11146,Minor_Damage_And_Injuries
45.98173516,15,0,62.48860529,0.288706094,78.95,2,22969.33828,3,0.309756513,4217,Minor_Damage_And_Injuries
47.62557078,14,14,55.65177758,0.281133069,79.99,2,26770.26254,1,0.359258711,12034,Highly_Fatal_And_Damaging
48.72146119,10,7,68.96080219,0.412038226,84.23,1,42321.29153,1,1.555653829,12324,Significant_Damage_And_Serious_Injuries
49.08675799,10,0,53.91978122,0.461803823,80.13,4,25562.60347,0,0.047157141,2706,Minor_Damage_And_Injuries
54.42922374,9,23,73.01731996,0.330898666,77.85,4,49233.34871,0,0.090849753,2593,Significant_Damage_And_Serious_Injuries
32.92237443,15,0,69.5077484,0.25552903,76.48,1,42416.27043,2,1.552741827,5424,Significant_Damage_And_Serious_Injuries
47.89954338,11,2,73.51868733,0.388958529,78.56,3,42084.19913,1,0.209890974,3022,Significant_Damage_And_Serious_Injuries
11.50684932,18,3,64.5396536,0.24218608,80.74,7,23004.89479,2,0.002267412,10886,Highly_Fatal_And_Damaging
33.92694064,15,3,69.64448496,0.357223945,80.07,6,17572.92548,2,0.004278344,6216,Significant_Damage_And_Serious_Injuries
76.39269406,9,8,66.36280766,0.321161918,80.23,5,12090.3042,3,0.005659998,7879,Significant_Damage_And_Fatalities
46.71232877,18,1,62.53418414,0.303130905,84.67,3,35803.98377,3,0.180527703,6361,Significant_Damage_And_Fatalities
42.87671233,12,3,80.5834093,0.340996033,82.49,3,35393.98969,2,0.17583753,8064,Significant_Damage_And_Serious_Injuries
57.26027397,8,5,69.64448496,0.382467364,81.14,3,32554.60187,2,0.162108139,2236,Significant_Damage_And_Serious_Injuries
31.59817352,15,2,61.57702826,0.368763794,83.57,3,37550.39877,2,0.186909001,10599,Significant_Damage_And_Serious_Injuries
7.442922374,19,9,29.89972653,0.818096646,78.9,4,29692.02236,2,0.054324212,7882,Significant_Damage_And_Fatalities
43.47031963,15,0,77.16499544,0.234613054,83.51,2,39679.11482,3,0.537889904,2911,Minor_Damage_And_Injuries
32.92237443,11,15,78.53236098,0.322243779,80.07,4,34640.54687,1,0.06304682,10232,Highly_Fatal_And_Damaging
56.66666667,11,6,40.3372835,0.541140281,76.35,2,30393.23661,2,0.412493537,4601,Highly_Fatal_And_Damaging
31.41552511,12,2,82.90793072,0.362993869,80.66,6,36292.19498,0,0.008367916,3442,Highly_Fatal_And_Damaging
49.08675799,14,5,92.88969918,0.211533357,78.56,2,30792.69503,2,0.414941704,702,Minor_Damage_And_Injuries
33.88127854,15,2,69.64448496,0.324046881,77.05,3,32150.91088,2,0.160097409,931,Significant_Damage_And_Serious_Injuries
45.29680365,11,8,66.77301732,0.373451857,86.4,5,24783.15015,2,0.017223947,12256,Significant_Damage_And_Serious_Injuries
56.25570776,11,13,46.7183227,0.487768482,78.82,2,45903.4682,1,0.627545994,5506,Highly_Fatal_And_Damaging
68.67579909,8,20,56.19872379,0.475868013,80.79,6,30637.07084,3,0.007594776,3823,Significant_Damage_And_Serious_Injuries
24.24657534,18,4,83.68277119,0.317195096,78.92,6,24379.67112,2,0.005931093,2298,Significant_Damage_And_Serious_Injuries
51.23287671,13,19,62.21513218,0.52527299,78.12,5,51044.70911,2,0.03627154,8444,Minor_Damage_And_Injuries
38.21917808,13,2,80.90246126,0.35037216,77.34,6,28520.19777,3,0.007514933,12483,Significant_Damage_And_Serious_Injuries
41.68949772,16,4,87.10118505,0.346405337,77.13,2,40744.70302,3,0.549198026,5713,Minor_Damage_And_Injuries
62.73972603,6,4,80.40109389,0.308540209,80.07,6,22597.09595,3,0.005595536,355,Significant_Damage_And_Serious_Injuries
65.34246575,1,8,58.20419325,0.312146412,79.43,2,28183.32313,2,0.382453188,11009,Highly_Fatal_And_Damaging
60.54794521,10,12,73.47310848,0.423217454,79.71,2,45300.02702,2,0.617217585,1111,Minor_Damage_And_Injuries
76.11872146,6,21,64.49407475,0.398695276,79.84,3,22977.01515,2,0.114141495,9136,Minor_Damage_And_Injuries
27.71689498,13,2,65.67912489,0.425741796,78.63,6,26744.8668,2,0.007016086,8408,Highly_Fatal_And_Damaging
8.538812785,19,1,76.02552416,0.394367833,78.95,6,21762.5038,2,0.00551074,4534,Highly_Fatal_And_Damaging
43.65296804,8,6,68.36827712,0.277526866,79.26,4,42166.41888,3,0.077528301,11079,Highly_Fatal_And_Damaging
30.1826484,12,2,78.12215132,0.39040101,77.75,7,38623.39103,1,0.003662182,4698,Highly_Fatal_And_Damaging
36.07305936,11,1,76.48131267,0.335226109,77.91,4,62471.8748,2,0.10677556,7081,Highly_Fatal_And_Damaging
21.27853881,15,17,75.25068368,0.289427335,82.31,4,17117.82572,2,0.031158483,7930,Highly_Fatal_And_Damaging
16.98630137,20,20,65.99817685,0.40374396,76.53,3,40871.53732,1,0.204090221,6218,Significant_Damage_And_Serious_Injuries
38.08219178,17,3,59.11577028,0.45855824,80.61,6,29091.2627,2,0.007594776,11907,Minor_Damage_And_Injuries
43.15068493,12,21,58.52324521,0.583332853,77.74,3,19721.15734,2,0.098918623,11855,Significant_Damage_And_Serious_Injuries
25.57077626,14,9,83.36371923,0.25552903,80.09,1,37558.92683,0,1.377590414,5007,Highly_Fatal_And_Damaging
32.42009132,12,10,67.36554239,0.298803462,78.21,4,23787.7963,1,0.043568869,6757,Highly_Fatal_And_Damaging
21.23287671,15,2,65.58796718,0.55340137,78.41,4,32734.22227,3,0.060013009,2807,Highly_Fatal_And_Damaging
45.15981735,8,4,69.00638104,0.675651641,81.68,4,33143.61124,2,0.061183671,4809,Highly_Fatal_And_Damaging
33.10502283,15,7,72.33363719,0.271035701,76.56,7,29596.46422,2,0.002561626,12009,Significant_Damage_And_Serious_Injuries
30.91324201,12,1,64.03828624,0.462885683,77.32,2,30536.53639,1,0.411158532,3975,Highly_Fatal_And_Damaging
27.53424658,13,28,58.47766636,0.301688424,79.24,4,28183.32313,1,0.051937315,37,Highly_Fatal_And_Damaging
29.31506849,13,1,80.53783045,0.245792283,85.13,4,33385.14826,1,0.061642653,8047,Highly_Fatal_And_Damaging
53.83561644,12,8,84.22971741,0.256610891,78.4,2,35377.24419,0,0.478778936,3426,Minor_Damage_And_Injuries
39.45205479,17,4,73.74658159,0.28221493,77.94,1,30017.31061,1,1.107264599,5873,Minor_Damage_And_Injuries
38.81278539,13,0,61.53144941,0.424299315,86.39,3,831.6955534,3,0.047600965,100,Significant_Damage_And_Serious_Injuries
33.83561644,15,5,47.21969006,0.515896863,81.45,3,32986.7833,1,0.163023626,4976,Minor_Damage_And_Injuries
36.75799087,14,3,72.698268,0.219106383,83.03,3,38942.25088,3,0.195609414,165,Significant_Damage_And_Serious_Injuries
37.21461187,10,2,56.15314494,0.345323476,79.22,4,32342.31338,0,0.059229229,630,Significant_Damage_And_Fatalities
59.6803653,14,0,51.45852325,0.556286332,80,5,36256.67803,3,0.025110149,6916,Highly_Fatal_And_Damaging
60.54794521,14,11,73.06289881,0.260938334,77.41,6,22253.1682,1,0.005335316,6153,Significant_Damage_And_Fatalities
45.75342466,11,17,69.91795807,0.425020555,78.31,3,26782.02428,2,0.135445813,5798,Significant_Damage_And_Serious_Injuries
19.9086758,19,3,50.68368277,0.439445366,79.97,2,32847.03796,1,0.443077513,2556,Minor_Damage_And_Injuries
16.16438356,17,12,80.99361896,0.4311511,81.44,2,54429.81191,0,0.74690874,7520,Highly_Fatal_And_Damaging
51.78082192,10,0,55.69735643,0.259856473,83.6,4,25223.04717,1,0.046205977,12455,Minor_Damage_And_Injuries
41.05022831,12,21,69.96353692,0.425020555,75.84,3,46415.17343,1,0.231870737,1792,Significant_Damage_And_Serious_Injuries
38.76712329,10,2,39.97265269,0.558089434,81.52,1,37034.40564,2,1.363369436,7933,Significant_Damage_And_Fatalities
21.50684932,15,2,59.43482224,0.382827984,76.49,1,38752.94775,2,1.418695031,7905,Highly_Fatal_And_Damaging
43.69863014,12,14,55.78851413,0.440887847,81.44,2,38406.93188,0,0.5197813,7572,Minor_Damage_And_Injuries
62.69406393,13,1,64.85870556,0.284018031,78.95,3,15928.15204,3,0.079301599,5312,Significant_Damage_And_Fatalities
56.16438356,15,4,58.61440292,0.37705806,85.99,7,19398.15115,1,0.002066049,248,Significant_Damage_And_Fatalities
41.96347032,12,4,51.27620784,0.568186801,83.76,3,24604.46559,1,0.1217547,7817,Minor_Damage_And_Injuries
23.56164384,14,8,43.80127621,0.543664623,77.16,1,20124.30506,3,0.748594381,8644,Significant_Damage_And_Fatalities
46.66666667,7,17,45.39653601,0.725777858,77.74,2,20799.92559,1,0.278446238,8479,Significant_Damage_And_Fatalities
28.21917808,17,11,59.89061076,0.409513884,78.34,4,24750.87159,3,0.045349159,5361,Minor_Damage_And_Injuries
42.51141553,12,13,35.27803099,0.869304724,81.11,6,28126.46856,4,0.006546961,8860,Significant_Damage_And_Serious_Injuries
40.2739726,10,6,62.16955333,0.415644428,81.21,4,47132.95711,2,0.086747169,5628,Highly_Fatal_And_Damaging
28.85844749,13,2,47.26526892,0.421053732,79.51,4,30677.10545,2,0.055462924,9531,Significant_Damage_And_Fatalities
46.84931507,7,4,77.11941659,0.232449333,80.2,4,35967.37552,0,0.066039462,9105,Highly_Fatal_And_Damaging
48.26484018,10,26,57.56608933,0.478752975,77.91,6,21995.4182,4,0.005395942,246,Significant_Damage_And_Serious_Injuries
41.14155251,13,3,74.02005469,0.250119726,80.92,3,27827.85143,3,0.138546714,6362,Significant_Damage_And_Serious_Injuries
29.9543379,19,8,61.62260711,0.368763794,80.72,7,14240.57263,2,0.001454434,10218,Significant_Damage_And_Fatalities
44.56621005,8,0,53.64630811,0.245792283,87.06,4,17318.54848,3,0.031766025,4240,Significant_Damage_And_Fatalities
1.689497717,21,0,55.69735643,0.484162279,77.62,7,43590.44521,4,0.003917603,6861,Significant_Damage_And_Fatalities
25.89041096,14,0,48.58705561,0.634901551,78.37,2,27787.07188,1,0.378611274,10999,Significant_Damage_And_Fatalities
33.19634703,12,1,76.61804923,0.383188604,76.27,1,41720.13355,2,1.535125618,11585,Highly_Fatal_And_Damaging
21.91780822,19,2,77.34731085,0.272117562,78.35,3,24272.05911,1,0.119252737,2509,Significant_Damage_And_Serious_Injuries
30.91324201,12,3,64.03828624,0.417086909,77.91,4,21651.04946,1,0.039861126,11873,Highly_Fatal_And_Damaging
28.67579909,13,10,97.31084777,0.311064551,80.09,4,32951.98882,2,0.059850391,4640,Highly_Fatal_And_Damaging
66.62100457,12,4,74.79489517,0.221630725,82.53,7,20600.58499,2,0.001878239,8748,Significant_Damage_And_Fatalities
21.46118721,15,2,65.26891522,0.523469888,81.55,5,13118.5373,2,0.008530901,1267,Highly_Fatal_And_Damaging
46.84931507,14,4,79.48951686,0.292672917,81.18,2,27206.77747,3,0.370578627,12145,Minor_Damage_And_Injuries
44.06392694,12,24,69.55332726,0.329095564,80.84,6,42860.16108,2,0.010889727,9158,Significant_Damage_And_Serious_Injuries
61.23287671,7,2,61.57702826,0.250119726,78.17,2,44899.07051,3,0.60349007,8111,Highly_Fatal_And_Damaging
18.31050228,16,4,57.83956244,0.30962207,80.96,3,36830.54453,1,0.182930119,4729,Highly_Fatal_And_Damaging
27.89954338,13,3,67.27438469,0.327292463,78.46,4,26890.68028,3,0.048734113,1845,Highly_Fatal_And_Damaging
20.2283105,15,5,65.99817685,0.236776776,77.74,4,38399.4551,0,0.070124997,4093,Highly_Fatal_And_Damaging
63.10502283,13,19,71.83226983,0.194944825,77.41,1,28923.90026,4,1.067633041,12500,Significant_Damage_And_Fatalities
22.19178082,18,3,59.02461258,0.219106383,79.8,3,24854.10184,2,0.123741287,791,Significant_Damage_And_Serious_Injuries
30.91324201,12,3,79.03372835,0.39040101,83.94,3,22169.2086,3,0.109711642,10048,Highly_Fatal_And_Damaging
11.50684932,18,13,64.5396536,0.305294627,78.6,2,41622.39272,2,0.563057175,6783,Highly_Fatal_And_Damaging
33.01369863,18,7,54.55788514,0.442330328,76.66,3,30360.39694,3,0.152337945,8823,Minor_Damage_And_Injuries
46.34703196,11,5,73.88331814,0.370927515,81.11,2,59108.87717,4,0.780994745,10625,Significant_Damage_And_Serious_Injuries
36.43835616,11,3,60.57429353,0.369124414,77.79,6,49860.81887,3,0.012895327,2062,Highly_Fatal_And_Damaging
47.12328767,11,0,50.77484047,0.493899026,75.67,2,37459.0866,1,0.506635385,5597,Minor_Damage_And_Injuries
34.33789954,15,19,58.84229717,0.508323837,84.82,3,52411.3767,2,0.260940879,2677,Significant_Damage_And_Serious_Injuries
56.94063927,11,1,73.42752963,0.297360981,79.63,2,32342.11069,2,0.437800105,146,Minor_Damage_And_Injuries
33.74429224,11,0,60.34639927,0.375615579,78.15,4,35867.23014,4,0.065693124,7712,Highly_Fatal_And_Damaging
68.63013699,11,2,52.82588879,0.36335449,81.79,7,54660.6343,2,0.004696116,5619,Significant_Damage_And_Serious_Injuries
36.62100457,17,0,71.55879672,0.248316625,84.93,5,36166.00391,1,0.024409047,540,Minor_Damage_And_Injuries
16.34703196,17,5,85.5515041,0.271396322,80.47,1,31850.85926,1,1.166774798,12159,Highly_Fatal_And_Damaging
43.47031963,12,3,66.86417502,0.251201587,82.66,6,36191.03222,2,0.008974208,2586,Significant_Damage_And_Serious_Injuries
42.42009132,12,10,52.55241568,0.548713307,79.89,3,37070.45485,3,0.185268595,8769,Minor_Damage_And_Injuries
67.67123288,11,1,86.59981768,0.272117562,80.66,7,38986.28694,2,0.003403008,11595,Significant_Damage_And_Fatalities
29.543379,13,7,73.38195077,0.252644068,77.09,7,23568.47262,2,0.002458955,8406,Highly_Fatal_And_Damaging
36.11872146,11,6,74.2935278,0.238940498,78.93,2,23568.47262,3,0.320229608,7789,Highly_Fatal_And_Damaging
50.2739726,16,7,54.7857794,0.599560765,80.19,7,34371.86276,3,0.003118626,4791,Significant_Damage_And_Serious_Injuries
44.79452055,8,3,52.91704649,0.426823657,79.39,1,35207.22856,2,1.292442384,8877,Significant_Damage_And_Fatalities
46.21004566,15,18,82.86235187,0.462885683,85.04,2,25814.27752,1,0.348598244,3368,Minor_Damage_And_Injuries
27.85388128,17,6,75.11394713,0.20179661,76.98,6,25719.15968,2,0.006380526,10075,Significant_Damage_And_Serious_Injuries
35.52511416,14,8,74.74931632,0.281133069,82.49,3,32708.13914,2,0.164009611,11191,Significant_Damage_And_Serious_Injuries
67.53424658,12,15,67.36554239,0.324768121,78.86,4,38011.02122,5,0.069077736,6330,Significant_Damage_And_Fatalities
51.96347032,13,8,69.4165907,0.298803462,80.03,2,32990.91494,2,0.446483482,9735,Minor_Damage_And_Injuries
41.64383562,19,9,82.86235187,0.371648756,80.43,7,29289.65176,2,0.002819382,2910,Significant_Damage_And_Fatalities
37.21461187,11,1,57.83956244,0.304573386,83.56,4,43693.77854,2,0.07961405,6308,Highly_Fatal_And_Damaging
30.91324201,16,2,62.57976299,0.339192932,80.03,3,24242.43199,2,0.120446192,9220,Significant_Damage_And_Serious_Injuries
42.05479452,16,1,45.07748405,0.663751172,81.84,7,44888.76314,3,0.004009417,1099,Highly_Fatal_And_Damaging
31.05022831,12,3,67.59343665,0.245071042,89.13,5,25170.33063,1,0.016526595,2954,Highly_Fatal_And_Damaging