Safety_Score,Days_Since_Inspection,Total_Safety_Complaints,Control_Metric,Turbulence_In_gforces,Cabin_Temperature,Accident_Type_Code,Max_Elevation,Violations,Adverse_Weather_Metric,Accident_ID,Severity
15.29680365,17,8,51.5952598,0.44485467,77.75,1,20061.65775,1,0.741000086,12278,Significant_Damage_And_Fatalities
33.88127854,11,6,72.88058341,0.33666859,81.74,4,21620.87164,1,0.039202189,156,Highly_Fatal_And_Damaging
57.26027397,11,7,55.97082954,0.409153264,82.01,6,4866.798542,2,0.001206359,3001,Highly_Fatal_And_Damaging
12.46575342,18,9,59.25250684,0.391482871,78.02,5,38017.71186,2,0.026612303,7004,Highly_Fatal_And_Damaging
46.57534247,8,10,53.96536007,0.605691309,81.72,3,39488.30147,3,0.197770829,7733,Significant_Damage_And_Fatalities
44.52054795,12,3,65.13217867,0.364796971,80.96,6,38801.36905,1,0.009819603,4515,Significant_Damage_And_Serious_Injuries
18.72146119,19,8,64.5396536,0.341717274,78.73,3,45004.81958,0,0.223615477,7215,Significant_Damage_And_Serious_Injuries
48.63013699,7,2,61.62260711,0.426102416,81.31,4,30372.7583,1,0.056187079,8579,Highly_Fatal_And_Damaging
19.17808219,16,1,76.61804923,0.327653083,86.56,2,24761.25663,4,0.33878978,10610,Highly_Fatal_And_Damaging
62.14611872,10,10,65.54238833,0.318276956,82.11,5,31152.23867,2,0.019889753,6743,Minor_Damage_And_Injuries
20.86757991,19,14,38.78760255,0.556646953,77.78,3,23849.22481,1,0.11971137,10730,Minor_Damage_And_Injuries
25.25114155,17,0,76.57247037,0.239661738,80.98,3,26632.01297,2,0.132638956,8188,Significant_Damage_And_Serious_Injuries
18.72146119,19,1,59.16134913,0.486326001,79.81,3,19494.85874,0,0.095949251,6334,Significant_Damage_And_Serious_Injuries
19.7716895,16,0,61.98723792,0.466131266,83.52,1,28817.10396,1,1.055003037,9762,Highly_Fatal_And_Damaging
22.83105023,15,2,73.42752963,0.463246304,76.19,1,34544.14446,3,1.280567924,2115,Highly_Fatal_And_Damaging
49.26940639,14,3,72.15132179,0.358305806,85.19,2,17090.31551,1,0.23468904,6131,Minor_Damage_And_Injuries
32.00913242,15,7,62.07839562,0.361190768,78.09,7,33069.86213,2,0.00322386,1074,Significant_Damage_And_Serious_Injuries
45.43378995,15,10,77.52962625,0.355060224,79.07,2,41118.89527,2,0.556606595,5776,Minor_Damage_And_Injuries
44.93150685,12,3,80.40109389,0.378139921,81.11,3,32185.69842,3,0.160231708,4924,Significant_Damage_And_Serious_Injuries
23.92694064,14,2,87.37465816,0.29627912,80.79,7,21790.73391,5,0.001720684,10029,Highly_Fatal_And_Damaging
68.03652968,8,0,85.41476755,0.434757303,85.72,5,41870.02622,3,0.028105937,12371,Minor_Damage_And_Injuries
42.32876712,12,3,65.13217867,0.403022719,81.53,3,34987.98323,0,0.173891474,8676,Significant_Damage_And_Serious_Injuries
39.36073059,10,0,57.47493163,0.435839163,81.78,3,44882.61511,2,0.225684231,6201,Highly_Fatal_And_Damaging
56.75799087,8,4,65.08659982,0.339553552,78.85,6,27305.72939,2,0.006510403,11382,Significant_Damage_And_Serious_Injuries
57.26027397,11,0,68.82406563,0.254086549,82.38,2,28510.12249,3,0.383674121,8544,Minor_Damage_And_Injuries
52.28310502,6,24,79.85414768,0.271035701,75.61,1,17927.33842,2,0.647130362,4812,Significant_Damage_And_Serious_Injuries
42.42009132,12,7,82.31540565,0.16104652,78.56,6,36929.42172,1,0.009235359,12375,Significant_Damage_And_Serious_Injuries
44.70319635,8,11,51.41294439,0.527436711,82.25,4,41018.75157,0,0.075042933,6235,Significant_Damage_And_Fatalities
69.8630137,8,7,40.51959891,0.529600433,79.15,4,37237.14474,1,0.06888479,7598,Significant_Damage_And_Serious_Injuries
28.63013699,13,2,99.95442115,0.370927515,82.49,4,27009.59537,3,0.049031446,7597,Highly_Fatal_And_Damaging
38.58447489,13,6,72.01458523,0.331619906,81.86,6,22544.98146,2,0.005603373,9299,Significant_Damage_And_Serious_Injuries
44.47488584,8,2,66.86417502,0.251201587,77.3,7,35468.9976,3,0.003327376,10157,Highly_Fatal_And_Damaging
47.89954338,11,9,74.70373747,0.33702921,78.05,3,30361.87311,1,0.151103536,10997,Significant_Damage_And_Serious_Injuries
21.32420091,21,6,82.04193254,0.360108907,78.3,4,38634.49184,2,0.07109598,7120,Minor_Damage_And_Injuries
58.08219178,14,7,61.85050137,0.491014064,81.71,6,52513.91269,3,0.012809766,2666,Significant_Damage_And_Fatalities
53.28767123,16,0,88.01276208,0.258774612,78.23,7,24842.6499,2,0.002414052,2484,Significant_Damage_And_Fatalities
51.23287671,13,14,57.38377393,0.440887847,80.81,3,29542.29355,4,0.147077299,7514,Minor_Damage_And_Injuries
52.23744292,13,1,55.56061987,0.604970069,77.3,2,33905.3514,3,0.458227397,9883,Highly_Fatal_And_Damaging
47.85388128,14,2,67.45670009,0.398334656,78.84,2,27650.34958,2,0.37362346,6163,Minor_Damage_And_Injuries
77.30593607,4,2,56.92798541,0.487768482,77.74,7,28535.2624,2,0.002918732,8874,Significant_Damage_And_Serious_Injuries
32.19178082,12,10,94.84958979,0.192781103,80.21,4,21267.70437,2,0.038851185,7501,Highly_Fatal_And_Damaging
80.59360731,8,7,87.2379216,0.285099892,80.75,1,40431.31156,0,1.498155311,4388,Significant_Damage_And_Fatalities
22.10045662,15,3,55.69735643,0.392925352,76.51,4,20862.63434,3,0.038451783,7531,Significant_Damage_And_Fatalities
16.98630137,20,9,61.349134,0.443051569,77.44,1,28746.84461,3,1.06012201,7083,Significant_Damage_And_Serious_Injuries
31.68949772,19,0,74.93163172,0.337750451,79.42,5,24905.06199,2,0.016526595,2776,Minor_Damage_And_Injuries
50.77625571,13,8,78.25888788,0.343159755,83.51,5,5573.652213,3,0.00259798,2068,Minor_Damage_And_Injuries
41.78082192,16,7,55.60619872,0.369485034,79.73,3,8981.31546,1,0.020926831,12231,Highly_Fatal_And_Damaging
33.69863014,18,10,54.55788514,0.605691309,81.66,2,32417.93017,4,0.437800105,10920,Minor_Damage_And_Injuries
58.58447489,11,3,70.19143118,0.316834475,85.64,6,19100.87039,1,0.004776066,4372,Minor_Damage_And_Injuries
45.20547945,15,1,68.64175023,0.251922827,83.74,2,33951.33867,2,0.459353706,12239,Minor_Damage_And_Injuries
47.48858447,11,9,76.75478578,0.292672917,87.47,4,42282.79204,3,0.077011311,8765,Significant_Damage_And_Serious_Injuries
44.33789954,15,14,72.01458523,0.277887486,80.35,2,22253.1682,2,0.300683552,640,Minor_Damage_And_Injuries
32.46575342,15,1,47.90337284,0.407710783,80.43,1,30380.86152,2,1.110903022,1085,Minor_Damage_And_Injuries
57.39726027,8,3,69.87237922,0.382467364,78.59,7,32554.60187,1,0.003023353,2796,Significant_Damage_And_Serious_Injuries
6.347031963,19,7,78.48678213,0.342438514,79.19,4,37616.41493,1,0.068057398,5151,Highly_Fatal_And_Damaging
45.79908676,11,17,72.24247949,0.335586729,81.85,6,34924.74183,1,0.00892827,7717,Significant_Damage_And_Serious_Injuries
28.40182648,13,5,67.27438469,0.298803462,81.26,5,28222.68698,2,0.018342642,7314,Highly_Fatal_And_Damaging
58.40182648,11,4,69.59890611,0.421414353,82.73,2,38384.43182,0,0.51935507,11335,Minor_Damage_And_Injuries
37.21461187,10,3,52.59799453,0.456033898,77.91,4,32253.3806,1,0.058339823,3,Significant_Damage_And_Fatalities
12.46575342,18,2,75.43299909,0.327292463,76,3,26734.01403,0,0.135445813,8094,Highly_Fatal_And_Damaging
51.32420091,13,1,45.48769371,0.478392355,76.48,5,48814.08678,2,0.033184857,2009,Highly_Fatal_And_Damaging
56.25570776,12,3,55.83409298,0.320440678,80.03,6,45399.19457,0,0.011291094,7894,Highly_Fatal_And_Damaging
40.86757991,13,1,69.82680036,0.416005049,75.95,3,19872.46918,4,0.098943247,7325,Significant_Damage_And_Serious_Injuries
25.57077626,14,2,50.86599818,0.527076091,76.27,4,49288.63551,3,0.091507463,3727,Significant_Damage_And_Fatalities
53.88127854,12,17,73.70100273,0.294836639,75.33,5,42688.63692,1,0.028486671,789,Minor_Damage_And_Injuries
58.99543379,14,7,64.31175934,0.40374396,79.35,1,34183.3512,1,1.256370837,8073,Significant_Damage_And_Fatalities
58.72146119,14,7,79.99088423,0.308900829,82.53,2,8232.843655,3,0.116198849,10877,Significant_Damage_And_Fatalities
22.23744292,15,1,73.60984503,0.384270465,76.05,1,38752.94775,2,1.426759956,5712,Highly_Fatal_And_Damaging
31.18721461,12,5,66.49954421,0.463967544,81.72,4,21651.04946,2,0.039455404,9997,Highly_Fatal_And_Damaging
41.50684932,16,4,84.13855971,0.273199423,78.64,6,13710.4463,3,0.003556877,9799,Minor_Damage_And_Injuries
14.52054795,17,3,52.32452142,0.330177425,77.53,4,36172.79119,1,0.066406422,12486,Significant_Damage_And_Fatalities
37.99086758,13,7,85.59708295,0.234973675,79.3,3,27724.25601,1,0.137231411,11247,Significant_Damage_And_Serious_Injuries
34.24657534,18,4,48.4958979,0.692240173,83.57,7,21741.07941,2,0.002018153,8895,Highly_Fatal_And_Damaging
22.73972603,14,0,60.48313582,0.244349802,84.15,1,21997.4295,2,0.815759669,8391,Highly_Fatal_And_Damaging
55.11415525,8,1,70.37374658,0.330898666,81.73,6,36989.08023,1,0.008557235,5084,Significant_Damage_And_Serious_Injuries
52.73972603,13,7,54.14767548,0.39076163,80.5,5,6740.557054,1,0.008530901,6389,Highly_Fatal_And_Damaging
40.73059361,13,0,53.0993619,0.3226044,77.92,6,31487.55674,1,0.007685757,3972,Minor_Damage_And_Injuries
31.14155251,12,2,54.6946217,0.448100252,77.21,6,27792.39212,5,0.006946392,4023,Significant_Damage_And_Fatalities
51.23287671,13,13,57.38377393,0.281133069,77.89,5,37713.77228,1,0.025110149,3633,Minor_Damage_And_Injuries
60.54794521,11,2,76.89152233,0.428266138,80.85,2,27009.16121,2,0.36446301,6432,Minor_Damage_And_Injuries
44.47488584,8,3,62.12397448,0.330898666,77.29,4,36408.26857,3,0.066496379,1153,Highly_Fatal_And_Damaging
43.15068493,12,21,61.03008204,0.413120087,77,3,37974.61717,1,0.189127877,8607,Significant_Damage_And_Serious_Injuries
34.74885845,14,6,74.74931632,0.263823296,77.36,7,40762.81328,2,0.003617362,8158,Significant_Damage_And_Serious_Injuries
55.89041096,8,9,78.94257065,0.361190768,79.88,2,33976.45531,3,0.458859034,5645,Significant_Damage_And_Serious_Injuries
54.84018265,9,0,87.28350046,0.277526866,79.54,2,28707.34187,2,0.38932567,8636,Significant_Damage_And_Serious_Injuries
28.90410959,13,0,68.36827712,0.398695276,76.13,1,38752.94775,3,1.426182254,11033,Highly_Fatal_And_Damaging
47.35159817,11,8,70.19143118,0.280411828,76.71,3,38924.62144,1,0.193090444,3301,Significant_Damage_And_Serious_Injuries
35.38812785,18,3,63.90154968,0.262741435,78.4,4,26880.34219,3,0.049008374,11419,Minor_Damage_And_Injuries
33.88127854,11,3,64.3573382,0.324046881,76.56,1,45972.13598,2,1.700026888,7217,Highly_Fatal_And_Damaging
20.95890411,19,2,35.82497721,0.611100613,80.9,5,15714.19012,2,0.010951118,11045,Minor_Damage_And_Injuries
26.30136986,13,10,78.66909754,0.397613415,88.74,4,30469.2344,2,0.05576251,7896,Highly_Fatal_And_Damaging
40.82191781,13,1,69.82680036,0.324046881,78.55,3,38350.71956,2,0.190986047,3083,Significant_Damage_And_Serious_Injuries
32.55707763,12,0,41.43117593,0.55340137,80.6,1,37034.40564,1,1.346364085,9870,Significant_Damage_And_Fatalities
46.89497717,18,11,66.18049225,0.37741868,81.76,5,27222.89413,1,0.019132444,1614,Significant_Damage_And_Fatalities
57.67123288,11,9,83.91066545,0.294476019,79.36,5,35847.89587,4,0.024495462,3773,Minor_Damage_And_Injuries
33.69863014,15,16,61.53144941,0.467213127,80.51,2,26021.86045,3,0.352152739,7449,Significant_Damage_And_Serious_Injuries
74.20091324,10,1,53.64630811,0.387876668,82.97,7,30551.91447,2,0.002704366,10669,Significant_Damage_And_Fatalities
67.44292237,11,3,59.11577028,0.366960692,79.21,7,27034.8777,3,0.002500161,2771,Significant_Damage_And_Fatalities
57.99086758,15,7,75.20510483,0.237858637,79.96,7,33959.19162,3,0.003234354,2498,Significant_Damage_And_Fatalities
43.19634703,15,8,60.52871468,0.315752614,77.16,2,32158.50454,0,0.432651297,6881,Minor_Damage_And_Injuries
11.50684932,18,4,31.54056518,0.584775334,77.82,3,36350.87515,3,0.181056415,598,Significant_Damage_And_Fatalities
55.93607306,8,0,64.81312671,0.365518211,76.86,6,26006.08046,3,0.006860819,10341,Significant_Damage_And_Serious_Injuries
46.89497717,14,2,97.76663628,0.370927515,79.45,7,30664.96845,2,0.00260494,10204,Minor_Damage_And_Injuries
47.89954338,7,6,67.50227894,0.257332131,75.35,5,21524.20126,3,0.014064555,8014,Highly_Fatal_And_Damaging
39.36073059,13,0,45.44211486,0.698731338,78.87,5,24600.5651,1,0.017655825,3332,Minor_Damage_And_Injuries
46.48401826,15,0,53.96536007,0.621558601,80.26,4,49696.26132,2,0.090592444,903,Highly_Fatal_And_Damaging
27.12328767,17,0,61.4402917,0.486326001,80.76,5,19494.85874,3,0.012583546,780,Significant_Damage_And_Serious_Injuries
58.85844749,7,0,53.23609845,0.584775334,80.17,2,29699.21428,3,0.401309819,12058,Minor_Damage_And_Injuries
57.03196347,11,39,60.34639927,0.403383339,76.56,5,48367.58932,2,0.032437386,2405,Minor_Damage_And_Injuries
27.71689498,13,5,57.24703737,0.308900829,78.68,2,21723.65491,1,0.300113617,6037,Highly_Fatal_And_Damaging
31.96347032,19,10,76.52689152,0.317555716,81.29,5,39152.77003,2,0.025719249,5738,Minor_Damage_And_Injuries
56.80365297,12,1,68.82406563,0.200354129,82.53,2,19364.54539,2,0.26228444,41,Minor_Damage_And_Injuries
43.10502283,9,9,66.1349134,0.317916336,80.36,4,37123.46712,1,0.067986815,1445,Highly_Fatal_And_Damaging
38.49315068,17,36,73.10847767,0.405547061,79.62,7,45751.98341,4,0.004176009,851,Minor_Damage_And_Injuries
25.11415525,14,5,66.86417502,0.478031735,78.1,4,24068.42586,1,0.043569537,9217,Highly_Fatal_And_Damaging
30.3196347,12,10,74.93163172,0.191338622,78.08,1,40754.76562,0,1.494719746,5904,Highly_Fatal_And_Damaging
45.06849315,11,35,55.28714676,0.583332853,78.43,6,22022.45204,2,0.005459989,5764,Minor_Damage_And_Injuries
40.0913242,13,12,57.52051048,0.605691309,82.2,7,38340.91776,1,0.003512413,1191,Significant_Damage_And_Serious_Injuries
26.57534247,17,2,82.08751139,0.221630725,78.7,2,35996.03593,2,0.484710456,8947,Significant_Damage_And_Serious_Injuries
50.91324201,13,0,70.60164084,0.361190768,79.75,2,31661.62881,1,0.429274158,7753,Minor_Damage_And_Injuries
57.99086758,11,1,66.63628077,0.415644428,81.78,2,37749.23125,1,0.513039501,11118,Minor_Damage_And_Injuries
17.16894977,16,0,65.17775752,0.272838803,77.29,4,38399.4551,0,0.07015033,2329,Highly_Fatal_And_Damaging
75.57077626,10,13,65.13217867,0.321161918,81.04,7,28153.68356,1,0.002606083,6048,Significant_Damage_And_Fatalities
34.70319635,11,0,70.55606199,0.33702921,79.14,2,37236.74911,0,0.503944599,10512,Highly_Fatal_And_Damaging
37.99086758,13,0,67.31996354,0.301327804,80.06,3,13192.67464,2,0.066537978,7594,Significant_Damage_And_Serious_Injuries
40.73059361,16,2,76.25341841,0.520945546,76.36,2,31290.80933,1,0.423504127,5735,Minor_Damage_And_Injuries
29.6347032,20,22,60.80218778,0.489932203,78.52,4,25239.66271,2,0.046270675,3682,Minor_Damage_And_Injuries
26.57534247,17,15,56.06198724,0.491735305,79.8,2,55535.51644,1,0.773009611,5029,Minor_Damage_And_Injuries
18.53881279,16,0,69.14311759,0.325849982,86.56,2,20815.91421,1,0.28004286,4429,Highly_Fatal_And_Damaging
29.7260274,13,21,55.65177758,0.5130119,78.63,1,31195.58135,3,1.141176238,12373,Significant_Damage_And_Fatalities
28.90410959,13,0,44.89516864,0.623001082,77.08,6,31432.12423,0,0.007844445,6213,Significant_Damage_And_Fatalities
38.44748858,13,1,56.15314494,0.413480707,80.77,2,31433.11717,3,0.426934616,2882,Minor_Damage_And_Injuries
23.88127854,18,8,58.43208751,0.28221493,76.77,6,38605.12627,0,0.009307813,9598,Significant_Damage_And_Serious_Injuries
53.65296804,9,3,42.023701,0.413120087,76.12,6,22418.79746,3,0.005389075,1152,Minor_Damage_And_Injuries
19.17808219,16,3,61.4402917,0.385712946,78.37,4,23720.17893,3,0.043471713,12141,Highly_Fatal_And_Damaging
39.45205479,20,13,70.55606199,0.293754778,77.91,7,32269.06835,0,0.00331236,10434,Significant_Damage_And_Fatalities
36.02739726,14,3,62.71649954,0.267790119,80.22,3,25474.30832,0,0.125493232,415,Significant_Damage_And_Serious_Injuries
19.543379,20,12,52.55241568,0.307818969,80.64,1,28475.16001,1,1.037197908,11128,Minor_Damage_And_Injuries
18.72146119,16,1,53.46399271,0.395449693,79.6,2,32147.41776,1,0.432651297,4766,Significant_Damage_And_Fatalities
41.68949772,19,8,45.89790337,0.668078615,78.76,6,24941.78624,1,0.006181037,185,Significant_Damage_And_Serious_Injuries
33.74429224,11,2,61.48587056,0.444133429,77.16,1,37060.22364,2,1.358396134,7903,Highly_Fatal_And_Damaging
62.00913242,6,21,33.68277119,0.668078615,79.88,1,52118.26964,4,1.907925646,2377,Minor_Damage_And_Injuries
12.69406393,18,6,75.43299909,0.285821132,76.16,4,37164.64198,3,0.06886627,2421,Highly_Fatal_And_Damaging
33.10502283,15,5,79.26162261,0.29663974,86.94,6,25373.30388,2,0.006276541,1531,Significant_Damage_And_Serious_Injuries
40.77625571,13,2,87.46581586,0.372009376,78.96,3,32133.43218,2,0.161099598,599,Significant_Damage_And_Serious_Injuries
24.93150685,17,7,72.01458523,0.413480707,83.64,6,37664.92132,2,0.009575538,8169,Significant_Damage_And_Serious_Injuries
52.92237443,9,0,82.08751139,0.22884313,80.02,3,39961.82076,1,0.199585421,6062,Significant_Damage_And_Serious_Injuries
54.52054795,12,2,73.01731996,0.321161918,80.53,5,58976.85203,3,0.035165033,1399,Minor_Damage_And_Injuries
70,8,2,72.74384686,0.427905517,80.85,5,24664.52893,2,0.016699685,7409,Minor_Damage_And_Injuries
30.1369863,12,2,32.45214221,0.678175983,78.51,7,49288.63551,1,0.004546718,2221,Significant_Damage_And_Fatalities
39.13242009,13,3,69.00638104,0.203960332,81.39,3,33523.70234,2,0.167563589,4069,Significant_Damage_And_Serious_Injuries
22.60273973,15,25,61.03008204,0.298803462,86.58,1,41118.82065,3,1.507345894,9527,Highly_Fatal_And_Damaging
23.65296804,18,0,76.61804923,0.233891814,79.53,4,26632.01297,1,0.048897582,9683,Significant_Damage_And_Serious_Injuries
28.90410959,13,2,52.78030994,0.280411828,80.61,1,26412.32563,2,0.978578768,4068,Highly_Fatal_And_Damaging
36.94063927,11,0,68.64175023,0.250840966,76.63,2,32800.83687,2,0.443077513,9825,Highly_Fatal_And_Damaging
37.21461187,10,2,59.98176846,0.268150739,78.02,2,34616.53373,4,0.469625726,2378,Highly_Fatal_And_Damaging
21.91780822,18,12,75.15952598,0.428626758,87.43,6,34859.8064,0,0.009170721,11470,Significant_Damage_And_Serious_Injuries
41.73515982,19,11,42.79854148,0.537894699,76.6,6,51044.70911,2,0.012681301,10417,Significant_Damage_And_Serious_Injuries
37.85388128,14,5,71.92342753,0.277887486,76.96,3,35906.44155,1,0.178379781,11477,Significant_Damage_And_Serious_Injuries
41.18721461,9,12,70.87511395,0.359387667,88.39,4,35683.71709,1,0.065019931,11583,Highly_Fatal_And_Damaging
29.543379,20,4,76.48131267,0.281493689,76.68,7,30384.11425,4,0.002819382,3114,Minor_Damage_And_Injuries
36.16438356,17,1,55.01367366,0.479113595,82.31,1,27752.86709,2,1.010362078,1010,Highly_Fatal_And_Damaging
51.78082192,10,1,69.14311759,0.408792643,81.57,3,44701.64858,3,0.224922205,9107,Significant_Damage_And_Serious_Injuries
23.01369863,14,22,73.42752963,0.338471691,79.81,1,16868.75078,2,0.647130362,9600,Highly_Fatal_And_Damaging
34.47488584,11,8,65.99817685,0.399055896,75.8,2,12376.56137,2,0.159784288,5098,Highly_Fatal_And_Damaging
45.06849315,11,14,72.01458523,0.326210602,79.6,6,34481.22582,3,0.008922525,11172,Significant_Damage_And_Serious_Injuries
24.79452055,14,10,87.46581586,0.263823296,78.76,2,21718.09961,3,0.292872789,12428,Highly_Fatal_And_Damaging
55.06849315,9,1,68.14038286,0.213697079,81.59,6,22389.38063,2,0.005383992,6652,Significant_Damage_And_Serious_Injuries
37.39726027,14,7,61.4402917,0.352175261,81.63,6,31993.45889,3,0.00812808,4591,Significant_Damage_And_Serious_Injuries
30.91324201,16,7,72.88058341,0.406989542,76.18,6,24411.82913,2,0.006335679,4589,Significant_Damage_And_Serious_Injuries
41.73515982,16,6,72.56153145,0.268150739,77.36,5,30465.08999,2,0.020353891,5747,Minor_Damage_And_Injuries
25.11415525,14,9,65.86144029,0.28257555,77.87,4,21541.92082,2,0.039585139,11273,Highly_Fatal_And_Damaging
51.27853881,13,13,59.16134913,0.421774973,79.58,2,38666.04541,1,0.522405012,8950,Minor_Damage_And_Injuries
78.21917808,9,12,63.26344576,0.49894771,77.62,3,29542.29355,2,0.147316875,8826,Significant_Damage_And_Fatalities
30.50228311,12,0,79.53509572,0.22812189,77,3,36048.48236,1,0.17869972,1595,Highly_Fatal_And_Damaging
48.26484018,10,38,62.16955333,0.52527299,77.62,1,42049.77575,3,1.534797942,7321,Significant_Damage_And_Serious_Injuries
43.60730594,12,3,45.80674567,0.545828345,83.72,6,23588.1188,3,0.006319492,10431,Minor_Damage_And_Injuries
57.94520548,4,4,40.56517776,0.44521529,77.46,2,33751.11217,2,0.454618024,6176,Significant_Damage_And_Fatalities
62.69406393,6,21,48.58705561,0.541140281,83.71,3,23595.24914,3,0.116827129,6315,Minor_Damage_And_Injuries
48.99543379,14,5,71.0118505,0.427184277,77.89,5,47101.48575,1,0.032150674,4415,Minor_Damage_And_Injuries
40.1369863,13,12,51.09389243,0.575759827,82.2,4,20654.0788,4,0.037068358,10967,Minor_Damage_And_Injuries
36.66666667,10,11,65.72470374,0.358305806,75.8,4,20412.14434,2,0.037949075,5341,Highly_Fatal_And_Damaging
34.61187215,11,5,74.88605287,0.300606563,78.93,4,30077.41619,2,0.05443928,6466,Highly_Fatal_And_Damaging
60.3652968,7,21,52.09662716,0.581529751,77.62,2,34473.79944,3,0.46754898,1236,Minor_Damage_And_Injuries
73.33333333,7,6,64.99544211,0.371648756,81.14,2,36844.46116,2,0.503141111,7741,Minor_Damage_And_Injuries
20.1826484,15,3,62.57976299,0.44485467,80.44,1,20870.10164,2,0.768085134,4705,Highly_Fatal_And_Damaging
69.36073059,8,1,71.0118505,0.231006852,79.09,5,28767.49214,2,0.020865409,5082,Minor_Damage_And_Injuries
35.57077626,11,7,54.8769371,0.450263974,81.56,4,48905.77088,2,0.088648827,10676,Significant_Damage_And_Fatalities
30.1369863,13,11,67.22880583,0.357223945,80.71,7,27170.40517,3,0.002378405,8341,Highly_Fatal_And_Damaging
52.96803653,9,3,45.39653601,0.478392355,78.61,6,23588.1188,2,0.00640985,3202,Minor_Damage_And_Injuries
42.46575342,16,8,55.05925251,0.382106744,78.83,3,6543.689337,2,0.032579111,3744,Highly_Fatal_And_Damaging
46.25570776,15,18,70.64721969,0.179438154,77.03,4,32958.70939,3,0.060060354,3570,Minor_Damage_And_Injuries
33.78995434,15,0,80.35551504,0.196387306,80.54,3,32301.81909,1,0.160231708,3300,Significant_Damage_And_Serious_Injuries
47.53424658,18,0,57.74840474,0.395810314,77.27,7,31533.39615,4,0.002822372,4703,Significant_Damage_And_Fatalities
52.87671233,9,0,73.33637192,0.432954201,87.23,6,25667.65307,0,0.00640985,331,Significant_Damage_And_Serious_Injuries
44.56621005,8,0,62.12397448,0.278608727,76.89,4,21402.76011,3,0.039577916,5249,Highly_Fatal_And_Damaging
34.93150685,14,22,72.698268,0.186650559,80.05,3,26471.40049,2,0.132616662,7226,Significant_Damage_And_Serious_Injuries
63.69863014,6,6,63.30902461,0.373451857,79.82,2,42303.406,0,0.56890846,11333,Significant_Damage_And_Serious_Injuries
52.37442922,6,16,53.91978122,0.427905517,82.82,6,36056.32474,3,0.008692415,3579,Significant_Damage_And_Fatalities
73.42465753,7,10,79.48951686,0.289066715,78.01,2,29881.47307,2,0.405867134,8591,Minor_Damage_And_Injuries
65.79908676,9,18,68.96080219,0.25516841,83.32,2,30479.98025,4,0.409374818,3830,Minor_Damage_And_Injuries
46.62100457,8,15,65.22333637,0.389319149,80.77,7,36384.88629,2,0.003044578,8520,Highly_Fatal_And_Damaging
20.1826484,19,0,35.82497721,0.754627479,77.86,3,40580.03774,1,0.201830705,9496,Minor_Damage_And_Injuries
56.75799087,8,4,82.45214221,0.275002524,81.38,6,22753.31325,1,0.005326978,2365,Significant_Damage_And_Serious_Injuries
16.80365297,16,14,75.66089335,0.2959185,76.6,4,34703.88599,0,0.063183915,6040,Highly_Fatal_And_Damaging
32.14611872,12,2,54.14767548,0.384270465,81.89,4,36753.9007,3,0.067079708,8457,Significant_Damage_And_Fatalities
33.24200913,15,2,63.67365542,0.298442842,81.49,3,38976.34068,0,0.194340687,397,Significant_Damage_And_Serious_Injuries
23.42465753,15,0,75.43299909,0.305294627,79.28,4,26233.45234,3,0.048506476,9342,Highly_Fatal_And_Damaging
63.15068493,6,0,80.08204193,0.200354129,77.95,3,32088.97925,2,0.159919771,7396,Significant_Damage_And_Serious_Injuries
43.56164384,9,7,83.7739289,0.358305806,80.71,3,34481.22582,2,0.170645149,6893,Highly_Fatal_And_Damaging
40.77625571,9,0,68.73290793,0.146261089,81.53,4,19364.54539,2,0.035988174,1907,Highly_Fatal_And_Damaging
73.33333333,7,0,60.84776664,0.406268301,74.85,3,31282.03778,2,0.155473833,8092,Minor_Damage_And_Injuries
24.88584475,14,19,59.48040109,0.448460873,79.37,4,34205.12781,2,0.061947518,9646,Highly_Fatal_And_Damaging
32.37442922,12,5,48.90610757,0.43187234,78.23,1,24605.47132,2,0.890281948,12220,Highly_Fatal_And_Damaging
45.79908676,11,2,75.25068368,0.168258925,81.61,3,39961.82076,3,0.198336005,11450,Significant_Damage_And_Serious_Injuries
37.48858447,10,0,73.70100273,0.291591057,78.65,4,23690.6304,1,0.043884561,5289,Highly_Fatal_And_Damaging
27.16894977,13,4,54.19325433,0.599560765,82.27,3,26959.61317,3,0.134776273,11747,Highly_Fatal_And_Damaging
53.47031963,16,0,76.48131267,0.260217093,82.97,4,40666.47071,4,0.073676815,6464,Significant_Damage_And_Fatalities
18.90410959,19,1,60.02734731,0.508323837,80.19,3,51650.72424,3,0.253327402,11737,Significant_Damage_And_Serious_Injuries
47.12328767,14,6,66.08933455,0.30998269,83.82,2,22925.93204,2,0.31375562,9973,Minor_Damage_And_Injuries
45.34246575,15,14,72.01458523,0.277887486,76.92,1,30479.0843,3,1.130367137,11232,Minor_Damage_And_Injuries
45.02283105,15,3,57.70282589,0.482359178,85.24,2,28957.80882,3,0.392272812,2060,Minor_Damage_And_Injuries
44.56621005,12,3,65.13217867,0.354699603,78.69,3,27584.05649,2,0.1382916,2832,Significant_Damage_And_Serious_Injuries