Safety_Score,Days_Since_Inspection,Total_Safety_Complaints,Control_Metric,Turbulence_In_gforces,Cabin_Temperature,Accident_Type_Code,Max_Elevation,Violations,Adverse_Weather_Metric,Accident_ID,Severity
30.73059361,12,1,55.24156791,0.35037216,80.27,4,32058.5032,4,0.05941457,150,Significant_Damage_And_Fatalities
37.07762557,14,0,56.51777575,0.365878832,80.71,2,20955.04161,1,0.283595649,5864,Minor_Damage_And_Injuries
46.43835616,11,0,50.77484047,0.500390191,77.95,2,29784.27436,3,0.401309819,6621,Minor_Damage_And_Injuries
43.69863014,8,4,68.36827712,0.25516841,79.94,5,26636.76857,3,0.018989774,5360,Highly_Fatal_And_Damaging
24.38356164,14,4,83.68277119,0.198911648,78.99,2,12221.251,3,0.153524646,4489,Highly_Fatal_And_Damaging
35.98173516,11,4,78.07657247,0.205763433,76.89,2,26232.98814,2,0.354201915,8691,Highly_Fatal_And_Damaging
32.28310502,15,1,35.68824066,0.881926433,78.37,3,20326.14326,2,0.10246979,6421,Minor_Damage_And_Injuries
32.87671233,15,2,77.62078396,0.298442842,81.32,3,26632.01297,2,0.132439527,8328,Significant_Damage_And_Serious_Injuries
42.55707763,9,3,63.94712853,0.245431662,83.74,1,29887.2365,3,1.107264599,4403,Highly_Fatal_And_Damaging
37.30593607,14,0,57.52051048,0.244349802,79.64,3,45969.45269,0,0.228432043,5235,Significant_Damage_And_Serious_Injuries
22.19178082,15,1,55.69735643,0.505438875,77.17,6,33350.46818,1,0.008571062,3425,Significant_Damage_And_Fatalities
63.88127854,13,4,78.66909754,0.308900829,79.83,2,29157.10744,3,0.395623223,1797,Significant_Damage_And_Fatalities
30.77625571,12,2,76.48131267,0.264905157,79.8,7,35683.77174,2,0.003264625,3087,Highly_Fatal_And_Damaging
49.45205479,14,1,51.91431176,0.53897656,77.92,2,21656.81322,2,0.292872789,4389,Highly_Fatal_And_Damaging
34.47488584,11,0,89.60802188,0.259135233,74.86,2,18890.36474,3,0.264253744,10143,Highly_Fatal_And_Damaging
21.46118721,15,1,71.0118505,0.206484674,79.09,3,22172.72266,3,0.110911641,501,Highly_Fatal_And_Damaging
72.14611872,11,7,64.40291705,0.320801298,81.04,2,26020.76342,2,0.352325724,3255,Significant_Damage_And_Fatalities
64.33789954,9,1,91.20328168,0.217663902,79.73,5,35847.89587,1,0.025344491,1545,Minor_Damage_And_Injuries
30.77625571,12,3,76.48131267,0.271035701,76.42,4,34703.88599,1,0.063078229,610,Highly_Fatal_And_Damaging
13.92694064,21,7,68.77848678,0.28329679,76.61,3,40238.33209,1,0.199990449,9638,Significant_Damage_And_Serious_Injuries
34.10958904,15,1,70.19143118,0.357223945,78.59,2,20683.22452,1,0.280846251,5112,Significant_Damage_And_Serious_Injuries
15.20547945,20,13,76.75478578,0.298803462,79.22,6,30176.47025,2,0.007548232,1309,Significant_Damage_And_Serious_Injuries
77.89954338,5,6,58.61440292,0.473704291,83.26,2,26314.0707,3,0.355905702,5687,Minor_Damage_And_Injuries
76.39269406,9,9,69.96353692,0.331619906,78.28,6,12204.9766,1,0.003418416,6814,Significant_Damage_And_Fatalities
21.73515982,15,13,56.65451231,0.400137757,77.9,4,16337.43249,4,0.02835983,9044,Significant_Damage_And_Fatalities
23.60730594,18,3,80.44667274,0.303130905,78.63,3,29807.37933,2,0.147692401,7286,Significant_Damage_And_Serious_Injuries
16.16438356,17,5,85.41476755,0.481637937,86.43,2,53908.79751,0,0.695200433,6744,Highly_Fatal_And_Damaging
45.20547945,15,1,81.81403829,0.338111071,79.54,5,34289.01431,1,0.023608923,1967,Minor_Damage_And_Injuries
36.75799087,14,1,58.93345488,0.540419041,77.17,3,38800.96731,2,0.192532112,4538,Significant_Damage_And_Serious_Injuries
31.09589041,16,3,62.57976299,0.307818969,78.31,4,37731.01544,3,0.069867542,4695,Significant_Damage_And_Serious_Injuries
50.82191781,10,1,81.22151322,0.254447169,79.04,6,24609.03355,2,0.006124302,3307,Significant_Damage_And_Serious_Injuries
27.39726027,17,4,71.64995442,0.438724125,79.77,6,20743.33747,2,0.005098132,2541,Significant_Damage_And_Serious_Injuries
47.03196347,14,17,69.4165907,0.440887847,79.36,2,18466.43025,2,0.250925151,3583,Minor_Damage_And_Injuries
32.55707763,15,5,47.90337284,0.409513884,81.18,3,45582.96994,3,0.227122916,8995,Minor_Damage_And_Injuries
64.65753425,9,12,40.51959891,0.438724125,75.12,2,31925.27555,3,0.433893499,9758,Highly_Fatal_And_Damaging
60.2283105,7,9,88.46855059,0.313228273,83.99,6,20210.96474,1,0.00520289,9928,Significant_Damage_And_Serious_Injuries
30.2283105,12,10,74.93163172,0.265626397,80.21,5,36804.68065,3,0.024227215,6494,Highly_Fatal_And_Damaging
68.49315068,11,1,60.71103008,0.338111071,79.19,6,42105.72256,2,0.009733825,1059,Significant_Damage_And_Fatalities
36.52968037,14,3,59.52597995,0.514093761,77.33,3,29091.2627,2,0.145829384,6870,Significant_Damage_And_Serious_Injuries
26.48401826,13,25,70.69279854,0.205042193,82.45,4,32958.70939,2,0.060278287,3012,Highly_Fatal_And_Damaging
39.36073059,13,17,73.33637192,0.333423008,78.68,3,32560.29012,1,0.162427777,9067,Significant_Damage_And_Serious_Injuries
28.67579909,13,6,62.7620784,0.279690588,80.86,4,43459.93175,2,0.080032343,5620,Highly_Fatal_And_Damaging
57.07762557,8,12,61.21239745,0.341356653,77.03,6,33284.93084,2,0.008510169,351,Significant_Damage_And_Serious_Injuries
39.6347032,17,17,67.8213309,0.330538045,76.92,4,31867.72783,2,0.058588425,7258,Minor_Damage_And_Injuries
24.79452055,14,16,62.03281677,0.456394519,77.52,6,19093.08225,2,0.004278344,1603,Highly_Fatal_And_Damaging
20.1826484,15,0,64.12944394,0.368763794,80.44,4,31164.45231,2,0.057671472,3145,Highly_Fatal_And_Damaging
49.45205479,14,4,68.09480401,0.240022358,80.84,1,43568.48792,1,1.629170565,1709,Minor_Damage_And_Injuries
45.06849315,15,3,72.24247949,0.248677245,78.31,2,39338.09069,2,0.532765184,8312,Minor_Damage_And_Injuries
58.44748858,7,5,80.62898815,0.502914533,78.44,3,33346.78557,0,0.166467316,1610,Significant_Damage_And_Serious_Injuries
16.16438356,17,3,71.37648131,0.331259286,80.37,4,34800.64658,3,0.063847963,11706,Highly_Fatal_And_Damaging
63.28767123,9,1,53.23609845,0.457476379,84.41,2,26042.99344,3,0.352417125,3703,Highly_Fatal_And_Damaging
36.71232877,10,11,69.09753874,0.374894338,76.74,3,21037.27854,1,0.103310533,3094,Highly_Fatal_And_Damaging
46.16438356,11,10,59.5715588,0.529600433,82.23,3,34305.08534,1,0.1720013,6679,Significant_Damage_And_Serious_Injuries
26.02739726,14,0,60.34639927,0.281493689,78.09,4,38448.98191,3,0.07076495,10839,Highly_Fatal_And_Damaging
32.05479452,15,3,70.00911577,0.25552903,75.55,3,24386.64992,0,0.122427914,9887,Significant_Damage_And_Serious_Injuries
27.39726027,17,2,73.47310848,0.311064551,78.87,3,49086.32798,3,0.241790541,3000,Significant_Damage_And_Serious_Injuries
16.11872146,17,3,51.5952598,0.524191129,75.21,4,24455.0852,1,0.044566011,244,Significant_Damage_And_Fatalities
39.9543379,13,4,77.07383774,0.321161918,77.11,4,35409.76276,2,0.06558602,11338,Significant_Damage_And_Serious_Injuries
44.42922374,8,3,62.16955333,0.278608727,78.8,4,21693.82358,2,0.039778087,6958,Highly_Fatal_And_Damaging
54.84018265,12,1,68.86964448,0.281493689,81.99,4,38968.23652,3,0.071211938,6168,Minor_Damage_And_Injuries
42.64840183,16,3,65.99817685,0.423938695,76.92,2,23197.32945,1,0.311931453,672,Minor_Damage_And_Injuries
42.10045662,20,9,69.18869644,0.331980527,77.07,2,23214.49122,2,0.311631545,5472,Significant_Damage_And_Fatalities
67.53424658,8,1,48.90610757,0.541140281,78.31,3,30982.48581,3,0.15401046,10802,Significant_Damage_And_Serious_Injuries
36.21004566,11,5,52.96262534,0.426823657,81.46,4,50669.62755,2,0.093491646,10444,Significant_Damage_And_Fatalities
30.2283105,12,6,62.12397448,0.232088713,81.27,1,20285.71129,2,0.742435605,10731,Highly_Fatal_And_Damaging
49.17808219,14,6,57.11030082,0.447379012,85.91,2,32017.11885,1,0.433893499,8797,Minor_Damage_And_Injuries
59.9543379,10,17,59.07019143,0.447018392,77.26,2,38165.42072,2,0.516166765,10563,Minor_Damage_And_Injuries
50.50228311,10,6,78.30446673,0.381024883,78.83,3,29906.05373,1,0.149886331,1509,Significant_Damage_And_Serious_Injuries
43.37899543,15,3,65.99817685,0.331980527,77.81,5,46572.48254,0,0.031131125,3185,Minor_Damage_And_Injuries
83.69863014,3,10,55.15041021,0.604609448,81.81,5,32060.90826,3,0.022453057,11550,Highly_Fatal_And_Damaging
24.24657534,18,3,75.7976299,0.302770285,79.37,4,34489.27966,2,0.063340485,1220,Significant_Damage_And_Serious_Injuries
33.05936073,12,3,82.1786691,0.434757303,80.66,1,24605.47132,0,0.905184704,4121,Highly_Fatal_And_Damaging
38.03652968,13,5,40.29170465,0.518421204,77.91,6,26015.96294,2,0.006946392,10084,Minor_Damage_And_Injuries
40.63926941,13,0,58.88787603,0.531042914,81.72,2,41604.61056,3,0.559006908,6780,Significant_Damage_And_Serious_Injuries
48.90410959,14,1,68.41385597,0.2425467,77.99,1,34302.72585,2,1.26281554,1190,Minor_Damage_And_Injuries
54.29223744,16,20,64.03828624,0.308540209,81.8,7,15738.4878,3,0.001429418,3869,Significant_Damage_And_Fatalities
50.2739726,13,0,62.9443938,0.321522539,78.72,2,30580.75163,1,0.416258197,104,Minor_Damage_And_Injuries
63.33333333,6,9,52.50683683,0.311064551,78.37,3,29734.44134,1,0.147944221,9076,Minor_Damage_And_Injuries
25.29680365,14,0,48.58705561,0.590545258,82.2,3,37436.73221,1,0.185908103,8100,Significant_Damage_And_Fatalities
29.22374429,16,7,49.49863263,0.397252795,77.75,1,23086.07039,1,0.845845626,1201,Minor_Damage_And_Injuries
52.51141553,9,14,51.5041021,0.5396978,79.75,7,30336.89053,1,0.00277624,6936,Minor_Damage_And_Injuries
45.70776256,11,1,81.90519599,0.226679409,81.82,6,40532.78544,2,0.009456813,1943,Significant_Damage_And_Serious_Injuries
52.46575342,13,3,69.91795807,0.338832312,79.75,4,32908.29368,3,0.059580342,9269,Minor_Damage_And_Injuries
29.22374429,13,3,58.1586144,0.355420844,77.89,4,36292.19498,1,0.066766997,7518,Highly_Fatal_And_Damaging
16.98630137,20,3,64.4484959,0.341717274,80.44,6,40209.18634,1,0.010102085,7070,Significant_Damage_And_Serious_Injuries
47.85388128,14,2,41.8413856,0.585496574,77.74,3,22470.37473,3,0.112551767,1741,Highly_Fatal_And_Damaging
35.70776256,14,8,74.74931632,0.28257555,78.54,1,38907.60335,1,1.445369612,10648,Significant_Damage_And_Serious_Injuries
31.96347032,19,17,55.69735643,0.496423368,80.67,5,25239.66271,1,0.016699685,10244,Minor_Damage_And_Injuries
61.32420091,10,2,65.36007293,0.578644789,80.98,7,25173.32812,2,0.002354009,1361,Minor_Damage_And_Injuries
26.21004566,14,1,73.10847767,0.306015867,79.28,7,30938.821,1,0.002778057,9443,Highly_Fatal_And_Damaging
37.67123288,14,0,68.04922516,0.311064551,78.82,3,25093.12607,3,0.12433665,4713,Significant_Damage_And_Serious_Injuries
50.73059361,10,18,54.74020055,0.37741868,80.98,3,22792.0342,1,0.113684532,2674,Significant_Damage_And_Serious_Injuries
49.7260274,7,0,72.97174111,0.391482871,78.77,1,37933.399,2,1.395491763,9877,Highly_Fatal_And_Damaging
56.48401826,12,0,73.19963537,0.260938334,80.34,2,41247.21387,1,0.56296677,6332,Minor_Damage_And_Injuries
41.68949772,19,6,62.62534184,0.427184277,80.95,7,30627.02389,4,0.002567284,10818,Significant_Damage_And_Fatalities
49.08675799,14,3,79.12488605,0.301327804,82.11,2,27206.77747,1,0.367490582,3452,Minor_Damage_And_Injuries
53.10502283,13,0,43.66453965,0.735153985,77.25,6,39083.41233,1,0.01002475,2200,Highly_Fatal_And_Damaging
71.78082192,11,7,75.52415679,0.281493689,87.47,7,25716.03912,2,0.002346066,6674,Significant_Damage_And_Fatalities
40.91324201,13,2,55.51504102,0.550877028,82.46,4,28454.4614,2,0.052019506,1241,Minor_Damage_And_Injuries
46.43835616,15,0,67.86690975,0.381024883,76.23,4,37340.64067,2,0.068057398,2816,Minor_Damage_And_Injuries
12.69406393,17,8,66.08933455,0.268150739,77.56,6,19463.3736,2,0.004332081,5011,Highly_Fatal_And_Damaging
47.62557078,7,2,58.97903373,0.449182113,78.09,7,14251.91589,1,0.00145524,342,Highly_Fatal_And_Damaging
51.00456621,10,12,46.7183227,0.410595745,83.57,3,23634.91707,2,0.117866214,6060,Minor_Damage_And_Injuries
52.28310502,9,12,61.48587056,0.418529391,82.45,4,36742.49659,1,0.067711449,12434,Significant_Damage_And_Serious_Injuries
44.33789954,8,14,61.48587056,0.267790119,78.02,4,27986.8546,3,0.051656492,11394,Highly_Fatal_And_Damaging
59.40639269,11,18,76.93710119,0.381746123,76.56,5,33358.98408,1,0.02160247,5629,Minor_Damage_And_Injuries
57.53424658,11,0,47.35642662,0.510848179,79.92,2,29673.45967,1,0.403561046,7738,Highly_Fatal_And_Damaging
29.04109589,20,3,48.67821331,0.510848179,78.9,5,33391.28694,2,0.022389162,10093,Highly_Fatal_And_Damaging
50.2739726,13,5,57.06472197,0.370927515,85.6,3,29319.10603,3,0.144959688,10578,Highly_Fatal_And_Damaging
50.50228311,7,0,75.84320875,0.293394158,80.5,4,27206.77747,1,0.050406015,3723,Highly_Fatal_And_Damaging
71.78082192,11,7,69.55332726,0.238940498,75.13,7,32421.10812,1,0.003309241,5380,Significant_Damage_And_Fatalities
45.89041096,11,3,82.90793072,0.346405337,77.63,6,26954.6668,3,0.006656118,2537,Significant_Damage_And_Serious_Injuries
22.64840183,15,15,60.61987238,0.472622431,78.16,4,23345.02957,2,0.042786406,11195,Highly_Fatal_And_Damaging
15.75342466,20,19,74.2023701,0.217303282,76.8,3,42461.70044,1,0.212462296,3626,Significant_Damage_And_Serious_Injuries
52.37442922,9,6,53.1905196,0.575759827,83.39,2,31122.64585,3,0.421126243,9692,Minor_Damage_And_Injuries
48.31050228,10,4,100,0.209009016,78.58,2,39190.53631,4,0.528221263,6396,Significant_Damage_And_Serious_Injuries
19.36073059,19,0,59.98176846,0.639589614,77.83,4,35901.48037,2,0.066496379,5860,Significant_Damage_And_Serious_Injuries
24.70319635,18,1,63.85597083,0.37741868,81.82,3,43672.61801,1,0.215423035,1524,Significant_Damage_And_Serious_Injuries
47.71689498,11,6,66.90975387,0.419971872,79.22,1,27346.33666,3,0.993891141,187,Significant_Damage_And_Serious_Injuries
33.01369863,12,1,48.3135825,0.673127299,83.58,1,39741.34628,1,1.459713058,1205,Significant_Damage_And_Fatalities
43.97260274,9,6,80.5834093,0.240382979,77.87,4,31213.75222,2,0.057623062,6073,Highly_Fatal_And_Damaging
37.80821918,14,0,74.74931632,0.324046881,78.95,6,15748.13414,1,0.003556877,2446,Significant_Damage_And_Serious_Injuries
48.53881279,14,4,80.53783045,0.249759106,82.28,5,33385.14826,2,0.022416107,8056,Minor_Damage_And_Injuries
52.51141553,13,15,58.02187785,0.511208799,83.6,5,43319.38364,1,0.030281399,1381,Minor_Damage_And_Injuries
45.20547945,11,16,76.75478578,0.197108547,81.1,5,19340.25511,2,0.012833612,1299,Significant_Damage_And_Serious_Injuries
42.46575342,16,5,55.05925251,0.307097728,82,2,32919.05248,1,0.442575446,9075,Highly_Fatal_And_Damaging
18.17351598,16,10,59.07019143,0.576481067,78.91,1,35600.21888,2,1.311663918,9415,Highly_Fatal_And_Damaging
37.30593607,17,7,67.68459435,0.375254959,80.95,5,31993.45889,4,0.021647601,6032,Minor_Damage_And_Injuries
39.45205479,10,6,76.61804923,0.258774612,76.77,4,42899.25088,2,0.07929952,4150,Highly_Fatal_And_Damaging
66.25570776,12,5,68.73290793,0.335586729,78.63,4,14894.16202,1,0.027279609,7599,Significant_Damage_And_Fatalities
22.96803653,15,7,65.31449407,0.274641904,77.99,1,28921.61765,1,1.064833705,4655,Highly_Fatal_And_Damaging
30.95890411,16,3,62.62534184,0.427184277,80.06,6,40669.4426,2,0.009796937,2428,Significant_Damage_And_Serious_Injuries
50.82191781,10,0,69.69006381,0.321161918,78.94,3,19100.87039,3,0.09418704,5154,Significant_Damage_And_Serious_Injuries
40.86757991,9,34,51.91431176,0.488489722,78.5,1,34151.70015,2,1.249058097,7709,Significant_Damage_And_Fatalities
35.38812785,11,34,60.02734731,0.367321313,75.21,5,52988.59629,1,0.033621042,11126,Highly_Fatal_And_Damaging
41.68949772,13,17,76.02552416,0.388237288,79.64,6,30310.85218,1,0.007513309,5105,Significant_Damage_And_Serious_Injuries
22.78538813,15,4,37.28350046,0.695485755,78.51,6,21762.69878,1,0.005383992,10907,Significant_Damage_And_Fatalities
20.2283105,15,8,51.36736554,0.502914533,81.93,4,40129.17934,2,0.074519712,1215,Significant_Damage_And_Fatalities
62.10045662,14,5,55.28714676,0.405186441,75.4,7,42110.17765,2,0.004052827,4478,Significant_Damage_And_Serious_Injuries
39.8173516,13,0,72.19690064,0.373451857,78.55,3,44236.01775,5,0.221481273,4737,Significant_Damage_And_Serious_Injuries
39.9543379,13,0,77.3928897,0.465049405,75.95,3,26777.3964,1,0.133100818,7538,Significant_Damage_And_Serious_Injuries
65.34246575,4,7,64.22060164,0.273199423,86.43,2,30706.35477,2,0.416258197,4609,Highly_Fatal_And_Damaging
56.71232877,15,2,66.54512306,0.423217454,77.32,6,27034.8777,4,0.006916604,6560,Significant_Damage_And_Fatalities
44.79452055,8,6,53.91978122,0.300967184,81.97,4,34748.48773,3,0.063932188,4805,Significant_Damage_And_Fatalities
36.39269406,14,2,79.21604376,0.187371799,79.52,3,29033.79042,4,0.145971234,2262,Significant_Damage_And_Serious_Injuries
36.57534247,14,3,71.05742935,0.29555788,79.28,7,42628.51041,0,0.003804788,8001,Significant_Damage_And_Serious_Injuries
21.50684932,15,5,62.71649954,0.330898666,82.39,6,31864.78987,2,0.008000398,11472,Highly_Fatal_And_Damaging
29.8630137,12,6,66.1349134,0.223433826,81.28,6,53751.55782,1,0.01279394,2511,Highly_Fatal_And_Damaging
42.83105023,15,4,57.24703737,0.372009376,79.22,7,24523.02714,4,0.002331671,9098,Minor_Damage_And_Injuries
46.02739726,15,3,71.19416591,0.29555788,78.31,5,37043.29196,2,0.024495462,10529,Minor_Damage_And_Injuries
41.68949772,16,6,87.10118505,0.312146412,84.48,2,30992.04278,2,0.417827928,6663,Minor_Damage_And_Injuries
17.48858447,16,1,49.95442115,0.362272629,79.07,6,36511.61432,2,0.008265888,11945,Significant_Damage_And_Fatalities
22.92237443,14,3,50.22789426,0.362272629,79.31,3,31908.04001,2,0.15855647,6640,Highly_Fatal_And_Damaging
33.56164384,18,6,54.19325433,0.598118283,82.96,5,38340.91776,2,0.025671263,600,Minor_Damage_And_Injuries
19.7260274,16,1,54.9680948,0.505438875,80.47,4,30056.89894,4,0.054445065,3614,Significant_Damage_And_Fatalities
21.23287671,15,0,67.45670009,0.523469888,78.41,4,40580.03774,4,0.074519712,10565,Highly_Fatal_And_Damaging
42.14611872,12,0,43.84685506,0.707386224,80.13,7,44090.84961,3,0.003761259,11732,Minor_Damage_And_Injuries
52.92237443,9,0,80.44667274,0.17475009,81.83,3,19352.87618,2,0.094561641,11893,Significant_Damage_And_Serious_Injuries
71.59817352,7,19,70.51048314,0.555925712,77.02,3,34820.37956,3,0.173066681,579,Minor_Damage_And_Injuries
77.89954338,3,2,57.52051048,0.383188604,82.97,7,44792.42195,3,0.003790467,10021,Minor_Damage_And_Injuries
63.33333333,10,12,65.99817685,0.337750451,80.01,3,36742.49659,1,0.182958865,8629,Minor_Damage_And_Injuries
48.63013699,7,22,63.12670921,0.551958889,78.24,4,36653.79366,2,0.06791806,2340,Highly_Fatal_And_Damaging
77.76255708,8,30,45.89790337,0.672406058,75.91,7,40193.96412,2,0.003682046,709,Significant_Damage_And_Serious_Injuries
37.21461187,14,19,60.25524157,0.582250992,77.86,3,25825.92085,2,0.128453569,554,Significant_Damage_And_Serious_Injuries
51.27853881,10,16,70.69279854,0.392204111,76.98,4,49233.34871,2,0.090849753,9062,Significant_Damage_And_Serious_Injuries
31.18721461,15,0,69.14311759,0.304573386,79.57,3,39125.3306,0,0.196190986,6252,Significant_Damage_And_Serious_Injuries
82.28310502,8,13,45.89790337,0.630213487,78.5,4,32142.7804,2,0.058588425,2592,Significant_Damage_And_Serious_Injuries
48.17351598,14,4,69.87237922,0.274641904,77.52,2,16673.2615,2,0.232539482,6804,Minor_Damage_And_Injuries
50.59360731,13,20,77.16499544,0.356142084,83.96,2,20228.12287,2,0.275745471,11025,Minor_Damage_And_Injuries
58.31050228,11,3,71.74111212,0.444133429,80.68,2,27009.16121,2,0.364323086,3238,Minor_Damage_And_Injuries
31.36986301,12,3,55.37830447,0.321883159,88.62,1,30162.7965,2,1.109627272,8264,Significant_Damage_And_Fatalities
34.10958904,15,3,64.03828624,0.416365669,77.63,4,17572.92548,2,0.031142769,7840,Significant_Damage_And_Serious_Injuries
24.97716895,14,0,63.71923428,0.401940858,80.42,1,33951.85584,2,1.249058097,5449,Highly_Fatal_And_Damaging
60.456621,11,2,57.65724704,0.597397043,83.56,5,36294.38961,4,0.025110149,6968,Minor_Damage_And_Injuries
22.00913242,15,5,65.36007293,0.412038226,79.48,6,20862.63434,2,0.005610034,6650,Highly_Fatal_And_Damaging
39.8173516,10,4,66.59070191,0.334144248,78.68,4,30197.04997,1,0.055722996,11967,Highly_Fatal_And_Damaging
32.87671233,18,0,59.38924339,0.302409665,76.12,2,30380.73455,1,0.41108465,8013,Minor_Damage_And_Injuries
38.53881279,10,4,54.05651778,0.592348359,77.21,7,27036.96074,4,0.002222394,1420,Significant_Damage_And_Fatalities
63.28767123,10,13,40.51959891,0.459279481,81.62,2,26064.93189,2,0.352422366,3664,Highly_Fatal_And_Damaging
62.51141553,13,0,56.15314494,0.372369996,80.81,7,34142.82827,3,0.003086182,3025,Significant_Damage_And_Fatalities
73.28767123,10,11,69.55332726,0.361551388,88.48,2,46378.86691,3,0.627545994,7468,Significant_Damage_And_Fatalities
29.08675799,13,22,82.3609845,0.265987018,79.18,7,17476.86343,2,0.001878239,9587,Highly_Fatal_And_Damaging
43.01369863,12,4,65.40565178,0.356863325,80.22,3,32349.23736,2,0.160110192,8030,Significant_Damage_And_Serious_Injuries
19.543379,16,21,61.03008204,0.263823296,82.14,2,20584.32399,1,0.278446238,9323,Highly_Fatal_And_Damaging
49.7716895,10,1,50.59252507,0.408071403,80,3,22475.12587,4,0.112255875,1290,Minor_Damage_And_Injuries
35.06849315,11,3,53.73746582,0.510848179,80.91,6,19488.00552,3,0.004215512,8238,Significant_Damage_And_Fatalities
19.9086758,16,0,66.81859617,0.515896863,82.25,6,22229.28329,3,0.005595536,2057,Highly_Fatal_And_Damaging
15.52511416,20,1,76.75478578,0.224876307,74.79,1,33861.5537,1,1.239804261,9183,Significant_Damage_And_Serious_Injuries
40.91324201,13,2,55.65177758,0.44485467,85.26,3,27569.72084,0,0.137231411,2610,Minor_Damage_And_Injuries
50.73059361,13,0,64.94986326,0.333423008,78.72,2,51069.62087,3,0.686670027,5647,Minor_Damage_And_Injuries
56.52968037,12,0,55.46946217,0.259495853,79.89,2,32919.05248,2,0.444553308,993,Highly_Fatal_And_Damaging
36.07305936,17,2,66.18049225,0.430429859,82.31,2,41053.14487,4,0.55365091,1094,Minor_Damage_And_Injuries
44.01826484,12,20,55.69735643,0.48560476,77.9,6,21995.4182,3,0.005389075,6581,Minor_Damage_And_Injuries
44.42922374,8,4,62.12397448,0.332701767,78.8,1,51183.88256,4,1.818558216,7826,Highly_Fatal_And_Damaging
46.43835616,15,0,62.48860529,0.402662099,76.02,2,38079.84275,2,0.517264576,7814,Minor_Damage_And_Injuries
36.16438356,11,1,79.35278031,0.26851136,80.24,4,30843.07933,2,0.057056422,7887,Highly_Fatal_And_Damaging
69.45205479,8,4,71.0118505,0.233891814,76.14,2,41709.01528,2,0.564465085,588,Minor_Damage_And_Injuries
37.99086758,13,7,77.07383774,0.465049405,80.43,6,33528.51335,3,0.008672093,7658,Significant_Damage_And_Serious_Injuries
58.31050228,14,4,58.61440292,0.482359178,81.38,1,31268.36847,4,1.139181357,11750,Significant_Damage_And_Fatalities
23.56164384,14,0,56.4721969,0.375976199,81.32,1,23825.24666,3,0.871529587,5389,Significant_Damage_And_Fatalities
73.15068493,10,13,69.55332726,0.307097728,79.81,2,20538.37375,1,0.276520836,9412,Significant_Damage_And_Fatalities
48.67579909,7,2,58.97903373,0.438724125,78.09,2,47090.25698,2,0.637457087,11788,Highly_Fatal_And_Damaging
37.71689498,14,4,74.52142206,0.587299675,77.51,3,41696.2616,0,0.207361291,5910,Significant_Damage_And_Serious_Injuries
44.20091324,19,19,58.65998177,0.583332853,79.37,7,25466.75307,4,0.002099343,4607,Significant_Damage_And_Fatalities
24.56621005,18,5,74.02005469,0.252644068,77.41,3,40416.90348,2,0.202628386,3271,Significant_Damage_And_Serious_Injuries
76.62100457,6,11,65.13217867,0.339553552,77.86,2,42303.406,0,0.570660424,11374,Minor_Damage_And_Injuries
51.27853881,10,3,69.09753874,0.315752614,81.71,3,30479.98025,0,0.15146017,8274,Significant_Damage_And_Serious_Injuries
30.50228311,12,0,79.53509572,0.22884313,80.39,4,37066.96224,2,0.067558512,3539,Highly_Fatal_And_Damaging
35.52511416,14,8,78.80583409,0.341717274,78.79,6,30163.10943,1,0.00718264,3499,Significant_Damage_And_Serious_Injuries
50.1369863,13,25,68.59617138,0.374894338,88.27,2,28208.25937,2,0.38116485,5131,Minor_Damage_And_Injuries
38.03652968,17,5,96.8094804,0.172946989,75.61,3,33367.41207,3,0.166419156,5853,Minor_Damage_And_Injuries
16.07305936,17,3,59.5715588,0.392564731,78.57,1,45265.38821,2,1.6707827,1093,Highly_Fatal_And_Damaging
17.07762557,16,2,90.97538742,0.287263613,82.5,4,16355.89056,2,0.029080212,4393,Highly_Fatal_And_Damaging
57.48858447,11,11,49.63536919,0.354338983,82.81,2,37871.05576,3,0.513268538,7640,Minor_Damage_And_Injuries
49.8630137,10,5,39.88149499,0.646441399,78.39,3,16144.19376,2,0.077949807,9174,Minor_Damage_And_Injuries
52.19178082,13,2,85.27803099,0.292312297,81.63,5,35377.24419,3,0.023420386,11497,Minor_Damage_And_Injuries
28.72146119,13,6,62.67092069,0.443772809,82.72,4,38081.23585,3,0.069819399,9410,Highly_Fatal_And_Damaging
56.57534247,11,1,73.19963537,0.341717274,81.3,5,35982.86185,2,0.025353861,5804,Minor_Damage_And_Injuries
32.87671233,15,5,82.1786691,0.238940498,77.36,3,34651.70999,4,0.173121148,1740,Significant_Damage_And_Serious_Injuries
39.8173516,17,5,75.25068368,0.324046881,75.69,5,12024.89822,1,0.00868878,1727,Minor_Damage_And_Injuries
75.66210046,9,8,69.96353692,0.414923188,86.39,5,17731.55428,4,0.012184263,8658,Significant_Damage_And_Fatalities
59.9086758,7,1,56.65451231,0.409153264,76.18,2,26687.6998,1,0.360857469,3969,Minor_Damage_And_Injuries