Safety_Score,Days_Since_Inspection,Total_Safety_Complaints,Control_Metric,Turbulence_In_gforces,Cabin_Temperature,Accident_Type_Code,Max_Elevation,Violations,Adverse_Weather_Metric,Accident_ID,Severity
23.42465753,14,23,33.9562443,0.619394879,80.98,4,36889.71952,2,0.067317117,8183,Significant_Damage_And_Fatalities
34.38356164,11,8,65.99817685,0.362272629,76.64,2,28960.80001,0,0.391182536,7851,Highly_Fatal_And_Damaging
62.69406393,9,27,84.27529626,0.186650559,82.64,2,36027.86127,3,0.484430432,6606,Minor_Damage_And_Injuries
23.56164384,14,7,43.80127621,0.687191489,84.53,4,26709.19158,1,0.048984932,3088,Significant_Damage_And_Fatalities
36.62100457,10,11,73.60984503,0.386073567,81.44,4,47147.82972,2,0.086513998,5999,Highly_Fatal_And_Damaging
58.85844749,14,7,62.71649954,0.402301479,81.88,5,33138.54374,2,0.02160247,371,Significant_Damage_And_Fatalities
38.81278539,13,8,65.58796718,0.268150739,76.79,6,30122.31936,1,0.007158239,5474,Significant_Damage_And_Serious_Injuries
26.16438356,17,0,70.55606199,0.331259286,78.78,3,24905.06199,3,0.123741287,6151,Significant_Damage_And_Serious_Injuries
55.98173516,12,0,88.60528715,0.275002524,79.54,5,33601.5719,1,0.022836769,3324,Minor_Damage_And_Injuries
52.55707763,13,5,85.09571559,0.269953841,80.16,7,35377.24419,1,0.003333925,10968,Minor_Damage_And_Injuries
30.1826484,13,8,66.68185962,0.355420844,78.49,7,37949.72439,1,0.003578425,11638,Highly_Fatal_And_Damaging
75.29680365,6,7,64.49407475,0.331980527,76.28,5,22484.62233,5,0.015481195,9807,Minor_Damage_And_Injuries
20.2283105,15,2,49.08842297,0.641753336,78.37,4,32429.45872,2,0.058646528,2943,Significant_Damage_And_Fatalities
49.6803653,7,3,70.46490428,0.258413992,79.31,4,37266.76476,3,0.068812079,391,Highly_Fatal_And_Damaging
68.99543379,11,10,49.27073838,0.251201587,79.89,2,31187.34063,2,0.421556535,3078,Highly_Fatal_And_Damaging
46.57534247,8,20,57.29261623,0.436199784,82.82,4,44444.64239,1,0.081792847,7573,Highly_Fatal_And_Damaging
27.39726027,17,0,61.2579763,0.486326001,77.98,3,32785.64591,0,0.162844236,9524,Significant_Damage_And_Serious_Injuries
38.03652968,17,0,78.48678213,0.276805626,78.48,1,17081.90511,1,0.655500113,11864,Minor_Damage_And_Injuries
60.1826484,7,4,45.39653601,0.476228633,74.95,6,52783.66999,1,0.012895327,9949,Minor_Damage_And_Injuries
62.73972603,6,2,82.31540565,0.30998269,80.07,3,21479.28512,3,0.10720324,374,Significant_Damage_And_Serious_Injuries
24.56621005,17,0,70.78395624,0.480556076,80.62,3,44313.05798,2,0.220238164,4525,Significant_Damage_And_Serious_Injuries
19.40639269,16,7,57.01914312,0.313228273,78.35,5,35495.52541,2,0.024785917,5543,Significant_Damage_And_Fatalities
55.75342466,15,4,76.52689152,0.260217093,82.11,7,14050.46565,3,0.001459797,3389,Significant_Damage_And_Fatalities
50,17,12,48.26800365,0.508684457,76.68,7,47882.56666,1,0.004696116,489,Significant_Damage_And_Serious_Injuries
58.63013699,4,2,74.43026436,0.468655608,80.35,6,12666.7712,3,0.003483491,11141,Highly_Fatal_And_Damaging
41.50684932,19,11,65.99817685,0.426823657,78.67,7,21725.97448,2,0.00171824,12362,Significant_Damage_And_Fatalities
29.08675799,13,10,82.08751139,0.332341147,80.65,4,33344.04802,0,0.061452587,9571,Highly_Fatal_And_Damaging
34.88584475,11,0,50.86599818,0.55340137,87,3,43786.84714,2,0.217998521,4895,Significant_Damage_And_Fatalities
42.78538813,8,1,57.61166819,0.488489722,81.8,4,44882.61511,2,0.082427704,4847,Highly_Fatal_And_Damaging
100,5,3,81.35824977,0.303130905,79.96,3,23758.02978,2,0.118532326,10323,Significant_Damage_And_Fatalities
46.16438356,11,12,61.48587056,0.570350523,77.02,3,29365.0115,1,0.147082419,6869,Significant_Damage_And_Serious_Injuries
46.66666667,7,2,73.65542388,0.392204111,78.61,1,35207.22856,2,1.285879116,370,Highly_Fatal_And_Damaging
47.53424658,18,0,64.90428441,0.403022719,79.66,7,40657.7634,1,0.003657956,61,Significant_Damage_And_Fatalities
28.67579909,13,6,58.97903373,0.284739272,78.68,1,11212.8548,2,0.449594699,6910,Highly_Fatal_And_Damaging
45.34246575,15,5,74.02005469,0.178356293,78.08,6,9759.362337,2,0.002792542,11163,Minor_Damage_And_Injuries
70,8,2,62.7620784,0.32332564,83.74,2,17341.30483,4,0.23468904,1012,Minor_Damage_And_Injuries
64.61187215,9,14,76.98268004,0.369485034,78.18,5,20761.98442,3,0.014808241,2049,Minor_Damage_And_Injuries
70.50228311,7,4,68.64175023,0.251922827,79.6,2,23665.66037,1,0.321668685,11103,Minor_Damage_And_Injuries
44.15525114,12,2,69.55332726,0.381746123,86.31,6,36468.42922,2,0.008268865,9848,Significant_Damage_And_Serious_Injuries
29.36073059,13,14,77.07383774,0.272838803,84.15,4,31592.25349,2,0.05719701,12398,Highly_Fatal_And_Damaging
30.3196347,16,0,65.99817685,0.435478543,84.72,2,36109.01287,4,0.48979236,1897,Significant_Damage_And_Serious_Injuries
72.46575342,10,10,70.9206928,0.269953841,79.09,7,16229.72834,3,0.00125772,11698,Significant_Damage_And_Fatalities
58.31050228,11,4,66.86417502,0.275002524,82.69,2,11938.90931,1,0.162877093,6927,Minor_Damage_And_Injuries
34.47488584,11,4,65.04102097,0.457115759,82.41,2,43203.98251,3,0.582155821,3667,Highly_Fatal_And_Damaging
38.35616438,13,2,77.02825889,0.294476019,77.34,3,37178.37697,3,0.185178267,9101,Significant_Damage_And_Serious_Injuries
17.71689498,16,2,59.29808569,0.424299315,80.06,1,18584.99066,1,0.695191987,7112,Highly_Fatal_And_Damaging
38.76712329,14,14,77.4840474,0.314670754,78.54,1,21554.55213,1,0.799697656,8210,Significant_Damage_And_Serious_Injuries
44.56621005,12,6,67.18322698,0.383549225,81.27,3,32060.33642,4,0.160821288,1669,Significant_Damage_And_Serious_Injuries
40.54794521,20,10,59.7538742,0.300245943,81.06,6,41712.90892,2,0.009850566,147,Significant_Damage_And_Fatalities
22.00913242,15,3,72.88058341,0.259135233,76.93,4,30938.821,3,0.057508197,7761,Highly_Fatal_And_Damaging
22.19178082,15,12,48.58705561,0.619394879,78.75,1,42040.4447,1,1.54658153,3522,Significant_Damage_And_Fatalities
50.3196347,13,1,49.27073838,0.662308691,79.43,3,29656.97675,1,0.147855294,2958,Highly_Fatal_And_Damaging
48.08219178,11,2,62.80765725,0.329095564,78.72,4,32722.02991,3,0.059756087,2344,Significant_Damage_And_Serious_Injuries
1.141552511,21,1,62.03281677,0.452788316,79.39,7,23308.33365,2,0.002414052,2404,Highly_Fatal_And_Damaging
54.65753425,9,1,58.02187785,0.312146412,80.71,5,40114.36097,3,0.026629536,4463,Significant_Damage_And_Serious_Injuries
43.97260274,12,9,48.3135825,0.418529391,77.56,6,14139.90679,2,0.003820773,1828,Minor_Damage_And_Injuries
36.71232877,10,7,65.08659982,0.313588893,76.49,1,30918.27989,3,1.133459209,7827,Highly_Fatal_And_Damaging
44.61187215,12,14,55.28714676,0.420332492,76.96,6,16880.67677,1,0.004433201,6197,Minor_Damage_And_Injuries
54.42922374,16,16,55.97082954,0.412038226,78.48,5,26640.10908,2,0.018364692,122,Highly_Fatal_And_Damaging
70.54794521,7,1,87.19234275,0.162489001,77.52,2,45084.69164,3,0.610441183,12409,Minor_Damage_And_Injuries
44.33789954,15,19,77.84867821,0.247595384,80.98,2,32538.65913,2,0.440110495,6368,Minor_Damage_And_Injuries
8.03652968,19,20,67.04649043,0.398334656,81.97,4,18002.78819,3,0.031144118,5478,Highly_Fatal_And_Damaging
32.87671233,15,0,70.8295351,0.368042553,79.92,6,34289.01431,4,0.008357926,4524,Significant_Damage_And_Serious_Injuries
9.497716895,18,9,64.31175934,0.417086909,79.69,4,42500.22323,1,0.07754197,5503,Highly_Fatal_And_Damaging
59.9086758,11,13,79.58067457,0.224876307,77.99,2,29881.47307,2,0.404487469,7992,Minor_Damage_And_Injuries
31.18721461,19,11,69.325433,0.462885683,77.16,6,36997.32988,2,0.008618904,806,Minor_Damage_And_Injuries
31.05022831,12,3,73.33637192,0.342799135,84.99,4,21651.04946,1,0.039675653,8070,Highly_Fatal_And_Damaging
55.34246575,12,9,63.94712853,0.394007212,80.12,3,14139.90679,2,0.070398451,3901,Minor_Damage_And_Injuries
15.06849315,17,0,61.2579763,0.25625027,75.14,4,24613.54889,1,0.046336507,2341,Highly_Fatal_And_Damaging
45.98173516,15,0,67.86690975,0.30926145,80.97,2,32374.95193,0,0.437800105,6423,Minor_Damage_And_Injuries
42.28310502,12,8,48.3135825,0.414923188,78.29,3,32346.1543,2,0.16006996,6749,Minor_Damage_And_Injuries
65.66210046,12,9,61.66818596,0.342799135,77.97,7,25006.93476,2,0.002381187,12343,Significant_Damage_And_Fatalities
29.6347032,20,4,71.23974476,0.370206275,81.23,4,16252.90089,1,0.029080212,2809,Minor_Damage_And_Injuries
19.22374429,16,7,73.24521422,0.306015867,84.53,3,29660.96349,2,0.147692401,7390,Highly_Fatal_And_Damaging
42.78538813,9,1,63.44576117,0.256610891,79.94,4,29887.2365,2,0.054407929,1380,Highly_Fatal_And_Damaging
42.96803653,15,8,78.66909754,0.338471691,79.99,1,51183.88256,3,1.843886062,1079,Minor_Damage_And_Injuries
28.90410959,13,0,39.74475843,0.585857194,79.53,5,25490.64416,2,0.016709,7374,Highly_Fatal_And_Damaging
42.96803653,16,3,62.7620784,0.32332564,83.22,3,20295.70212,1,0.101519828,7967,Minor_Damage_And_Injuries
37.67123288,14,8,57.976299,0.312507032,81.02,4,38817.08971,1,0.07109598,596,Significant_Damage_And_Serious_Injuries
17.44292237,16,9,79.03372835,0.342438514,76.44,4,21620.87164,3,0.039250074,1618,Highly_Fatal_And_Damaging
37.44292237,17,0,69.59890611,0.355060224,80.2,3,14625.17424,4,0.075139231,10575,Minor_Damage_And_Injuries
42.87671233,12,14,68.96080219,0.192059863,77.27,3,20871.60602,2,0.104480971,1131,Significant_Damage_And_Serious_Injuries
20.2283105,15,5,68.14038286,0.253365308,79.47,4,42760.64013,2,0.078338733,6303,Highly_Fatal_And_Damaging
55.57077626,12,2,66.1349134,0.266347638,78.95,2,40019.49687,2,0.54115283,30,Minor_Damage_And_Injuries
40.4109589,20,8,66.68185962,0.308900829,78.18,7,42734.06131,3,0.003761259,12223,Significant_Damage_And_Fatalities
44.74885845,12,3,73.29079307,0.306015867,77.63,3,18110.9171,3,0.09206491,8973,Significant_Damage_And_Serious_Injuries
52.51141553,9,2,40.47402005,0.584775334,78.94,4,32655.84193,0,0.059756087,3660,Minor_Damage_And_Injuries
25.11415525,14,9,65.86144029,0.520945546,79.48,7,38272.30046,2,0.003734089,2046,Highly_Fatal_And_Damaging
47.48858447,11,20,55.60619872,0.48560476,77.9,4,24737.33679,2,0.045332399,2414,Minor_Damage_And_Injuries
51.64383562,13,5,57.88514129,0.413480707,81.43,3,47462.72803,2,0.237190415,2656,Minor_Damage_And_Injuries
62.78538813,9,4,57.15587967,0.308900829,78.06,1,50122.01975,3,1.843886062,10389,Highly_Fatal_And_Damaging
29.13242009,16,7,47.76663628,0.429708619,81.98,3,18842.78867,1,0.09418704,3592,Minor_Damage_And_Injuries
41.91780822,12,4,74.52142206,0.36335449,82.26,3,20487.86748,1,0.101046351,592,Significant_Damage_And_Serious_Injuries
40.68493151,13,6,82.1786691,0.238940498,84,4,43306.58745,1,0.078690309,11200,Significant_Damage_And_Serious_Injuries
71.32420091,7,1,62.07839562,0.496423368,77.36,5,26936.09554,2,0.018428373,2470,Highly_Fatal_And_Damaging
28.63013699,13,0,99.95442115,0.372369996,80.47,1,33737.30712,3,1.241126169,590,Highly_Fatal_And_Damaging
45.06849315,15,1,72.24247949,0.248677245,80.97,5,33425.22558,1,0.021252775,10248,Minor_Damage_And_Injuries
35.89041096,11,2,79.67183227,0.284739272,81.82,7,27158.35686,1,0.002295664,8536,Highly_Fatal_And_Damaging
44.70319635,12,4,72.65268915,0.351454021,77.72,2,38183.18091,3,0.517264576,6683,Significant_Damage_And_Serious_Injuries
60.1826484,14,20,54.42114859,0.489932203,79.35,7,34472.0838,1,0.003143447,2591,Significant_Damage_And_Serious_Injuries
39.36073059,13,17,72.01458523,0.335586729,78.59,6,32560.29012,1,0.007792365,4262,Significant_Damage_And_Serious_Injuries
20.3196347,15,26,91.11212397,0.311425171,88.57,1,27720.60393,3,1.020970924,7823,Highly_Fatal_And_Damaging
35.70776256,14,6,62.62534184,0.345323476,77.38,3,36708.90955,0,0.182599553,9860,Significant_Damage_And_Serious_Injuries
31.36986301,15,13,64.17502279,0.332701767,76.22,3,40911.55622,3,0.20537751,8707,Significant_Damage_And_Serious_Injuries
44.65753425,15,1,66.18049225,0.252283448,78.8,2,16029.08124,2,0.210346808,2223,Minor_Damage_And_Injuries
29.8173516,16,5,52.82588879,0.638507753,81.93,2,32681.07569,3,0.444452039,3353,Minor_Damage_And_Injuries
55.43378995,12,8,64.67639015,0.388237288,78.48,4,40833.46522,2,0.075042933,542,Minor_Damage_And_Injuries
24.24657534,14,3,53.32725615,0.266708258,81.06,1,29416.79155,1,1.090265981,9500,Significant_Damage_And_Fatalities
35.75342466,14,2,82.31540565,0.197108547,76.11,4,46463.26667,1,0.085368589,6015,Significant_Damage_And_Serious_Injuries
35.02283105,14,0,61.62260711,0.503996394,81.65,2,49106.35596,1,0.653014214,9592,Significant_Damage_And_Serious_Injuries
55.52511416,12,21,77.11941659,0.191338622,77.79,2,14050.46565,5,0.201188155,10855,Minor_Damage_And_Injuries
33.51598174,18,12,52.41567912,0.448100252,81.52,3,25239.66271,1,0.125330621,8407,Highly_Fatal_And_Damaging
27.71689498,13,54,64.94986326,0.48560476,81.39,1,31556.38728,1,1.163659045,12194,Highly_Fatal_And_Damaging
48.67579909,10,10,66.1349134,0.337750451,78.14,6,14532.73839,2,0.003602306,9545,Significant_Damage_And_Serious_Injuries
31.27853881,12,12,69.09753874,0.34965092,87.86,4,30469.2344,2,0.055667157,3231,Highly_Fatal_And_Damaging
20.1826484,15,2,62.57976299,0.392925352,82.19,3,11809.79506,3,0.057589097,6431,Highly_Fatal_And_Damaging
60.54794521,7,10,65.45123063,0.451345835,82.27,3,27749.25089,3,0.137435802,11666,Significant_Damage_And_Serious_Injuries
56.11872146,12,13,64.12944394,0.448460873,78.18,2,48285.89636,3,0.653900333,5229,Minor_Damage_And_Injuries
30.73059361,12,1,54.64904284,0.448100252,77.99,4,48814.08678,2,0.088497376,10450,Significant_Damage_And_Fatalities
25.98173516,14,3,83.54603464,0.351093401,79.78,1,25974.84276,0,0.956095236,9223,Highly_Fatal_And_Damaging
29.9543379,16,12,59.02461258,0.284739272,79.08,6,31380.14392,3,0.007811181,8066,Significant_Damage_And_Serious_Injuries
28.90410959,13,2,48.72379216,0.520945546,78.63,4,13118.5373,3,0.025557014,7270,Significant_Damage_And_Fatalities
27.85388128,17,5,76.57247037,0.339192932,86.43,6,26096.54123,2,0.006682612,6741,Significant_Damage_And_Serious_Injuries
46.98630137,14,8,64.12944394,0.442330328,79.01,2,40055.66195,3,0.542971582,3154,Minor_Damage_And_Injuries
60.1826484,10,5,49.58979034,0.444133429,83.22,2,20204.64898,1,0.277637543,10519,Highly_Fatal_And_Damaging
72.32876712,10,10,67.45670009,0.463246304,76.96,7,39189.47804,2,0.003682046,10646,Significant_Damage_And_Fatalities
31.68949772,19,0,64.31175934,0.435478543,76.13,6,30497.88866,2,0.007158239,3792,Minor_Damage_And_Injuries
58.99543379,14,4,61.62260711,0.342799135,77.78,7,30242.20669,3,0.002792823,8866,Significant_Damage_And_Fatalities
37.48858447,10,0,73.74658159,0.291230436,76.85,4,26902.31882,2,0.049251999,12431,Highly_Fatal_And_Damaging
44.84018265,8,0,58.38650866,0.488489722,81.8,4,37973.89325,2,0.069784362,11377,Highly_Fatal_And_Damaging
42.42009132,12,10,82.95350957,0.312146412,78.38,6,26863.37839,1,0.006916604,7722,Significant_Damage_And_Serious_Injuries
46.57534247,11,7,41.61349134,0.624804183,82.58,2,40343.57063,1,0.545307675,6077,Minor_Damage_And_Injuries
44.56621005,8,0,53.87420237,0.469376848,83.57,4,23360.58611,1,0.042283526,5223,Significant_Damage_And_Fatalities
21.73515982,19,7,48.95168642,0.590545258,80.01,6,42400.7801,0,0.010751682,2154,Minor_Damage_And_Injuries
27.26027397,17,18,80.08204193,0.303130905,77.09,6,42138.19041,2,0.009456813,11031,Significant_Damage_And_Serious_Injuries
73.10502283,10,2,37.28350046,0.602806347,78.37,7,24626.23299,2,0.002400873,9399,Significant_Damage_And_Serious_Injuries
27.94520548,13,6,64.40291705,0.330898666,80.43,2,40840.64636,2,0.549198026,9742,Highly_Fatal_And_Damaging
12.96803653,18,3,66.49954421,0.268150739,80.74,6,28793.91602,2,0.007428356,11567,Highly_Fatal_And_Damaging
28.53881279,13,6,61.39471285,0.444133429,78.55,4,28593.53154,3,0.053758613,3597,Highly_Fatal_And_Damaging
62.51141553,6,5,63.12670921,0.489932203,81.79,2,32702.14799,3,0.442948592,12499,Significant_Damage_And_Serious_Injuries
57.44292237,11,5,64.6308113,0.260217093,81.69,2,34310.10426,3,0.465273335,8713,Minor_Damage_And_Injuries
36.16438356,11,1,59.98176846,0.268150739,76.35,2,30380.73455,1,0.412493537,2313,Highly_Fatal_And_Damaging
64.42922374,13,29,72.88058341,0.52635485,77.19,1,34684.7065,2,1.273851956,3840,Significant_Damage_And_Fatalities
55.43378995,12,4,57.47493163,0.381746123,79.42,6,36365.81771,2,0.008917267,4971,Minor_Damage_And_Injuries
17.71689498,21,3,52.87146764,0.449542734,79.94,7,40075.9287,3,0.003567768,7138,Minor_Damage_And_Injuries
34.65753425,15,7,56.06198724,0.556646953,80.19,3,46367.37043,2,0.230544955,11137,Minor_Damage_And_Injuries
48.31050228,11,3,62.80765725,0.279690588,78.63,4,18411.02896,3,0.035089083,1775,Significant_Damage_And_Serious_Injuries
40.1369863,13,3,54.28441203,0.590905878,78.67,3,26385.04154,2,0.131340505,740,Minor_Damage_And_Injuries
36.25570776,11,4,52.96262534,0.3226044,80.37,7,33112.52185,1,0.002974999,4046,Significant_Damage_And_Fatalities
51.78082192,10,2,55.69735643,0.500390191,78.32,3,29541.18411,0,0.147316875,4245,Minor_Damage_And_Injuries
44.42922374,12,3,47.26526892,0.601003246,79.78,6,32655.84193,2,0.007767288,2589,Minor_Damage_And_Injuries
42.05479452,16,1,64.49407475,0.274641904,77.33,1,32628.11973,4,1.212964024,2399,Minor_Damage_And_Injuries
2.648401826,23,5,62.03281677,0.425381176,79.88,7,46573.01263,2,0.004177839,1573,Highly_Fatal_And_Damaging
31.82648402,15,1,73.60984503,0.347126578,82.57,3,44732.43116,2,0.222405152,8512,Significant_Damage_And_Serious_Injuries
16.43835616,16,15,56.65451231,0.416005049,79.66,4,39476.2263,1,0.072261048,115,Significant_Damage_And_Fatalities
79.6347032,8,19,69.4165907,0.3226044,86.1,4,42416.27043,3,0.077289348,1716,Significant_Damage_And_Fatalities
36.75799087,10,1,56.92798541,0.490653444,78.32,1,17085.51952,2,0.664870454,7584,Significant_Damage_And_Fatalities
46.89497717,18,2,68.68732908,0.4044652,78.09,7,34582.73316,1,0.003103505,8410,Significant_Damage_And_Fatalities
29.6347032,16,0,67.8213309,0.445936531,82.12,3,41373.23488,2,0.206458994,5865,Significant_Damage_And_Serious_Injuries
36.84931507,14,2,55.24156791,0.488489722,77.17,2,25806.04805,3,0.349996581,9120,Minor_Damage_And_Injuries
40.1826484,13,10,45.67000912,0.40482582,81.17,3,35977.01231,1,0.179761011,3032,Minor_Damage_And_Injuries
39.45205479,13,3,65.95259799,0.262380815,78.71,3,23506.54331,2,0.116154201,8385,Significant_Damage_And_Serious_Injuries
34.61187215,15,0,68.32269827,0.258774612,75.01,3,38277.02016,1,0.189891852,5297,Significant_Damage_And_Serious_Injuries
27.99086758,20,1,73.65542388,0.412038226,81.57,7,36989.08023,1,0.003686858,12073,Minor_Damage_And_Injuries
36.43835616,18,0,74.74931632,0.361551388,79.61,5,38525.41418,2,0.025698684,6940,Minor_Damage_And_Injuries
47.35159817,11,1,77.07383774,0.272117562,79.03,6,37541.67637,1,0.009972107,9202,Significant_Damage_And_Serious_Injuries
41.32420091,16,4,62.9443938,0.358305806,81.26,2,24744.15842,1,0.337996375,761,Minor_Damage_And_Injuries
47.99086758,11,9,76.75478578,0.237137396,78.33,6,32932.72392,2,0.007672061,8733,Significant_Damage_And_Serious_Injuries
48.40182648,14,8,76.98268004,0.378500541,75.29,2,38600.79941,2,0.523322665,8778,Minor_Damage_And_Injuries
51.32420091,13,2,49.08842297,0.662308691,80.16,3,22169.2086,2,0.11037399,8116,Highly_Fatal_And_Damaging
35.70776256,17,3,55.01367366,0.479113595,83.58,2,36933.84468,1,0.502666446,8912,Highly_Fatal_And_Damaging
26.98630137,17,8,56.92798541,0.466131266,77.44,1,37225.98628,3,1.375305577,5765,Minor_Damage_And_Injuries
59.40639269,11,9,49.58979034,0.47154057,80.53,5,8981.31546,2,0.00259798,6492,Highly_Fatal_And_Damaging
82.28310502,8,13,45.89790337,0.657981248,88,7,41873.48841,2,0.003923191,9504,Significant_Damage_And_Serious_Injuries
27.67123288,13,15,54.92251595,0.487407862,77.75,1,30282.77185,4,1.114040918,3554,Significant_Damage_And_Fatalities
41.78082192,13,14,84.86782133,0.265987018,83.29,6,26029.16326,3,0.006995705,3158,Significant_Damage_And_Serious_Injuries
20.4109589,19,4,66.40838651,0.421774973,81.82,3,44292.00726,3,0.219711212,8842,Significant_Damage_And_Serious_Injuries
43.05936073,16,8,65.58796718,0.313588893,77.67,5,30406.02223,0,0.019926368,1261,Minor_Damage_And_Injuries
21.23287671,15,0,58.97903373,0.219106383,78.4,1,20973.12273,3,0.770245197,3982,Highly_Fatal_And_Damaging
30.73059361,19,2,63.08113036,0.563138118,76.35,7,23720.17893,0,0.002215472,3043,Significant_Damage_And_Fatalities
26.34703196,21,15,80.99361896,0.25625027,79.88,4,20028.16316,2,0.035320494,5382,Minor_Damage_And_Injuries
32.73972603,19,7,53.372835,0.542582762,77.86,4,37715.16569,3,0.069701428,4284,Highly_Fatal_And_Damaging
71.23287671,11,2,69.00638104,0.428266138,79.94,2,28688.83681,3,0.389500677,5665,Significant_Damage_And_Fatalities
10.50228311,19,12,49.58979034,0.445936531,77.9,3,27487.6888,2,0.135850462,10200,Highly_Fatal_And_Damaging
43.65296804,15,2,86.78213309,0.362993869,79.07,1,34626.88625,3,1.279502423,4344,Minor_Damage_And_Injuries
46.34703196,15,0,63.71923428,0.337389831,76.23,7,36324.943,2,0.003023353,10880,Minor_Damage_And_Injuries
5.205479452,19,6,69.64448496,0.382106744,82.91,6,37011.99752,2,0.008668665,5812,Highly_Fatal_And_Damaging
37.26027397,14,2,58.24977211,0.39112225,77.22,3,47462.72803,3,0.233867616,9940,Significant_Damage_And_Serious_Injuries
37.48858447,10,21,71.23974476,0.261659574,77.56,7,33980.66168,2,0.003146767,2704,Highly_Fatal_And_Damaging
38.44748858,17,9,59.98176846,0.308540209,78.49,1,46987.93026,3,1.747155651,12192,Minor_Damage_And_Injuries
40.82191781,13,2,55.65177758,0.44485467,87,2,48525.86034,3,0.655799278,3195,Minor_Damage_And_Injuries
73.15068493,10,13,57.52051048,0.72794158,78.5,7,36159.90088,2,0.003143447,11623,Significant_Damage_And_Fatalities
32.55707763,15,4,45.76116682,0.603888208,85.97,3,32860.90576,2,0.162844236,11838,Minor_Damage_And_Injuries
44.47488584,8,3,49.63536919,0.465049405,79.39,4,28392.9148,2,0.052019506,8955,Significant_Damage_And_Fatalities
30.1369863,13,3,54.83135825,0.357584565,80,4,38735.75134,3,0.070096125,2784,Significant_Damage_And_Fatalities
61.46118721,10,2,70.32816773,0.226679409,76.14,2,39117.45998,2,0.528221263,197,Minor_Damage_And_Injuries
38.40182648,13,10,61.66818596,0.490292824,79.33,3,41695.97518,1,0.207345837,9624,Significant_Damage_And_Serious_Injuries
22.73972603,15,13,73.01731996,0.26851136,80.83,4,36818.98439,2,0.067149309,10597,Highly_Fatal_And_Damaging
77.30593607,4,3,76.61804923,0.455673278,76.63,4,36581.58513,1,0.0670328,269,Minor_Damage_And_Injuries
36.75799087,14,10,72.37921604,0.527076091,79.22,1,24420.713,2,0.894409699,4357,Significant_Damage_And_Serious_Injuries
36.75799087,18,8,51.00273473,0.584054093,80.19,5,48338.77861,4,0.033080119,4190,Highly_Fatal_And_Damaging
30.73059361,16,4,64.12944394,0.414923188,82.33,1,28193.96225,1,1.046003753,7481,Significant_Damage_And_Serious_Injuries
20.1369863,15,13,71.96900638,0.273560043,81.99,4,30056.21522,2,0.054642187,5398,Highly_Fatal_And_Damaging
55.02283105,16,1,94.84958979,0.180159394,86.08,4,50466.77563,3,0.094084616,4433,Significant_Damage_And_Fatalities
31.18721461,12,3,56.83682771,0.322243779,81.8,2,26044.91155,3,0.352422366,2853,Significant_Damage_And_Fatalities
19.17808219,16,4,64.3573382,0.305294627,82.51,4,31549.44734,3,0.056423869,9666,Highly_Fatal_And_Damaging
53.10502283,9,4,69.4165907,0.481637937,77.62,2,20514.79378,3,0.277637543,2708,Highly_Fatal_And_Damaging
25.34246575,14,6,57.52051048,0.28221493,80.8,1,33797.12893,2,1.246314392,7042,Highly_Fatal_And_Damaging
42.10045662,12,8,56.15314494,0.439445366,80.72,3,27243.15115,2,0.136592251,3893,Minor_Damage_And_Injuries
51.00456621,10,1,40.10938924,0.505078255,79.35,3,22921.07733,1,0.114860899,6967,Minor_Damage_And_Injuries
33.15068493,12,1,49.63536919,0.368403173,81.76,4,48416.02672,2,0.087816735,2138,Significant_Damage_And_Fatalities
47.16894977,11,2,73.97447584,0.232809953,81.58,3,30090.27766,1,0.14944739,101,Significant_Damage_And_Serious_Injuries
46.16438356,8,1,72.28805834,0.324046881,79.06,4,39615.1051,2,0.073235561,3730,Highly_Fatal_And_Damaging
27.67123288,13,2,48.72379216,0.514093761,77.16,4,27296.49509,3,0.049958723,2867,Significant_Damage_And_Fatalities
61.18721461,7,10,80.44667274,0.413120087,83.99,3,34804.4675,2,0.173410918,10326,Significant_Damage_And_Serious_Injuries
43.01369863,12,4,68.04922516,0.294115398,78.74,1,30423.72497,2,1.109627272,11474,Significant_Damage_And_Serious_Injuries
50.2283105,10,4,37.83044667,0.542582762,80.25,5,27780.31609,3,0.018521059,2198,Minor_Damage_And_Injuries
44.70319635,8,11,53.87420237,0.381024883,76.07,4,58297.48027,2,0.102535146,11110,Significant_Damage_And_Fatalities
69.8173516,11,5,84.59434822,0.162489001,77.86,4,24326.59899,3,0.044302591,4059,Significant_Damage_And_Fatalities
46.11872146,15,0,67.86690975,0.258053372,80.97,2,43568.48792,2,0.589641647,9674,Minor_Damage_And_Injuries
32.92237443,15,0,60.16408387,0.432593581,87.44,7,36749.15266,2,0.003080723,1635,Significant_Damage_And_Serious_Injuries
58.76712329,14,5,64.40291705,0.488850343,79.01,6,28945.3417,4,0.007388511,3908,Significant_Damage_And_Fatalities
42.05479452,19,17,80.40109389,0.246513523,75.88,7,31177.11801,3,0.002814506,4965,Significant_Damage_And_Fatalities
20.1826484,19,10,54.01093892,0.317555716,78.95,1,41265.08933,1,1.513448634,9631,Minor_Damage_And_Injuries