Safety_Score,Days_Since_Inspection,Total_Safety_Complaints,Control_Metric,Turbulence_In_gforces,Cabin_Temperature,Accident_Type_Code,Max_Elevation,Violations,Adverse_Weather_Metric,Accident_ID,Severity
28.21917808,13,5,57.24703737,0.211172737,81.1,3,27850.91708,2,0.139477071,1128,Highly_Fatal_And_Damaging
30.3652968,12,0,59.25250684,0.367321313,84.72,7,40160.7024,2,0.003527233,5992,Highly_Fatal_And_Damaging
60.1369863,10,5,71.96900638,0.444133429,82.74,4,24664.52893,2,0.045703267,11742,Minor_Damage_And_Injuries
33.83561644,11,0,72.47037375,0.329816805,76.86,1,27087.62336,2,0.991433467,9214,Highly_Fatal_And_Damaging
19.22374429,16,1,69.14311759,0.407710783,82.33,4,24820.16737,0,0.045349159,2108,Highly_Fatal_And_Damaging
30.91324201,16,2,62.62534184,0.383188604,77.65,4,29538.22001,2,0.054114336,3023,Significant_Damage_And_Serious_Injuries
41.32420091,13,5,90.15496809,0.271396322,80.92,6,45176.83262,2,0.011889321,12377,Significant_Damage_And_Serious_Injuries
40.63926941,16,7,62.71649954,0.339192932,77.38,1,22002.72783,1,0.815688882,10994,Minor_Damage_And_Injuries
41.91780822,12,15,56.74567001,0.359748287,83.68,3,24975.91136,3,0.124716728,507,Minor_Damage_And_Injuries
37.30593607,14,11,71.78669098,0.355420844,79.86,6,31993.45889,2,0.007736959,8969,Significant_Damage_And_Serious_Injuries
61.41552511,10,1,52.18778487,0.502914533,82.45,5,29827.90328,2,0.019551683,270,Highly_Fatal_And_Damaging
54.65753425,9,1,68.14038286,0.212975838,81.26,6,33079.16863,2,0.007739787,11481,Significant_Damage_And_Serious_Injuries
22.73972603,15,18,70.32816773,0.347126578,81.27,2,25114.3954,4,0.339951975,11406,Highly_Fatal_And_Damaging
38.85844749,10,2,57.47493163,0.333423008,79.22,4,30231.99932,1,0.055462924,3676,Highly_Fatal_And_Damaging
29.04109589,20,13,56.83682771,0.478392355,79.59,5,31273.8224,1,0.019995937,2594,Highly_Fatal_And_Damaging
47.03196347,14,8,85.77939836,0.273199423,83.56,2,25820.20182,2,0.349502745,11939,Minor_Damage_And_Injuries
19.9543379,16,5,65.81586144,0.236776776,81.82,2,24689.72019,0,0.337051194,10985,Highly_Fatal_And_Damaging
41.55251142,13,0,58.88787603,0.503635774,80.32,2,44295.2918,4,0.5997465,677,Significant_Damage_And_Serious_Injuries
38.08219178,17,6,80.674567,0.312507032,75.61,2,27037.41641,2,0.36446301,10402,Minor_Damage_And_Injuries
21.59817352,15,13,74.74931632,0.424299315,89.19,3,47592.31664,3,0.236464525,344,Highly_Fatal_And_Damaging
50.77625571,7,6,85.41476755,0.484522899,79.79,3,31974.06241,3,0.15855647,4250,Highly_Fatal_And_Damaging
45.47945205,15,0,72.92616226,0.335947349,84.1,2,20228.12287,1,0.273798141,12035,Minor_Damage_And_Injuries
14.24657534,17,0,67.95806746,0.267429499,75.55,3,26271.87163,2,0.130516893,4390,Highly_Fatal_And_Damaging
36.57534247,14,11,63.35460346,0.453509556,76.4,6,31239.85379,2,0.007685757,1591,Significant_Damage_And_Serious_Injuries
39.45205479,13,0,47.21969006,0.366960692,77.53,6,44279.15398,3,0.010606664,857,Minor_Damage_And_Injuries
45.20547945,11,28,55.60619872,0.727580959,77.08,6,40193.96412,2,0.010121604,10140,Minor_Damage_And_Injuries
34.61187215,15,0,68.32269827,0.258774612,76.93,3,30423.72497,4,0.150293722,9167,Significant_Damage_And_Serious_Injuries
64.93150685,9,0,65.49680948,0.451345835,76.67,4,22083.71535,3,0.040419359,1493,Minor_Damage_And_Injuries
17.71689498,21,0,29.89972653,0.777707176,79.01,7,11251.37563,1,0.001431979,2905,Significant_Damage_And_Fatalities
36.98630137,10,0,62.03281677,0.494980887,79.33,1,17085.51952,5,0.636699055,3850,Highly_Fatal_And_Damaging
64.42922374,13,20,72.88058341,0.365157591,79.22,1,34183.3512,2,1.256370837,8399,Significant_Damage_And_Fatalities
32.14611872,12,3,56.4721969,0.319719437,79.69,4,38818.4709,3,0.070124997,7397,Significant_Damage_And_Fatalities
32.83105023,19,0,48.72379216,0.693322034,80.19,3,36885.69795,2,0.182958865,2018,Highly_Fatal_And_Damaging
58.03652968,14,3,58.61440292,0.414923188,79.97,1,31892.78248,3,1.1732699,9815,Significant_Damage_And_Fatalities
56.16438356,15,0,69.64448496,0.33702921,82.1,7,35976.20214,2,0.002980999,11926,Significant_Damage_And_Fatalities
44.38356164,15,0,55.60619872,0.262020195,77.83,3,32919.05248,4,0.162913394,9272,Highly_Fatal_And_Damaging
31.55251142,19,38,71.23974476,0.339914172,80.4,6,35730.45109,2,0.008692415,8966,Minor_Damage_And_Injuries
42.37442922,12,19,58.61440292,0.60641255,79.21,2,35004.05412,3,0.473685159,5663,Significant_Damage_And_Serious_Injuries
36.62100457,11,10,61.4402917,0.352535882,77.16,2,32215.06761,1,0.436192386,9562,Highly_Fatal_And_Damaging
30.91324201,12,16,67.95806746,0.452067075,87.74,4,49095.25021,3,0.090540253,1998,Highly_Fatal_And_Damaging
56.71232877,15,0,69.55332726,0.415644428,80.59,2,33905.3514,2,0.459353706,917,Significant_Damage_And_Fatalities
25.11415525,14,5,65.86144029,0.399416516,80.35,4,21330.27379,2,0.038790882,2531,Highly_Fatal_And_Damaging
70.3196347,7,1,88.05834093,0.18845366,79.88,5,32397.80286,3,0.021597593,5290,Minor_Damage_And_Injuries
55.34246575,12,2,78.76025524,0.308179589,84.46,2,23833.67341,3,0.330528597,1704,Minor_Damage_And_Injuries
44.79452055,8,2,62.26071103,0.346405337,77.3,4,32342.31338,3,0.05929216,12351,Highly_Fatal_And_Damaging
36.71232877,14,8,55.05925251,0.5396978,85.91,2,48525.86034,2,0.653900333,1634,Minor_Damage_And_Injuries
26.94063927,17,2,56.3810392,0.784558961,80.46,2,32681.07569,4,0.442575446,3705,Minor_Damage_And_Injuries
34.65753425,11,5,60.84776664,0.303852146,76.49,4,33495.77609,1,0.060783599,12281,Highly_Fatal_And_Damaging
36.02739726,14,3,71.60437557,0.319358817,78.03,3,52189.53654,1,0.26103585,445,Significant_Damage_And_Serious_Injuries
19.5890411,16,21,76.52689152,0.238219257,76.61,1,34703.88599,2,1.276659279,247,Highly_Fatal_And_Damaging
27.85388128,13,2,44.75843209,0.577923549,78.51,2,26637.59532,2,0.358545587,8925,Significant_Damage_And_Fatalities
54.24657534,12,6,73.47310848,0.234613054,78.35,2,23442.86211,2,0.316500709,4037,Minor_Damage_And_Injuries
20.95890411,15,1,88.24065634,0.191338622,86.08,4,32222.03588,1,0.058381927,8289,Highly_Fatal_And_Damaging
55.11415525,8,3,80.08204193,0.305294627,80.83,6,27827.85143,3,0.006681394,6282,Significant_Damage_And_Serious_Injuries
54.10958904,16,24,66.27164995,0.412038226,80.36,7,30627.02389,3,0.002875379,7272,Significant_Damage_And_Fatalities
69.7716895,8,2,58.34092981,0.618673639,83.72,2,35376.08828,2,0.478306032,5896,Minor_Damage_And_Injuries
43.05936073,8,24,99.95442115,0.372369996,90.65,7,42414.40383,1,0.00391728,9781,Highly_Fatal_And_Damaging
62.05479452,13,13,85.59708295,0.292672917,79.18,7,36737.25758,4,0.003212363,7331,Significant_Damage_And_Fatalities
20.1369863,19,0,58.65998177,0.308179589,79.37,3,41622.39272,3,0.207555571,8843,Significant_Damage_And_Serious_Injuries
24.38356164,14,1,67.54785779,0.25516841,78.28,4,38605.12627,1,0.070480184,4873,Highly_Fatal_And_Damaging
22.28310502,15,6,92.11485871,0.185208078,81.03,4,21267.70437,1,0.038953159,2902,Highly_Fatal_And_Damaging
44.61187215,12,14,55.78851413,0.440887847,76.53,7,39241.56108,1,0.003513118,2557,Minor_Damage_And_Injuries
49.17808219,10,1,67.31996354,0.300606563,76.89,5,14254.38233,3,0.011600334,6544,Significant_Damage_And_Serious_Injuries
49.6803653,7,0,80.35551504,0.232449333,80.5,7,33385.14826,2,0.003079773,5182,Highly_Fatal_And_Damaging
30,16,10,47.81221513,0.515896863,81.18,3,47495.16953,3,0.236847336,8128,Minor_Damage_And_Injuries
50.2283105,13,6,62.9443938,0.351093401,80.22,2,43971.71045,1,0.592421266,2980,Minor_Damage_And_Injuries
46.98630137,11,0,76.80036463,0.293033538,82.44,6,34032.096,0,0.008552156,4160,Significant_Damage_And_Serious_Injuries
22.19178082,15,1,92.38833181,0.238940498,81.2,4,45712.54843,2,0.083045449,5263,Highly_Fatal_And_Damaging
42.28310502,16,5,70.00911577,0.501472052,76.39,2,31290.80933,2,0.422993813,11661,Minor_Damage_And_Injuries
45.89041096,18,1,54.55788514,0.368763794,79.01,5,34108.49509,3,0.022836769,5326,Significant_Damage_And_Fatalities
37.57990868,14,9,61.66818596,0.30926145,79.4,3,26989.61464,2,0.135445813,10028,Significant_Damage_And_Serious_Injuries
24.33789954,14,12,70.78395624,0.226679409,78.51,4,31778.0561,3,0.056899384,11535,Highly_Fatal_And_Damaging
66.57534247,9,3,66.86417502,0.275002524,77.46,2,40973.90952,2,0.555593899,3721,Minor_Damage_And_Injuries
29.04109589,20,13,56.74567001,0.375615579,79.21,4,41232.83729,3,0.07553804,1521,Highly_Fatal_And_Damaging
40.0913242,10,18,65.58796718,0.41744753,82.06,3,37657.68721,2,0.187105192,8194,Highly_Fatal_And_Damaging
22.64840183,15,8,62.8532361,0.330898666,86.58,1,25342.98088,2,0.925964716,7432,Highly_Fatal_And_Damaging
20.4109589,19,9,52.96262534,0.454952038,77.44,5,34198.75696,1,0.02354737,2235,Minor_Damage_And_Injuries
30.1369863,12,14,68.82406563,0.444133429,89.51,4,30469.2344,1,0.056073196,336,Highly_Fatal_And_Damaging
28.85844749,16,7,49.86326345,0.33702921,77.09,1,28955.34683,2,1.065207681,2866,Minor_Damage_And_Injuries
58.67579909,4,7,50.68368277,0.618313018,78.31,7,42628.38864,1,0.003913329,11711,Significant_Damage_And_Fatalities
54.24657534,12,6,68.77848678,0.270675081,81.06,2,30043.79113,1,0.406933962,2562,Minor_Damage_And_Injuries
39.45205479,17,6,66.49954421,0.394007212,76.92,4,22792.17401,2,0.042140418,11809,Minor_Damage_And_Injuries
52.87671233,9,6,84.54876937,0.275363145,77.08,3,38210.28783,1,0.19093699,9184,Significant_Damage_And_Serious_Injuries
56.48401826,12,13,62.16955333,0.381024883,78.18,1,34183.3512,3,1.249458766,3529,Minor_Damage_And_Injuries
30.82191781,16,4,70.46490428,0.341356653,84.62,1,32896.95935,4,1.213858457,6033,Significant_Damage_And_Serious_Injuries
48.26484018,10,7,41.43117593,0.45891886,79.77,6,17731.55428,3,0.004462445,713,Minor_Damage_And_Injuries
68.03652968,12,1,73.29079307,0.2959185,80.43,4,13696.99706,3,0.02554895,1699,Significant_Damage_And_Fatalities
54.33789954,12,7,68.77848678,0.284739272,77.03,3,36156.82636,3,0.179246049,8288,Minor_Damage_And_Injuries
36.84931507,14,13,72.37921604,0.493899026,83.75,1,32896.95935,5,1.203641484,5073,Significant_Damage_And_Serious_Injuries
36.62100457,10,7,64.67639015,0.321883159,79.15,3,36656.54735,4,0.183310929,937,Highly_Fatal_And_Damaging
19.17808219,21,9,57.01914312,0.695485755,82.96,4,36354.48843,1,0.066039462,3764,Highly_Fatal_And_Damaging
44.52054795,8,1,68.91522334,0.30998269,77.09,4,20871.60602,2,0.038347765,11668,Highly_Fatal_And_Damaging
33.78995434,11,6,74.74931632,0.3226044,78.93,4,39662.15191,2,0.072812088,4551,Highly_Fatal_And_Damaging
46.48401826,15,3,50.82041933,0.438002885,83.12,3,18247.37283,3,0.090816876,5243,Highly_Fatal_And_Damaging
33.78995434,15,1,79.85414768,0.28329679,78.73,6,29575.35166,1,0.007547421,2927,Significant_Damage_And_Serious_Injuries
41.32420091,13,6,62.26071103,0.480556076,77.62,2,34936.62633,1,0.470269643,1978,Significant_Damage_And_Serious_Injuries
4.292237443,23,0,70.19143118,0.199632889,78.52,6,36566.39648,4,0.009016653,10003,Highly_Fatal_And_Damaging
40.54794521,20,6,60.16408387,0.39040101,79.65,2,54788.24704,2,0.798164897,8045,Significant_Damage_And_Fatalities
31.59817352,15,12,61.57702826,0.570350523,79.06,7,28354.12168,3,0.002704366,7274,Significant_Damage_And_Serious_Injuries
54.10958904,12,1,50.77484047,0.493899026,82.17,3,41649.6286,2,0.208364579,4419,Significant_Damage_And_Serious_Injuries
76.62100457,9,12,59.16134913,0.433314821,84.27,7,39189.47804,2,0.003554018,8850,Significant_Damage_And_Fatalities
15.29680365,17,2,38.78760255,0.590905878,76.89,1,31633.69064,2,1.163738443,769,Significant_Damage_And_Fatalities
40.82191781,16,9,62.71649954,0.425020555,80.49,2,39482.94183,3,0.534664927,1463,Minor_Damage_And_Injuries
9.497716895,19,4,64.12944394,0.419611251,86.02,1,21051.94699,1,0.774457849,10643,Highly_Fatal_And_Damaging
14.10958904,20,12,49.58979034,0.302049044,77.18,6,36226.23768,2,0.009106256,12189,Significant_Damage_And_Serious_Injuries
39.04109589,10,1,62.80765725,0.392204111,83.27,2,23317.6699,2,0.315570346,6493,Highly_Fatal_And_Damaging
46.48401826,11,0,52.59799453,0.41780815,80.55,2,36037.43565,2,0.487713656,12156,Minor_Damage_And_Injuries
54.10958904,16,3,60.52871468,0.629852867,79.82,4,34452.59787,3,0.063352246,4657,Significant_Damage_And_Fatalities
33.92694064,11,4,67.36554239,0.37741868,81.72,1,32279.38141,2,1.180701863,8750,Highly_Fatal_And_Damaging
34.84018265,11,0,89.60802188,0.203599712,77.47,2,22458.28253,3,0.305093661,82,Highly_Fatal_And_Damaging
65.66210046,9,2,45.89790337,0.411316985,78.06,7,30752.6338,3,0.002697681,1602,Significant_Damage_And_Serious_Injuries
34.79452055,11,13,62.07839562,0.33666859,80.53,4,27007.96639,2,0.048762101,6175,Highly_Fatal_And_Damaging
31.23287671,15,7,64.17502279,0.335226109,79.03,6,28164.6002,2,0.006946392,6816,Significant_Damage_And_Serious_Injuries
60.0913242,10,3,70.41932543,0.375254959,76.14,2,31290.80933,3,0.424712504,1184,Minor_Damage_And_Injuries
48.17351598,11,2,62.80765725,0.281493689,76.98,3,29574.73639,2,0.146834842,7980,Significant_Damage_And_Serious_Injuries
13.69863014,17,14,63.30902461,0.300967184,78.93,5,39572.92752,2,0.026012414,9236,Highly_Fatal_And_Damaging
66.25570776,9,2,45.89790337,0.668078615,81.81,4,26885.15763,3,0.048897582,7744,Significant_Damage_And_Serious_Injuries
45.89041096,8,15,45.39653601,0.735153985,78.87,4,22727.32152,1,0.041976807,69,Significant_Damage_And_Fatalities
31.09589041,12,13,61.349134,0.556646953,75.94,2,42394.63133,0,0.573748944,7911,Highly_Fatal_And_Damaging
42.42009132,12,2,56.4721969,0.276805626,79.28,3,37375.22372,2,0.186318355,3542,Minor_Damage_And_Injuries
46.66666667,14,4,85.18687329,0.262380815,80.33,1,33941.90305,1,1.249058097,949,Minor_Damage_And_Injuries
37.21461187,14,19,64.03828624,0.387876668,76.96,3,31728.65669,2,0.156961863,5050,Significant_Damage_And_Serious_Injuries
30.59360731,19,1,57.83956244,0.428987378,77.56,2,30719.98495,2,0.415749786,7963,Minor_Damage_And_Injuries
48.31050228,11,1,41.24886053,0.645359538,79.35,5,24600.5651,1,0.01651349,5251,Minor_Damage_And_Injuries
46.02739726,15,0,64.6308113,0.389679769,76.02,3,29428.5998,2,0.147269092,10191,Minor_Damage_And_Injuries
54.33789954,12,5,73.47310848,0.222351965,75.69,5,22004.47041,3,0.014254031,2460,Minor_Damage_And_Injuries
22.32876712,15,4,72.88058341,0.240022358,75.01,3,41709.01528,1,0.207361291,1389,Highly_Fatal_And_Damaging
46.16438356,11,3,72.10574294,0.413120087,76.19,3,27030.05117,3,0.133998465,8906,Significant_Damage_And_Serious_Injuries
40.0913242,10,7,62.26071103,0.437281644,83.36,4,28921.65513,3,0.053900361,5661,Highly_Fatal_And_Damaging
37.48858447,14,7,66.63628077,0.29555788,81.56,6,14871.66492,2,0.003556877,12044,Significant_Damage_And_Serious_Injuries
76.11872146,6,29,64.49407475,0.557368193,76.18,6,28354.12168,3,0.007330248,1478,Minor_Damage_And_Injuries
30.73059361,16,16,61.349134,0.299524702,77.19,4,14053.4046,1,0.02554895,11769,Significant_Damage_And_Serious_Injuries
50.59360731,13,22,71.05742935,0.215860801,77.41,5,32958.70939,2,0.022192923,11344,Minor_Damage_And_Injuries
20.3652968,15,2,48.58705561,0.641753336,78.37,1,29636.50204,4,1.096336157,1696,Significant_Damage_And_Fatalities
43.15068493,12,4,67.7301732,0.313228273,78.63,3,20231.09826,3,0.098352269,2310,Significant_Damage_And_Serious_Injuries
15.43378995,17,2,57.24703737,0.444133429,85.07,4,49961.38176,2,0.090540253,5814,Highly_Fatal_And_Damaging
48.63013699,17,13,69.91795807,0.303852146,79.31,7,44762.50455,3,0.004129995,7319,Significant_Damage_And_Fatalities
21.36986301,15,1,65.58796718,0.260577714,83.85,2,38399.4551,3,0.518441262,757,Highly_Fatal_And_Damaging
36.57534247,14,5,71.92342753,0.313588893,76.48,3,41259.82281,2,0.205286209,10807,Significant_Damage_And_Serious_Injuries
59.40639269,11,32,78.53236098,0.206124053,77.95,2,16008.61327,5,0.209716721,6992,Minor_Damage_And_Injuries
11.96347032,18,9,31.54056518,0.584054093,82.07,4,19721.15734,5,0.03612056,8760,Significant_Damage_And_Fatalities
38.31050228,13,0,92.11485871,0.179438154,78.54,4,42790.33576,2,0.078572719,7666,Significant_Damage_And_Serious_Injuries
18.90410959,19,1,59.11577028,0.47117995,79.03,3,28887.13896,2,0.14135997,6555,Significant_Damage_And_Serious_Injuries
16.66666667,20,2,59.98176846,0.47117995,85.07,3,24998.05022,3,0.123995002,2253,Significant_Damage_And_Serious_Injuries
53.56164384,9,3,30.40109389,0.882647674,79.25,2,8400.18253,2,0.116198849,10870,Minor_Damage_And_Injuries
53.65296804,13,1,40.51959891,0.502914533,78.46,5,38537.36341,2,0.026029375,5393,Significant_Damage_And_Serious_Injuries
85.75342466,4,2,63.90154968,0.35073278,80.44,7,14251.91589,3,0.00145524,462,Significant_Damage_And_Fatalities
31.18721461,15,16,54.37556974,0.53897656,77.79,6,53455.04511,1,0.013041778,1619,Minor_Damage_And_Injuries
48.72146119,11,0,76.61804923,0.281854309,79.88,6,26632.01297,2,0.006561604,11927,Significant_Damage_And_Serious_Injuries
64.01826484,13,11,75.84320875,0.434036062,79.64,2,45300.02702,2,0.612998871,6759,Significant_Damage_And_Fatalities
37.57990868,10,10,83.40929809,0.143376127,79.16,4,24326.59899,3,0.044304207,5710,Highly_Fatal_And_Damaging
71.59817352,7,0,59.29808569,0.414201947,75.7,2,34354.11122,2,0.465168245,4130,Minor_Damage_And_Injuries
58.40182648,11,3,73.33637192,0.274281284,79.31,2,19543.40717,1,0.254538381,9335,Minor_Damage_And_Injuries
45.98173516,15,2,62.48860529,0.288706094,78.95,2,21693.82358,1,0.300683552,4384,Minor_Damage_And_Injuries
22.32876712,15,4,55.69735643,0.280411828,74.82,7,24613.54889,1,0.002458955,1639,Significant_Damage_And_Fatalities
30.3196347,12,0,50.50136737,0.356863325,77.21,7,42176.92229,3,0.003992844,1515,Significant_Damage_And_Fatalities
21.27853881,15,15,61.53144941,0.476228633,77.48,6,26607.92399,2,0.006601416,11830,Highly_Fatal_And_Damaging
62.78538813,6,4,76.89152233,0.367681933,75.61,3,39092.05802,1,0.195200993,8350,Significant_Damage_And_Serious_Injuries
58.03652968,11,1,47.35642662,0.483801659,79.92,3,55046.96757,1,0.274477876,8353,Highly_Fatal_And_Damaging
55.79908676,15,21,60.75660893,0.527797331,81.71,6,24189.27751,3,0.006300939,5090,Significant_Damage_And_Fatalities
41.18721461,13,3,95.07748405,0.221991345,77.6,3,26032.9419,1,0.129039751,10211,Significant_Damage_And_Serious_Injuries
47.30593607,11,1,60.43755697,0.345684097,77.02,3,21429.81428,3,0.108043964,4666,Significant_Damage_And_Serious_Injuries
18.31050228,16,8,68.50501367,0.417086909,79.66,4,34447.68135,2,0.063407852,2448,Highly_Fatal_And_Damaging
57.44292237,11,10,64.6308113,0.330898666,82.11,2,23768.2796,4,0.321668685,12427,Minor_Damage_And_Injuries
39.04109589,10,2,62.80765725,0.329095564,82.12,7,35862.16829,3,0.003115493,2845,Highly_Fatal_And_Damaging
12.69406393,18,13,53.69188696,0.49858709,83.9,1,29536.64283,1,1.088962805,4401,Significant_Damage_And_Fatalities
26.39269406,13,5,52.32452142,0.312507032,80.61,2,29416.79155,2,0.399359326,2375,Significant_Damage_And_Fatalities
25.34246575,14,12,76.57247037,0.335586729,82.92,6,42076.99864,3,0.009855709,11724,Highly_Fatal_And_Damaging
42.83105023,9,5,62.8532361,0.295197259,83.74,4,30660.27529,1,0.055462924,8628,Highly_Fatal_And_Damaging
34.01826484,18,13,55.60619872,0.541140281,78.61,1,25739.38468,4,0.936484556,7982,Minor_Damage_And_Injuries
38.90410959,10,0,41.61349134,0.584775334,82.7,4,34210.20436,2,0.062471888,6777,Significant_Damage_And_Fatalities
49.08675799,10,7,68.96080219,0.325849982,81.31,6,28542.00418,0,0.0070379,4936,Significant_Damage_And_Serious_Injuries
52.37442922,13,7,58.70556062,0.393285972,80.81,7,26424.95084,2,0.002092937,10304,Minor_Damage_And_Injuries
45.47945205,15,31,78.48678213,0.374894338,78.29,6,17474.54856,2,0.004632261,974,Minor_Damage_And_Injuries
36.98630137,10,10,74.97721057,0.240382979,79.16,7,43023.01699,2,0.003972531,12210,Highly_Fatal_And_Damaging
47.76255708,14,1,70.14585232,0.493899026,78.42,6,17413.57989,1,0.00457129,943,Minor_Damage_And_Injuries
61.41552511,14,2,54.42114859,0.480916697,76.6,2,47251.58278,3,0.640473589,11286,Highly_Fatal_And_Damaging
24.79452055,14,14,58.52324521,0.400137757,79.78,6,39818.78238,2,0.009562795,12091,Highly_Fatal_And_Damaging
41.91780822,16,3,61.30355515,0.349290299,80.1,2,27752.73678,2,0.375592449,404,Minor_Damage_And_Injuries
44.33789954,15,6,76.70920693,0.335226109,82.53,2,50246.90015,4,0.674154766,4271,Minor_Damage_And_Injuries
42.51141553,16,0,84.68550593,0.334504868,77.13,1,23171.54509,3,0.849289067,5396,Minor_Damage_And_Injuries
42.10045662,12,4,69.5077484,0.22848251,78.63,3,47572.05906,1,0.23987657,7643,Significant_Damage_And_Serious_Injuries
28.63013699,20,8,57.61166819,0.351093401,79.21,6,37616.41493,1,0.009870495,2992,Minor_Damage_And_Injuries
49.08675799,14,4,54.92251595,0.385352326,79.75,2,37854.0579,3,0.513039501,7104,Highly_Fatal_And_Damaging
30,19,4,48.72379216,0.691158312,78.72,5,33391.28694,1,0.021252775,6231,Highly_Fatal_And_Damaging
48.17351598,11,2,76.89152233,0.381746123,76.89,2,25019.92995,2,0.336595105,11982,Significant_Damage_And_Serious_Injuries
51.68949772,9,3,71.42206016,0.3226044,79.36,5,64297.65122,2,0.033621042,9510,Significant_Damage_And_Serious_Injuries
36.16438356,11,1,79.35278031,0.41744753,81.21,2,54429.81191,1,0.74690874,9753,Highly_Fatal_And_Damaging
28.53881279,13,5,51.27620784,0.236055536,80.06,4,29133.36152,1,0.052850543,4123,Significant_Damage_And_Fatalities
60.2283105,7,9,79.1704649,0.254086549,80.07,6,32585.48419,2,0.007752006,2266,Significant_Damage_And_Serious_Injuries
19.6803653,16,5,60.80218778,0.395089073,77.65,1,45265.38821,4,1.66486419,6879,Highly_Fatal_And_Damaging
12.96803653,18,0,69.87237922,0.30962207,80.03,1,36428.75407,3,1.325258967,11624,Highly_Fatal_And_Damaging
72.55707763,7,44,64.90428441,0.557007573,81.14,5,38971.58497,3,0.025816321,3005,Minor_Damage_And_Injuries
53.47031963,16,7,34.68550593,0.584054093,80.78,7,11567.07944,3,0.001508715,5684,Significant_Damage_And_Serious_Injuries
28.81278539,16,11,49.86326345,0.696567616,78.18,1,37945.78025,1,1.395491763,2878,Minor_Damage_And_Injuries
46.52968037,11,1,52.59799453,0.396892175,76.96,2,9666.940558,3,0.122122401,8603,Minor_Damage_And_Injuries
69.8630137,8,2,70.46490428,0.272838803,76.4,2,32463.03292,2,0.438778571,3784,Minor_Damage_And_Injuries
74.42922374,6,8,74.33910665,0.339192932,77.5,2,40744.70302,0,0.549198026,4292,Minor_Damage_And_Injuries
28.72146119,13,1,62.53418414,0.371288136,80.53,3,36315.72701,2,0.181249987,4394,Highly_Fatal_And_Damaging
37.94520548,17,5,50.77484047,0.522388027,77.65,5,33391.28694,3,0.022259921,3691,Highly_Fatal_And_Damaging
29.49771689,16,10,76.75478578,0.265987018,82.45,7,28317.53144,3,0.002753495,9370,Significant_Damage_And_Serious_Injuries
36.02739726,14,10,71.42206016,0.324046881,80.36,3,26207.12912,2,0.130772546,7167,Significant_Damage_And_Serious_Injuries
54.65753425,9,1,66.36280766,0.224876307,79.52,7,33599.09027,2,0.002972654,10025,Significant_Damage_And_Serious_Injuries
72.32876712,10,2,63.90154968,0.264183916,78.11,7,38466.93709,4,0.003686858,10468,Significant_Damage_And_Fatalities
70.50228311,11,1,60.71103008,0.314670754,79.32,7,43558.48316,3,0.003835866,6827,Significant_Damage_And_Fatalities
23.65296804,18,15,61.07566089,0.557368193,78.57,6,43209.8141,5,0.010630226,8619,Significant_Damage_And_Serious_Injuries
73.51598174,10,20,57.52051048,0.397252795,83.08,5,33095.91158,2,0.02160247,12,Significant_Damage_And_Fatalities
52.92237443,9,7,62.53418414,0.317916336,77.36,3,27432.99877,3,0.135850462,12417,Significant_Damage_And_Serious_Injuries
31.18721461,12,8,69.09753874,0.460000721,87.86,4,34859.8064,2,0.064052972,3603,Highly_Fatal_And_Damaging
64.65753425,12,17,72.65268915,0.335586729,79.58,7,35719.99207,3,0.003327749,8498,Significant_Damage_And_Fatalities
37.21461187,14,5,65.67912489,0.54005842,76.13,5,30951.30299,2,0.021031661,10035,Significant_Damage_And_Serious_Injuries
79.7260274,8,35,42.06927985,0.60713379,77.64,7,48401.0074,1,0.004900411,7773,Significant_Damage_And_Serious_Injuries
17.57990868,16,2,57.74840474,0.438002885,77.27,1,20061.65775,0,0.74033181,2817,Highly_Fatal_And_Damaging
53.78995434,9,2,63.35460346,0.289427335,82.59,4,15738.4878,3,0.029742008,4957,Highly_Fatal_And_Damaging
34.74885845,14,9,58.75113947,0.445936531,81.02,6,32666.80939,3,0.007872251,3224,Significant_Damage_And_Serious_Injuries
23.78995434,14,9,66.27164995,0.36335449,80.35,4,43635.75469,1,0.08016312,2169,Highly_Fatal_And_Damaging
8.03652968,19,15,67.04649043,0.352175261,80.15,7,36290.23036,3,0.003327749,9064,Highly_Fatal_And_Damaging
53.97260274,12,4,56.79124886,0.544025243,78.46,2,42365.06106,3,0.576201429,10972,Highly_Fatal_And_Damaging
31.09589041,12,25,84.86782133,0.326571223,77.84,1,27087.62336,2,1.007250968,7410,Highly_Fatal_And_Damaging
14.52054795,17,14,54.92251595,0.478392355,76.8,6,19391.6963,2,0.004829661,2790,Highly_Fatal_And_Damaging
68.12785388,5,17,75.34184139,0.325849982,79.03,4,28156.69623,1,0.051566363,9157,Highly_Fatal_And_Damaging
33.24200913,15,5,63.90154968,0.41780815,77.8,6,17572.92548,2,0.004316395,7023,Significant_Damage_And_Serious_Injuries
33.47031963,12,1,65.13217867,0.462885683,79.73,4,44313.05798,3,0.081356855,10228,Highly_Fatal_And_Damaging